reviewId,userName,userImage,content,score,thumbsUpCount,reviewCreatedVersion,at,replyContent,repliedAt,appVersion
16212f8a-a482-4080-bb30-f4a926b5d3c7,Vin14 Official,https://play-lh.googleusercontent.com/a-/ALV-UjXrZyQMll_epRj-DYaaz0sKeSXjjROVlBeOTZ1yjP8PeDDqH1w,membantu mengetahui kualitas udara disetiap harinya. agar bisa prepare apa yg bisa dilakukan untuk mencegah sakit dll,5,0,,2026-05-14 05:12:42,,,
0a19a48d-375c-4ed0-877f-23021fbd93df,Nyoto Sugeng,https://play-lh.googleusercontent.com/a-/ALV-UjXqGv2U3C9CksVN6iEdfItZG_-PL8xzulEUoi5w7cmu4OXDiP4,sangat bermanfaat dan langsung bisa di gunakan untuk menjaga kesehatan,5,0,,2026-05-14 04:47:24,,,
2d46b1a1-8385-4a64-9c44-29413445feda,Rahmat H. Yusuf,https://play-lh.googleusercontent.com/a-/ALV-UjUAB2qZNosJ8vswHs5ci4QLoq7RBvWT0M5x9rcdzy-iBfOckog-,"aplikasi yang bagus, jadi tau kualitas udara kapan bagus untuk olahraga dan sangat membantu. terus tingkatkan fiturnya",5,3,7.2.7-1.1,2026-01-31 02:31:13,,,7.2.7-1.1
49b66612-a471-43c0-be74-f12b1096ef1c,Terapist syaraf Batam,https://play-lh.googleusercontent.com/a-/ALV-UjUtV7dq2UKnyEcA5z3u90YgZk2ILPWlIcog5OMVBvtQhHcMPCE,"Alhamdulillah, sangat membantu untuk memelihara kesehatan saya .",5,3,7.2.4-5.14,2025-10-27 23:49:12,,,7.2.4-5.14
73b67217-fe59-4f87-85e5-e9346c9d23d7,Indra Permana,https://play-lh.googleusercontent.com/a-/ALV-UjWs6dvcIBuTaiFZ_QvelbWsQgK_QgqXJKk2vaedJidvXmLEw7eh,sangat bermanfaat bagi saya orang dangan alergi udara.,5,0,7.2.3-1.1,2025-10-16 02:15:12,,,7.2.3-1.1
f38144ab-7807-4aa6-ac09-ebe123e7475a,Yovita Yuliana,https://play-lh.googleusercontent.com/a-/ALV-UjV2303IWCf-chEV2zKvGbuY2vYkegJmO_OMnqcpRRrfPF5PO_Ce,aku suka alat ini otomatis nyambung ke lokasi dimana kita berada. Cek kualitas udara apalagi bawa anak kecil yg sering batuk pilek wajib install..,5,6,7.2.3-1.1,2025-10-12 05:01:26,,,7.2.3-1.1
e42afc3c-a548-400c-b4eb-b362c9ce8bf2,Cong Li Jan,https://play-lh.googleusercontent.com/a-/ALV-UjVJHlwXAd1QEldDe__RISjeNXoJQJOJNMSFgfl1qR5odU7U4vkj,"Sekarang untuk aktifitas di luar ruang,pakai masker atau tidak menjadi lebih terukur.",5,4,7.2.3-1.1,2025-08-29 14:17:09,,,7.2.3-1.1
65c39633-e92f-4698-98ab-23821569bfad,Eko Sapto M,https://play-lh.googleusercontent.com/a-/ALV-UjVo2l0SzQbU_1C2GPKzwpmFsG0yG43dea59gNo_5Wq_j7o3iKHZrA,Aplikasi pelacak kualitas udara yang bisa real time. Sangat membantu untuk memantau kondisi polusi udara disuatu tempat yang tentunya akan berdampak besar pada kondusif kesehatan manusia,4,3,7.2.3-1.1,2025-08-23 11:19:47,,,7.2.3-1.1
3205e572-64ff-4135-8e87-7f6fd42ac1af,Nouna Lisna,https://play-lh.googleusercontent.com/a-/ALV-UjVD8GCqOEWfMz_3cjQi_H355oINCv1yALxMxW5A0sGzDj9VCw1a,bagus dan sangat membantu dalam. mengetahui kualitas udara.,5,13,7.2.0-7.10,2025-07-14 13:52:07,,,7.2.0-7.10
c874cf96-b67c-40fe-8f8d-a61fdcd8487d,annas ilmianto,https://play-lh.googleusercontent.com/a-/ALV-UjUIL8gKlPYaVld8eEXyP8Plqtpi12buIv_R4AtOUSXZH_MO1KCU,sangat membantu sekali mngukur kondisi udara sekitar...smg smakin banyak sensor yg bisa digunakan sehingga pengukuran lbh mendekati,5,22,7.2.0-7.10,2025-07-06 23:07:48,,,7.2.0-7.10
7d617a5a-bad2-4a81-af69-83ae0a0643f9,Cut Nilz,https://play-lh.googleusercontent.com/a/ACg8ocIsSpsJzrbF-nDUZpLD1H_AwBngL-w-Pb7c-_w0ySe1KqtlEQ=mo,sangat membantu,5,0,7.2.0-7.10,2025-06-29 00:30:32,,,7.2.0-7.10
4dba478d-b3e7-41d2-bde7-d91ac1f61611,Sehat Jaya,https://play-lh.googleusercontent.com/a/ACg8ocI_p93NNoeJrYTsrdfTTnO4mEv8VgnfVYIFAOj7LpC8RmsBUQ=mo,sangat membantu dan informatif👍,5,4,7.1.3-5.5,2025-05-10 06:50:47,,,7.1.3-5.5
5d5cbf7e-60a8-4828-a6a4-e9853cf52fb8,Murti Christina,https://play-lh.googleusercontent.com/a-/ALV-UjVXktcO7I8zePUEI4JAngoigfV5T9KcEMVnvivYQdQnkm7WWecI,"Alat milik Departemen kehutanan sudah tidak beroperasi sejak 21 Feb 2025...di Tangerang Selatan sudah tidak ada alat pengukur kualitas udara lagi....Tapi, kayaknya Tangerang Selatan selalu jadi juara 1 untuk kualitas terburuk di Indonesia !!",4,2,6.9.0-13.14,2025-02-27 01:33:26,,,6.9.0-13.14
e28ddfa7-9756-418f-8057-174dbf457e87,ranti rahmatiah,https://play-lh.googleusercontent.com/a-/ALV-UjWUzMILjlSl2b84LgmrCQ9XWs2s-T0T5EYJFdU6MLJ2DlYqNQ8,Bagus untuk mengetahui kualitas udara,5,0,6.9.0-13.14,2025-01-30 04:58:06,,,6.9.0-13.14
9ff70706-15c5-4828-b932-e2c9d8134c3a,FGWB Tutuhatunewa (Ricky),https://play-lh.googleusercontent.com/a-/ALV-UjVqBzDgbTIgv7u07sQZD6e7xzisUX3xrgQixElAtnDwq5dfC6I2ug,"Bagus sekali, kita bisa mengetahui keadaan dan kebersihan udara di tempat yg akan dikunjungi",5,5,6.9.0-13.14,2025-01-07 00:32:21,,,6.9.0-13.14
fc6fc20f-97ee-4c87-9599-4b22f6f72176,Suanda Sebayang (Suanda),https://play-lh.googleusercontent.com/a-/ALV-UjU1MTOTXQFNn12BF-CS61B03r0F63bouh5vMDGp4tucIbk1Ikg,Aplikasi yang bermanfaat utk monitor udara diluar rumah,5,1,6.9.0-13.14,2024-11-24 02:15:34,,,6.9.0-13.14
aa2ba970-fed1-44ee-87cc-82c228d0ac66,Abdul Malik,https://play-lh.googleusercontent.com/a-/ALV-UjVAWeJZm1hTgZFgU1VwzigLQ8MJ0ilhKlDm8vmIGURGt2fWsPEd1w,Sangat membantu untuk penelitian mengenai polusi dan juga Update setiap hari mengenai kualitas udara sekitar serta kredibel karena berdasarkan data alat pengukur kawasan sekitar yang diintegrasikan dengan app ini 👍👍👍👍.,5,0,6.9.0-13.14,2024-11-15 09:12:45,,,6.9.0-13.14
eb2008d4-fd18-4c07-8853-19fa8d49d17b,Sundjaja Halim,https://play-lh.googleusercontent.com/a/ACg8ocIll1JbJDyJc96amgJipB8xcFWSDDAJ06AO-l-bNqQg990T7A=mo,Bagus dengan ada data arah angin dan kekuatannya dapat diputuskan jendela mana yang dibuka dan kemana kita mengarahkan hembusan agar polutan itu keluar dari tempat yang sedang dibersihkan udaranya.,5,5,6.9.0-13.14,2024-11-14 22:38:49,,,6.9.0-13.14
6291f6d2-d801-4fe9-9a30-857089178131,Deni Arman,https://play-lh.googleusercontent.com/a/ACg8ocLGwdYOIxuLP0rmxmnUyjkQWXFzCXkXNGbwD6yylQVRnYu1QA=mo,Sangat membantu untk kualitas udara d sekitar,5,3,6.9.0-13.14,2024-10-25 10:59:34,,,6.9.0-13.14
9473e6eb-fb49-4b3b-ac31-d6fe45409bf0,divya anggun lestari,https://play-lh.googleusercontent.com/a/ACg8ocIfVzuYMuuB1dH4VQqEmWQ5LTrq1XrKgs2qoTIAReL_gGqNbg=mo,"Bagus, sangat membantu",5,0,,2024-10-17 04:21:24,,,
9712b940-eed6-41fc-b085-11fd6866e838,Eko Wijaya kusuma,https://play-lh.googleusercontent.com/a-/ALV-UjVFHgUln1ZqUKkEpiIiYRi0X822HtvhJDz63i4RbmFBuMqp82U,Mantap sangat membantu,5,0,,2024-10-09 06:19:27,,,
350a13ff-23b4-45e2-b4cc-3f7d8fbb79ab,Sutar Tarno,https://play-lh.googleusercontent.com/a/ACg8ocKpM_aXBUG-QkunMhkkTlnTbXktm9yZ6GqdFkkVbekpgWVVNQ=mo,Sangat membantu,5,0,6.8.1-1.7,2024-09-28 13:27:15,,,6.8.1-1.7
d03c7096-3471-49f9-97ec-0fb590d76823,ronald yoseph,https://play-lh.googleusercontent.com/a/ACg8ocI6ZC7Dv17FpuQNz98dQaKVgWhdVTDkARLi2-l6MdRKgHJtkA=mo,Sangat bantu untuk mengetahui udara ditempat tinggal kita.,5,1,6.8.1-1.7,2024-09-10 11:31:35,,,6.8.1-1.7
381247b3-2a0b-4c4b-9c49-caa2592b19df,Ir. Warsito,https://play-lh.googleusercontent.com/a/ACg8ocK1kJQj45kDodziv4Patr5mKgSzxVp1QrdlpV1AXnvs4eeYWw=mo,Sangat membantu terutama saya yg sdh lansia.,4,1,6.8.1-1.7,2024-09-09 22:01:53,,,6.8.1-1.7
a4162f06-b74b-4d3a-bb1c-ba8d8ddf98e8,Nina Latief,https://play-lh.googleusercontent.com/a/ACg8ocKCX8KBvRafOrmnRWKNtlLTmeNjyESUWiV9u8tAdTZD7yYDlw=mo,Memakai masker bila diluar rumah,5,0,6.8.1-1.7,2024-09-04 22:19:29,,,6.8.1-1.7
c96c7f6a-23e3-4061-9034-3ae9b79e2227,Hafiz Indrawan,https://play-lh.googleusercontent.com/a-/ALV-UjXAfvX8jMIabGLf7uVivIlVmv1XVzo1mmppoaVRDMxBLk_sI7sFaA,Sangat membantu,5,0,6.8.1-1.7,2024-08-26 04:03:28,,,6.8.1-1.7
6dc7f897-dc5d-46cd-9111-8ff065b6be09,andy teguh,https://play-lh.googleusercontent.com/a-/ALV-UjXQnr_UM2tsMVRO-NaqyH48icEG_MZ086kjpHtbTR0wWT5ZnZbMoA,"Lumayan membantu, jadi tau kualitas udara disekeliling kita",5,0,6.8.1-1.7,2024-08-20 01:17:05,,,6.8.1-1.7
9c240529-fe28-4ee9-841a-bffe90a855d2,Nanung Daryanto,https://play-lh.googleusercontent.com/a-/ALV-UjWm97lx5lawp14I7Xl78GEt9BfObAEu4hYutxN-_i7IF0qRA94,Sangat membantu,5,0,6.8.1-1.7,2024-08-04 23:53:20,,,6.8.1-1.7
3a9835c9-bc8c-4086-8873-7e549535ca38,Defriwan defri,https://play-lh.googleusercontent.com/a-/ALV-UjVxzFiOaR2YqCNngDF0Cgz0fQ5656TPoaOuVceqa7l-ejISEl4nfA,Sangat membantu untuk mengetahui kualitas udara disekitar sehingga bisa memitigasi serta melindungi diri terhadap bahayanya.,5,18,6.8.1-1.7,2024-07-30 00:48:11,,,6.8.1-1.7
c2eaeba9-e46b-48e9-aaea-3531ff1f926e,DLH KOTA BINJAI,https://play-lh.googleusercontent.com/a-/ALV-UjWytZhz-4hW1TmOxcVRfYb92P3gw_Ji6tPDLByUEfgUq4epDQwA,aplikasi yang bagus dan sangat membantu,5,0,6.8.1-1.7,2024-07-10 18:15:28,,,6.8.1-1.7
3551d389-0c38-4d1c-a15c-c8389faf61f0,Taufik Benyamin,https://play-lh.googleusercontent.com/a-/ALV-UjWEpVX5InIZNgJpVM7_jvzHBugz3C8jPhA1WIwQ53j7F8W-i_b0TA,Dapat lebih wasapada terhadap kondisi udara di sekitar,5,8,6.8.1-1.7,2024-06-26 00:29:43,,,6.8.1-1.7
4655d523-f6f4-4529-a37d-f383801431b3,fe fa,https://play-lh.googleusercontent.com/a-/ALV-UjVF0ZfmAE6IlICEcyQyM25XFr8fGmr0yKzH7iGloKA5moDyeoY_,Cukup membantu,1,0,6.8.1-1.7,2024-06-20 15:01:30,,,6.8.1-1.7
11335625-8887-4848-8ef6-2a398673e0c2,sinom. priyanti,https://play-lh.googleusercontent.com/a/ACg8ocI8bEdFMAU_bzFCOTxGMY_MlwJs8WnohsL1h4ZuaddwA4YdpQ=mo,Sangat membantu,5,0,,2024-06-03 09:51:46,,,
20136cbd-18f3-49ce-b6ca-dcd4e2fa65be,Mujianto,https://play-lh.googleusercontent.com/a-/ALV-UjVChe-meuxOFHcn1Ofln6zbvP2P8OIfgQlZbqe90Y9k40LBgpk,"Bagus aplikasi nya bisa mendeteksi Kualitas Udara Dengan Baik,Ada Ranking nya juga,Namun. hanya Bisa Mendeteksi Kualitas udara ,Suhu Cuaca Per Kota Saja ,Angin, Untuk Fitue Yang Lain seperti Indeks UV dan sebagainya belum ada No #1",4,14,,2024-05-18 14:05:40,,,
f13bbe2b-85d1-490e-9329-1e15f916e9e5,Ahmad Muzakir,https://play-lh.googleusercontent.com/a/ACg8ocI6e_zU3GRUs4TAYmEwu2xtDWN9b9h5kMAIesSBUR56IG_qQw=mo,Erupsi gunung ruang udara bahaya siapa yang lihat berita di TV erupsi gunung ruang,5,0,6.8.0-4.12,2024-04-27 03:29:22,,,6.8.0-4.12
fdf8a718-061e-455b-a70e-67865949dd84,Mr Agustiawarman,https://play-lh.googleusercontent.com/a/ACg8ocJPbD0SIvmEDa8u8xl53xmygLB4kED8o18_wdZTxQA0CFfybg=mo,Ada perbedaan hasil Monitoring kwalitas udara dari aplikasi AQI MONITOR & WEATHER FORECAST ... mana yg lebih akurat..? Coba di teliti lagi dan ditingkatkan tingkat deteksi aplukasi 9agar lebih akurat lagi..,4,13,6.8.0-4.12,2024-04-05 22:55:19,,,6.8.0-4.12
efae70a0-30d2-4be0-8a2f-4c2f7caa2327,Junsana Asta Darmawan,https://play-lh.googleusercontent.com/a-/ALV-UjV--v0ne2Vo-ajtV7emn5lMtDWXq0lHgcZ51V1fx8hb3Fa-a4ud,Sangat membantu 🙏,5,0,,2024-03-20 15:47:49,,,
426c3f01-7c22-4681-bf4b-320d01621e73,Eko Wijaya,https://play-lh.googleusercontent.com/a-/ALV-UjUbiTvBC153LD4CQ1wUQsE8BLptAh2VqJlAXf7BHp8DArRLvbVO,Mantap aplikasinya selalu dapat update setiap hari udara kotor atau bagus cuaca juga dll intinya jgn lupa selalu pake masker kalau mau sehat,5,6,6.7.0-4.7,2024-03-10 14:54:51,,,6.7.0-4.7
44898674-c46c-43a4-953a-c286ff11fb28,Deva Yudana,https://play-lh.googleusercontent.com/a-/ALV-UjUyy9El511gavRgrKNWFp6G0tFLluaPD9zkjGVCIh4xajeOTkYb,Sayangi paru-paru mu,5,0,6.7.0-4.7,2024-02-16 03:17:48,,,6.7.0-4.7
46b48c58-05bb-4465-989c-a5dca39ddfe5,Devanmayza Mayza,https://play-lh.googleusercontent.com/a/ACg8ocIHNd-A5pOUtC-n5yUUqYowE2J90lEcAZEcwgZaagZcxlgRUA=mo,Sangat membantu,5,0,6.7.0-4.7,2024-01-02 15:13:31,,,6.7.0-4.7
67e3e647-a9df-441f-9a7c-f784c0ab5567,Su Wandi,https://play-lh.googleusercontent.com/a-/ALV-UjXBAfajkK9wn0cT7fu82m3DwqApaLC-jzXgPP2zkK1Z7A5YryQ9,sangat membantu saya,3,0,6.5.1-4.21,2023-11-16 09:31:32,,,6.5.1-4.21
8f201b8e-c7d0-4333-967e-81187ac18c4d,Dicky chay,https://play-lh.googleusercontent.com/a-/ALV-UjVYFQjmUw2-sR6EP3jvi7DGx0leqP2Us_LVYnlS8AAWBpNd1V14,Sangat membantu,5,0,6.5.1-4.21,2023-11-06 10:34:28,,,6.5.1-4.21
9893715e-8036-463d-9035-f16830d642db,Ilham Sugesti,https://play-lh.googleusercontent.com/a-/ALV-UjX6MxYezISnHEAlV0ESfeFgVoiJhEu_ZzKkrkPNMy7FirmpGTzO,Aplikasi terbaik utk melihat kualitas udara,5,0,6.5.1-4.21,2023-10-31 02:23:37,,,6.5.1-4.21
4ed7fc54-b529-48cf-9dc0-4adf88461f44,singgi jinora,https://play-lh.googleusercontent.com/a-/ALV-UjXEW-oMCLL9FvWrIKP4xwAW1tqLF1lvyabkYZEhz04cR8S2ejJk7w,sangat membantu,5,0,6.5.1-4.21,2023-10-31 01:06:58,,,6.5.1-4.21
77858c3e-c3bb-41f7-b184-8ccd04160597,Iwan Arissetyadhi,https://play-lh.googleusercontent.com/a-/ALV-UjUpSz9g9FFY9m8Dc_f402a6yTtC-2rE_Rey1azswzcUxSLC414Peg,Sangat membantu,5,0,6.5.1-4.21,2023-10-26 14:22:26,,,6.5.1-4.21
9e1b4a02-9bd4-4fa2-b7f0-6ee84881e4e0,David Koswara,https://play-lh.googleusercontent.com/a-/ALV-UjXdRX23eo3uZN-XpO1UnFjQMPgH2-wt2MYblhxDUNEx-eDVgggC,Bagus untuk check kualitas udara,5,0,6.5.1-4.21,2023-10-25 10:21:43,,,6.5.1-4.21
b358072d-06f2-4531-8164-0cbc3dad0ba3,Andi Mardiansyah,https://play-lh.googleusercontent.com/a/ACg8ocJ5McaK7-HnUP5M3ZA5F9p7xyGj0aHo_CjWTJtbi3bXV1cPbw=mo,Membantu sekali,5,0,6.5.1-4.16,2023-10-19 06:22:09,,,6.5.1-4.16
51c893cc-3ee1-40f4-b2fd-4ffff9808233,Putri Handayani,https://play-lh.googleusercontent.com/a-/ALV-UjU5v_EhPs2hKrFGGQPsoYVoB2s2h2-95eM9cAbHiemVSF32k9B8,Membantu dalam memantau keadaan bumi yg sedang tidak baik2 saja,5,0,6.5.1-4.16,2023-10-19 01:46:43,,,6.5.1-4.16
878b2607-1745-41e8-88d4-70e644ec28f1,"Hidayat, S. Sos",https://play-lh.googleusercontent.com/a-/ALV-UjVg1JQMIoP6aSLTqRjpeihzPaAxGdRchCdwF2zFo8P0Z1W5Ck0G,Aplikasi ini sangat membantu sekali karena kegunaannya banyak sekali keren lah.,5,0,6.5.1-4.16,2023-10-14 12:25:39,,,6.5.1-4.16
95ad0563-669c-4be3-930e-62cb76621c08,Manuel Joestin Fidorancio,https://play-lh.googleusercontent.com/a-/ALV-UjXhyFyd21q2jfZpstBKeFRTH25ATabxK5t8DwcLkYcpx_mihes,"Aplikasi ini sangat membantu saya,karena aplikasi ini memberi tau kita bagaimana situasi di sekitar kita dan bagaimana cuaca hari ini",5,0,6.5.1-4.16,2023-10-08 09:09:38,,,6.5.1-4.16
c2e35513-52d3-4866-a3a2-501a7860081c,Dhika Ade Saputra,https://play-lh.googleusercontent.com/a-/ALV-UjXXSnDF9WXrtPslHJQnX1HsG3LZkEa6ngjNivMSpYpa5y9UgcI,"App nya udh bagus, terus juga bisa kita perkirakan berarti udaranya semakin bagus atau semakin buruk, aku kasih bintang 4 deh, namun perlu ditingkatkan lagi, soalnya pas kita menentukan peta nya, bakalan ke peta sebelumnya.",4,3,,2023-10-07 22:56:02,,,
5e1b9251-dcb9-42b9-9bf8-acd1f7f8db71,nor rujalinor,https://play-lh.googleusercontent.com/a/ACg8ocI8cOuiEEkJSnsVXYFj4mBfOThOU7OvVn9KVK9Z3tYZw5Xnlw=mo,Sangat membantu,5,0,6.5.1-4.16,2023-10-06 23:56:55,,,6.5.1-4.16
e3a7fe64-1fe6-47bb-a521-bd72e872b450,Aktivitas Dang El,https://play-lh.googleusercontent.com/a/ACg8ocKZpnYvGiKtzQoBrmP0NkzeoWlYxr8XCUo7z9rRTNfw5YUvBQ=mo,Cukup untuk mengetahui kualitas udara kota meskipun belum per kecamatan.,1,1,6.5.1-4.16,2023-10-06 03:43:48,,,6.5.1-4.16
4ec011dd-ea2b-4f03-b2e6-4237f57a7450,SIJI Sings,https://play-lh.googleusercontent.com/a-/ALV-UjWUV54BxqH8NTBxRMfiyrsRXS-T23s-B8ArPdA4s7NWK6D-b-Gv,"Pemilihan peta tidak bekerja, saat kita menentukan kota, dia akan kembali ke peta sebelumnya. Ini sangat menyebalkan ketika ingin mengetahui kualitas udara di kota sekitar",2,13,6.5.1-4.16,2023-10-05 05:16:45,,,6.5.1-4.16
12e109c8-a77e-4fa6-98f5-0079431ff588,roh muhtar,https://play-lh.googleusercontent.com/a/ACg8ocKKDbrjBf_v0qJ1OFzWwFk7gVWe-wJq0s5Z5s5EVzHJA3O25g=mo,Sangat membantu untuk memantau mengetahui kadar pencemaran udara,5,0,6.5.1-4.16,2023-10-05 00:05:37,,,6.5.1-4.16
26d2f1d2-9399-49c3-93cd-39da557c663b,Khufu Menes,https://play-lh.googleusercontent.com/a-/ALV-UjVaP5i7h0czcRtNaSTTokFZmSH7g14_OR2AzJ6Ll0ZCUOoTbAQu,Sebelum keluar dari rumah...saya selalu mengaktifkan aplikasi ini untuk memantau polusi udara di Jakarta,5,0,6.5.1-4.16,2023-10-04 13:21:28,,,6.5.1-4.16
4678ded9-d429-44b0-8445-090e27fe03f4,eka wulan,https://play-lh.googleusercontent.com/a-/ALV-UjURpP8zVMcJBaPEPASVW_8SkLWZHNgZwCSxlruijjVHLMC5p4s-,Sangat membantu..,5,0,6.5.1-4.16,2023-10-02 17:46:41,,,6.5.1-4.16
4260928b-14e9-4057-8372-693fb185902e,Muhamad akbar,https://play-lh.googleusercontent.com/a-/ALV-UjXWFBFT9R2we5NHD-0liNVbFwLZJ0BjRVdDlYWgAqMwFnqVyRF6eA,Sangat membantu terutama untuk daerah kami Palembang,5,0,6.5.1-4.16,2023-10-02 11:30:58,,,6.5.1-4.16
5b9b371c-5ce2-4ae0-8d66-4a77351de98d,Ferry yulianto,https://play-lh.googleusercontent.com/a/ACg8ocI_oFpcegy_C5Wvb0st39wtoSLnO0GTwsvLiYTTz7WiXAAiaw=mo,Cakep Dan Sangat Membantu,5,0,6.5.1-4.16,2023-09-30 18:12:24,,,6.5.1-4.16
7efed558-8332-4909-af60-193f082ced73,david yap,https://play-lh.googleusercontent.com/a-/ALV-UjV_eu7JfN8uhisaBYkQGIUtK9nlf46Jc4ZoB_LJqRlVjT_LyGLTaA,Sangat membantu mencari tempat dengan udara yang baik,5,0,6.5.1-4.16,2023-09-30 13:43:40,,,6.5.1-4.16
7fb4ef1e-eae0-45ce-8643-62a4478e0f70,Antang Legend,https://play-lh.googleusercontent.com/a-/ALV-UjX8yWqullmicydWz3BFqccynygANIP-yPbrWmo7npi1PlrhUKdG,Lumayan membantu,5,0,6.5.1-4.16,2023-09-30 00:45:26,,,6.5.1-4.16
523f2a55-15be-4864-8662-a660d45f3349,Hans Ditya,https://play-lh.googleusercontent.com/a-/ALV-UjX0USa6obV3voi7Xm9R7ltiMsRbzUydONWvbKIFT7mpv0LPLmpw,Sangat membantu,5,1,6.5.1-4.16,2023-09-29 05:00:00,,,6.5.1-4.16
84fb500f-82d1-4093-a06a-184aab6c1a9f,wulandani wenny,https://play-lh.googleusercontent.com/a/ACg8ocKry-savtyQ2YWM2WHOdzsRKvEw1vgJvwRL9k08UCLDpb3J-g=mo,Membantu untuk rencana kegaiatan aktivitaa,5,0,6.5.1-4.16,2023-09-28 22:58:56,,,6.5.1-4.16
145bd18d-a507-4ce2-8b6b-82f38f6e0a37,Zaena Asheeqa,https://play-lh.googleusercontent.com/a/ACg8ocJ4yArPZYchXQX4ps3pRn4FG2yb_utLzN448usZLGQuJ9RyLA=mo,Sangat membantu.. baguss bangett,5,0,6.5.1-4.16,2023-09-24 03:40:33,,,6.5.1-4.16
65c0698f-dd49-4f51-9dbc-3c8b725e16b7,Arif Dharmawan,https://play-lh.googleusercontent.com/a-/ALV-UjXOsCFsTE9peY4j6dOiOO4m3RnbqC7SFaRAKRrqv3qNCTS32RzR8A,"Aplikasi bagus dan informatif, sangat bermanfaat khususnya sedang tren polusi udara diJKT",5,4,6.5.1-4.16,2023-09-21 11:17:13,,,6.5.1-4.16
b80c72e9-5a0f-4166-84ef-3cb530b82930,Teguh Ramadhan,https://play-lh.googleusercontent.com/a/ACg8ocKQVGcqwzgW_4jracof8y08uYzMJXyJJ-5zbId9ZJyJYfm3gQ=mo,Mengetahui informasi yang bagus buat kesehatan,5,0,,2023-09-21 05:08:16,,,
98c259c3-0e6e-4bf2-ba0c-12291147e51b,Najla Irhamsyah,https://play-lh.googleusercontent.com/a-/ALV-UjWBVTaArv189SRSgfAKcUx96W2JD-IIAfIw8QG5NbxVHBPuqX8,Sangat membantu sekali apk ini karna kita bisa melihat keadaan kondisi polusi udara di negara kita sendiri terimakasih telah menciptakan apk ini 🙏🏻,5,3,6.5.1-4.16,2023-09-19 13:47:59,,,6.5.1-4.16
6c61be11-e049-4661-9b5a-463f91a18446,tedjo widjajanto,https://play-lh.googleusercontent.com/a/ACg8ocKbri76OCO4Y7y-FNFCsEZ-1NtHFNP6DXzw9TMTcU73ayL_jhQ=mo,Sangat membantu,5,0,6.5.1-4.16,2023-09-18 23:43:48,,,6.5.1-4.16
ca2da78d-b71c-4670-b845-f7731d8fb3a6,Axel Emeraldi,https://play-lh.googleusercontent.com/a-/ALV-UjXByjC7CemkFDjM9ggEhJBwWh0HCUKIhj_CgnNXrz1IO9tLwhx4,Aplikasi ini membantu saya karena bisa melihat kualitas udara di daerah lain,5,1,6.5.1-4.16,2023-09-18 06:35:29,,,6.5.1-4.16
503f09f6-1f89-4e55-97f4-10de09b73734,febee Ryan,https://play-lh.googleusercontent.com/a-/ALV-UjW1jdInPxSnL5RC7pb9sYbDmZDij614cfh4Vlu5dYNCQk7i2XWv,Lumayan membantu,5,0,6.5.1-4.16,2023-09-18 01:37:29,,,6.5.1-4.16
c7a7b0eb-b332-4435-ba94-0641cd69c6dc,haris alfiandi,https://play-lh.googleusercontent.com/a/ACg8ocIjb2KoARH8A3390a3zH_7s2YVCYa5SGmHzf8dSDYMzY1l5Mw=mo,Aplikasi ini sangat membantu saya dalam beraktifitas,5,0,,2023-09-17 22:54:34,,,
01af26c7-e789-4459-8461-ff489a4583e4,Siti Ami,https://play-lh.googleusercontent.com/a/ACg8ocJoPHNoUh2uB_yABL9cnTkIk60gbG3-38wN7D3_D9R4ZJ5Alg=mo,Daerah khusus ibukota Jakarta,5,0,,2023-09-16 09:10:11,,,
c66577a6-6295-4bd7-9abf-95cbbe5596ad,Bunda Galih Gilang,https://play-lh.googleusercontent.com/a-/ALV-UjWt89nWYNqq0auOWdm5qIPG3e2lz1FuCRf7BNYoTqAiSLBRbJst,Sangat membantu sekali,5,0,6.5.1-4.16,2023-09-15 11:36:37,,,6.5.1-4.16
5de55345-358f-4dd3-b8f1-53c2eee04faf,Suradi MW,https://play-lh.googleusercontent.com/a/ACg8ocKzIK6t20PfOsXS5lWd0HkOPpb0h_dJhh09RkqqFpORvWh24A=mo,Sangat membantu terutama yg ganhhuan nafas,5,0,6.5.1-4.16,2023-09-13 00:16:26,,,6.5.1-4.16
b5efc940-e526-4328-b39a-0442cca220ac,Hati Supti,https://play-lh.googleusercontent.com/a/ACg8ocLzbjMXpewC-YeBn2CRaxlLwGS6sgAYz9Gi6osuy8isEGR45g=mo,Sangat membantu,5,0,6.5.1-4.16,2023-09-12 20:06:07,,,6.5.1-4.16
b12f595a-a546-41d8-a266-48febb327bb9,Michell Stefany Hidayat,https://play-lh.googleusercontent.com/a-/ALV-UjWBIK6Z8MnbOqJaV7TqdJDlF-mbz8Xen4KahE8OkVe1U--NCBosog,Aplikasi sangat bagus untuk memantau kualitas udara ❤️,5,0,6.5.1-4.16,2023-09-12 09:44:10,,,6.5.1-4.16
48506511-5a46-4718-b204-775c368ee8cd,Moch Rizky Saputra,https://play-lh.googleusercontent.com/a-/ALV-UjWwTZcqiWzIdmlGoC0lvsqu_7t15pZA25MiOV0IeUXI6obt9br0jA,Sangat membantu,5,0,6.5.1-4.16,2023-09-12 05:08:38,,,6.5.1-4.16
584c4717-17ba-4453-8a78-0ef71c02503e,renald cris,https://play-lh.googleusercontent.com/a-/ALV-UjXdd0sjsXeGvp8lQ3CVtVBmNB04qWFcM-vjXcvfrpFdILvkrVYMzw,sangat membantu,5,0,6.5.1-4.16,2023-09-12 00:16:51,,,6.5.1-4.16
87962c98-2595-4b82-8293-44cec1a60f21,Rahmansyah AM,https://play-lh.googleusercontent.com/a-/ALV-UjUzSs8UP47ns0H6vc36BIL83HhkgXW1evs2XsqDszaN8DP9tWKP,sangat berguna sekali eaaaaaa untuk memantau kualitas udara yg buruk dan pinjam dulu seratus,5,0,6.5.1-4.16,2023-09-08 18:02:33,,,6.5.1-4.16
fb43a7cf-dba4-4154-b8f0-ba1d85d532f4,aldjus wirahman,https://play-lh.googleusercontent.com/a-/ALV-UjUCa1Bs0qD8QLZDl9afZuwKKbm6Bxj3qAqg5Hp6L1KaRuapMpgp,Dengan IQ Air saya bisa kualitas udara sedang baik atau buruk. Bravo IQ Air.👍,4,0,6.5.1-4.16,2023-09-08 06:48:46,,,6.5.1-4.16
86dc1f68-6ca1-4254-af8e-cb2a340560c6,Chinta Priskila,https://play-lh.googleusercontent.com/a-/ALV-UjWKlS5Sacber9SPrnTHrYwuyuIYHvfYBXPlunJc1md8yPqQnyc,Aplikasi yang sangat membantu kita mengetahui kondisi udara disekitar kita. Love the apps❤️,5,0,,2023-09-08 03:09:35,,,
49ffe3a6-6c84-4539-9254-b910277e53ec,Salwa annastasya M Yayah,https://play-lh.googleusercontent.com/a/ACg8ocJm3kqekuufxZvCMI70VLj9NA26Af19uss5CpCHim9D-sNXtQ=mo,Polusi udara yg sangat buruk,5,0,6.5.1-4.16,2023-09-07 19:38:24,,,6.5.1-4.16
d262d227-4dfc-4a59-9a34-e85b35704f63,Danang Aradian,https://play-lh.googleusercontent.com/a-/ALV-UjWaKSNiHyhiK7lU4u1V0L1lqQ2RmikVhMBBhGx3V8JzaUTCyRVA,Membantu,5,0,6.5.1-4.16,2023-09-07 14:17:41,,,6.5.1-4.16
1c95dcc3-29b3-45b9-97f9-a1180dc53862,Amelka Zefanya,https://play-lh.googleusercontent.com/a-/ALV-UjWBNQX5dEVixU6BE_6i82jGBfAMhk5K4uhxLd9r3YsmmRjQsvmqbQ,Saya senang bisa melihat polusi Karena aplikasi ini bagus dan untuk waspada percermaran udara,5,0,6.5.1-4.16,2023-09-07 01:01:16,,,6.5.1-4.16
0db60413-b20f-4673-af54-35e24cb7f615,Siti Rochmah,https://play-lh.googleusercontent.com/a/ACg8ocJXV21ui6vbsk3pnVoCj0Tmck18tB-LDsrqU65pNbLYWswu5Q=mo,Sangat membantu untuk memantau kondisi kesehatan udara.,5,0,6.5.1-4.16,2023-09-06 13:26:11,,,6.5.1-4.16
895a73ef-503a-404d-bd59-aa2ee67e9b40,Adan Muhammad Rifki F,https://play-lh.googleusercontent.com/a-/ALV-UjUMZ6ZmiwQDF32zcF_1mSitLuLFqmIk5jKIstXQozEAj-EEOLNW,Sangat membantu,5,0,6.5.1-4.16,2023-09-06 11:17:34,,,6.5.1-4.16
cd5b1c05-3967-49ed-8750-33198f773753,heru Sudibyo,https://play-lh.googleusercontent.com/a/ACg8ocKRhQEnzSJGVuVYy2naSKxX3B9fwzNSajwpISYIKDQsNXL9Yw=mo,App sangat membantu,5,0,6.5.1-4.16,2023-09-06 09:40:27,,,6.5.1-4.16
8d3a5e08-4b1e-4dc9-b249-899ad1310e5a,Aldisar Maulana_023,https://play-lh.googleusercontent.com/a-/ALV-UjUeMMwMZL_Sr6WNhtRCqLqwGQL8FEPs_XvBYhbhHzL_DCLxt_sk,Aplikasinya bagus dan Bermanfaat Saya Bisa Tau Kualitas Udara di Tangerang,5,0,,2023-09-06 05:29:57,,,
c14500e8-33b7-4bd1-b0f8-bfe5d137a086,Dwi Aprilia Kurnia Sari,https://play-lh.googleusercontent.com/a-/ALV-UjX5OP5tmI6dkdBkXdsy5FSQzhZ7sxCo4zDOvTK3jnwf8efazSMQ0A,Membantu banget untuk saat ini,5,0,6.5.1-4.16,2023-09-06 01:27:49,,,6.5.1-4.16
f72af7a3-6bd8-4ed0-bf25-dab4174a3dfa,Boy Herry,https://play-lh.googleusercontent.com/a-/ALV-UjV7zsKqfrsTZcOwgpcv_Vlb5sQTegedKotTfB0Qzu1KJthPT56uFQ,sangat membantu untuk mengetahui kualitas udara,5,0,6.5.1-4.16,2023-09-06 00:07:02,,,6.5.1-4.16
c056ce67-8386-4935-9a40-f60a8a88fab0,Iki Aja,https://play-lh.googleusercontent.com/a-/ALV-UjXhxMtx0goY3zDf8aGFo0vkjWDWJKxgo4HZy8Gw8Xwwar-tmJw3,bagus di bisa tau kondisi kualits udarah di rumah dan outdoor,5,0,6.5.1-4.16,2023-09-05 13:21:33,,,6.5.1-4.16
b5890623-3e83-4aa6-93c2-a3493a172308,supermarket alat fitness,https://play-lh.googleusercontent.com/a-/ALV-UjWl0Uv2Gjtt5T-_eruDn6NNCYCplQSj52nbzzfd0qnYCMpKLX4-,Sangat membantu,5,0,6.5.1-4.16,2023-09-05 10:58:28,,,6.5.1-4.16
5c96ceb4-ba43-47ca-84e8-1ad44d62cff8,Nathh 333,https://play-lh.googleusercontent.com/a/ACg8ocJQ8SrbaChUFIIaV6BTogQeE4nsYGAi-QzvasyZ8euKM0bYI_KO=mo,Sangat membantu,5,0,6.5.1-4.16,2023-09-04 06:59:30,,,6.5.1-4.16
bec32096-ea44-45e4-8a30-f066fb55716d,novi ekasetianingsih,https://play-lh.googleusercontent.com/a-/ALV-UjXboP8eYeFNPutn82FMcxcrhifBvfJdEbiUJZKxrs8fD8vctG70,Sangat membantu sekali dalam mau kondisi dimana jdi bisa cek aman ga lingungan apalagi pas sam anak bepergian.,5,2,6.5.1-4.16,2023-09-04 03:21:04,,,6.5.1-4.16
210ef747-a1b3-4505-8f06-537f7e56ff65,Rani Alaiddin,https://play-lh.googleusercontent.com/a/ACg8ocJ5pkRmF-8svYCgky1c3eU3tK37j-J-Tyz6sHZEChCJ0iVsCA=mo,Sangat membantu,5,0,6.5.1-4.16,2023-09-04 03:08:11,,,6.5.1-4.16
fb0e88fe-1f0c-41ac-9ec7-125a039d821a,Anung Dyatmiko Bowolaksono,https://play-lh.googleusercontent.com/a/ACg8ocJ7exuYfNcpFjqdXjzJyMENigxjs-kqdYNgEMId-Edrg0PlbGod=mo,Membantu untuk meninjau index kualitas udara di suatu daerah sehingga sebelum pergi ke daerah yang k8ta tuju kita sudah dapat mengetahui terlebih dahulu apa dan bagaimana yang harus kita persiapkan sebelum ketempat tujuan terkait kualitas udara dilokasi yang kita tuju,5,0,6.5.1-4.16,2023-09-03 17:03:19,,,6.5.1-4.16
1b489f85-2991-49e7-9402-c2e3901ad618,Globalindo Machine,https://play-lh.googleusercontent.com/a-/ALV-UjUuZreIew_fyv93zVmC6XxvS8JamDjQ5p5esgWn8ckmzx7uhi0,"Sangat membantu,kapan pakai master.",5,0,,2023-09-03 04:47:25,,,
0aa13354-acb0-42b3-86e2-0dfdff150c52,Iskandar Rachmansyah,https://play-lh.googleusercontent.com/a-/ALV-UjVwBUIT3j4vjmDYA-R_3EmYxGclDeaRMtPm42-dPWCiCKp139kwgw,Sangat membantu untuk menjaga kesehatan terutama terserang Ispa,4,0,6.5.1-4.16,2023-09-03 00:15:08,,,6.5.1-4.16
b981c16a-3a55-4b57-8d1c-893ace0d270e,Muhammad Satya Prima,https://play-lh.googleusercontent.com/a-/ALV-UjW2ebJwud5yiZ_7xnMrpP9lGEhvlOhc3osRSxATOtMNayaAtrWV,Karena kabut asap nongol. download lagi,5,0,,2023-09-02 19:12:10,,,
854a08fd-ebea-4b49-b679-c9d9584f5d6f,Rangga Pranata,https://play-lh.googleusercontent.com/a-/ALV-UjV1Uj5-J1ZdqswDOmmnipgR4LIXZoAPgET-d7WmQKAPiqNw6l17,"Dengan situasi polusi yang tidak menentu, aplikasi ini sangat membantu pengguna untuk mengetauhi polusi di daerahnya",5,5,6.5.1-4.16,2023-09-02 11:07:48,,,6.5.1-4.16
57f59cbf-33c7-43ce-99be-e32acf86183b,Harini Nurdiana,https://play-lh.googleusercontent.com/a/ACg8ocKNlZgKpJYnzS1jj67Z8xMM5Z-dc27QJSZgoGV3dq07BZ9tLA=mo,Memberikan info kualitas udara yang kita hirup skg,5,0,6.5.1-4.16,2023-09-02 00:23:56,,,6.5.1-4.16
9ec55161-a1c6-4c81-b29f-bb10c00f17c3,Chandra Apache,https://play-lh.googleusercontent.com/a-/ALV-UjVkjABSf0L6THE1wVHUZP1f1Pf5aR_fWCRQd4veBWXPuek5mPQ,Membantu sekali,5,0,6.5.1-4.16,2023-09-01 14:47:57,,,6.5.1-4.16
d911a35b-3394-405f-a257-12f1dadd6ae1,Martinus Budiharto,https://play-lh.googleusercontent.com/a-/ALV-UjWXR0BJZVuiSP7F7tQarTcphFQFzx9u7D4xacy-2I9JpHqc2P_x,Sangat membantu untun lebih peduli terhadap lingkungan,5,0,,2023-09-01 05:29:08,,,
11835c20-1593-4c8a-8859-af67befe8e16,Joko prasetyo,https://play-lh.googleusercontent.com/a-/ALV-UjVTYMZvbM2Ruv5VK-NOuTLxHAM2OiiIbLHHqih37dhSkVi_o6m4,Terima kasih atas informasinya kesehatan buat keluarga,4,0,6.5.0-10.7,2023-08-31 06:34:19,,,6.5.0-10.7
674ed052-b1d4-41a8-ad72-9268098e1260,Lintang gamer,https://play-lh.googleusercontent.com/a-/ALV-UjVVhNsiPo8bNUAOfgQ3X7Mio8-WY8PL8XIC1m99SCX-Lmn7xv6irA,Membantu akan tmpat bhya polusi,5,0,6.5.1-4.16,2023-08-31 03:54:01,,,6.5.1-4.16
f1e6b76e-6539-41d2-a10a-48b76301845e,Al Ikhlas Genuk Indah,https://play-lh.googleusercontent.com/a/ACg8ocJ4EA_gp7fgBrUHiubqPNB-1Pn9OmZFRAb66zxnBPqycu6P=mo,"Bagus, sangat membantu",5,0,6.5.0-10.7,2023-08-31 00:36:14,,,6.5.0-10.7
9fba7a43-12aa-4c1d-b05d-c281cd13709a,Selvia A.I.L,https://play-lh.googleusercontent.com/a-/ALV-UjUDllat1I61SYPgdnarSBtrehtvLHulaIZxTIA900ftobAKrBIC,"Sangat mudah penggunaannya, dan sangat membantu",5,0,6.5.1-4.16,2023-08-31 00:17:35,,,6.5.1-4.16
b252bbf6-d280-4e18-9d5f-373f265a2a8e,Arnie Franck,https://play-lh.googleusercontent.com/a-/ALV-UjXjEJNITDhSAiJqq-p758Rsw_2WCyIg1ojr_4SeN6klPeBvDILT,Membantu utk memutuskan pake masker ato ngga..,5,0,6.5.1-4.16,2023-08-30 23:51:45,,,6.5.1-4.16
dd6c635d-3889-4b03-a3d9-b3c3da9f6f59,mila zhely,https://play-lh.googleusercontent.com/a-/ALV-UjWmuHHrRuvdASGJYPy3eMZROJIpitdpndJ8zzLQcVEewsr-wNs,Aplikasi yang sangat membantu cek kualitas udara sehari-hari 👍👍,5,0,6.5.1-4.15,2023-08-30 14:08:31,,,6.5.1-4.15
2ea68eb8-34d1-4bc3-93a2-2e19cb0fc635,Dyaningrum Dy,https://play-lh.googleusercontent.com/a-/ALV-UjWDqtjqdE5-GlpXtD44_wsmlxg9pqYbAqSeeGDLC1h92G5MtNUu4Q,"Simpel,mudah, ok banget membantu",5,0,6.5.0-10.7,2023-08-30 06:08:13,,,6.5.0-10.7
12128673-33d4-4210-80e8-1781744b4dcf,Josep Risaldi,https://play-lh.googleusercontent.com/a-/ALV-UjWst19rNRzTHb3iim2atu76cW5lZV58o596IcVg757NGDl3N3pdJA,"Bagus, memudahkan monitoring kualitas udara",5,0,6.5.0-10.7,2023-08-30 04:26:44,,,6.5.0-10.7
4240e4eb-739e-422b-8074-2fa5d791d777,Agung Widodo,https://play-lh.googleusercontent.com/a-/ALV-UjULEHVpIIyX1q5ZibncYOmBLjC0MhOttpF4545c8EnScuono5Rs,memberikan informasi terhadap polusi udara di daerah sekitar,5,0,6.5.0-10.7,2023-08-30 01:34:47,,,6.5.0-10.7
c052acbd-e5d5-4049-88da-4dff563ff3f4,Pengamat Negri,https://play-lh.googleusercontent.com/a/ACg8ocKMzEGoXew0Uf04xtZP9qHiHOWPx6JMk4gE4jtOusM7hBONtA=mo,Tolong tambahkan di beranda kondisi udara seluruh kota di indonesia,5,0,6.5.0-10.7,2023-08-29 23:21:49,,,6.5.0-10.7
15e28cfd-7aa2-4194-aa46-028b4e1d05ae,diah ali yanti,https://play-lh.googleusercontent.com/a/ACg8ocJDBaeqCtxYdorvZOCK7Sk_SKMP7BulzNGOMaFnb1X8Ne2tdg=mo,Aplikasi nya bagus sangat membantu ksih info keadaan udara jari ini 👍👍👍,5,0,6.5.0-10.7,2023-08-29 07:20:04,,,6.5.0-10.7
26d49a7b-0c04-42fc-8edb-2e8bf4654400,Ridwan Luwia,https://play-lh.googleusercontent.com/a-/ALV-UjXjpdrj-pPwEz1N0N_gQk8Lvq31BLtkZ5B3nHfIW_1IFff6UJxu,Sangat bermanfaat mengetahui kondisi udara di luar ruangan,5,0,6.5.0-10.7,2023-08-29 05:00:48,,,6.5.0-10.7
85277862-6b49-4c71-be03-88df8dcba9d2,Aloysius Elias,https://play-lh.googleusercontent.com/a/ACg8ocI6DatIAsW6_aF_ua1RdsKqXSBnWZbAChZEUwMZUkLGFWRJqKI=mo,"Bagus... jadi kita bisa tahu kondisi polusi di daerah rumah saya, atau di manapun saya berada.",5,0,6.5.0-10.7,2023-08-29 00:53:38,,,6.5.0-10.7
52dc6363-42ff-4fde-b5a9-37eae0a75951,Ng Yam Hai,https://play-lh.googleusercontent.com/a/ACg8ocJSAqLObOsOrSXsvhyHs_C91ykmFle8f3BbH_msBhMuc598FQ=mo,Ok. Utk memantau kualitas udara dimana kita berada.,4,0,6.5.0-10.7,2023-08-29 00:39:16,,,6.5.0-10.7
36a28042-ef40-48b0-9aff-d64f640bce41,Cynthia Santosa,https://play-lh.googleusercontent.com/a/ACg8ocJg0nzVURQTyUUAuS9lKBUE4Omtpl0rZ3xKR_ti6Tibls0O9w=mo,"Membantu sekali apakah di saat kt hendak keluar rumah di luar sdg tinggi"" -nya polusi",5,0,6.5.0-10.7,2023-08-28 22:46:42,,,6.5.0-10.7
819235c5-eb57-4545-90a2-655a0c1928c4,Whb Drt,https://play-lh.googleusercontent.com/a/ACg8ocJ1WTBA-62tFZq03tuNjmm5s72q3q44U7sSnqC0Wt72TfIClg=mo,Sangat membantu,5,0,6.5.1-4.16,2023-08-28 15:14:36,,,6.5.1-4.16
9df78feb-e662-465e-ae33-ce91c0d2f95b,frangky andreas,https://play-lh.googleusercontent.com/a/ACg8ocKpsaZDXtVRiTjDUKajNlKwiMhH0LZAW98_xZsDtm97kEIzig=mo,Sangat membantu kita untuk bepergian..,5,0,6.5.0-10.7,2023-08-28 05:53:59,,,6.5.0-10.7
75231fbf-3de6-4ed7-a95b-e3d479655211,Rinrin Warisni,https://play-lh.googleusercontent.com/a-/ALV-UjWwOdaWALcsdwTOI4EpyTiFrZMGm_WK4AQ2_Z9clKJ1PJ263KwdZQ,Membantu sekali,5,0,6.5.0-10.7,2023-08-28 02:30:42,,,6.5.0-10.7
932f1549-414f-4e0b-ab14-c194156d83e5,Thamrin Hakim,https://play-lh.googleusercontent.com/a/ACg8ocLvzRRYrqFDhiIiT94E5ZydYGCcKrYdIWvir2nw36Kr3J0i_0A=mo,Sangat membantu utk mengetahui tingkat polusi udara,4,1,6.5.1-4.16,2023-08-28 00:25:32,,,6.5.1-4.16
f8595f09-d4f5-4372-b389-82527b91926c,gombong 38,https://play-lh.googleusercontent.com/a-/ALV-UjUMB44qjOsbYAxAKtk5J_3e-CbfQZZ1u_KmHs3ZzD0_HcHloGjZhA,Membantu mengetahui kadar polusi udara di lingkungan,5,0,6.5.0-10.7,2023-08-27 22:28:49,,,6.5.0-10.7
ad3b9267-b4ca-4764-be25-658518f21b98,Ronnie Harsono,https://play-lh.googleusercontent.com/a-/ALV-UjV-p2BRpphRunhuP3GlTeD-rLoagwIjY-NECSe4mgULamkVY3re5g,Ada yg free kah agar masyarakat bisa mengakses kwalitas udara nya,5,0,6.5.0-10.7,2023-08-27 17:04:45,,,6.5.0-10.7
8c415b8a-b22c-4cc1-bfeb-3a870cbc2683,Ultibee,https://play-lh.googleusercontent.com/a-/ALV-UjVbXYi71CZJdhZyDp6XYMhwss0FESWnn6pvLXFqxZ-b8NDDY9N_,Indexnya sangat membantu untuk mengetahui kondisi udara. Saran untuk peta diperbagus dan lokasi diperbanyak,4,2,6.5.0-10.7,2023-08-27 11:42:22,,,6.5.0-10.7
7f6551db-2323-4848-96ad-5f40ec10ec2f,Lukas Gunawan,https://play-lh.googleusercontent.com/a/ACg8ocK8FDEXWvKa-DELBdCpeYn35uMTxOIR1eRCycvlv6hmPpEbl-Y=mo,Sangat membantu,5,0,6.5.0-10.7,2023-08-27 08:36:54,,,6.5.0-10.7
c35a1ade-c35b-4209-acbc-c9758fea4c15,Suy Ono,https://play-lh.googleusercontent.com/a-/ALV-UjUCElgEr3zv0tdf_-P1_V1eoCKpeXduA0EEO_Aq5IWWJ0EtK0j-,Sangat mwmbantu untuk mengetahui kebersihn udara di lokasi kota2.siip,5,0,6.5.0-10.7,2023-08-27 00:50:15,,,6.5.0-10.7
46a41b7e-08c6-46a0-a59b-052654936455,ADE MULYADI,https://play-lh.googleusercontent.com/a-/ALV-UjX3KWkJGkFQlUefw5IyLl6qKz9b07hmxoMtKLpuDZX2nX_Ttz2ELQ,"aplikasi yg bagus, sy jadi tahu perkembangan polusi",5,0,6.5.1-4.16,2023-08-27 00:25:03,,,6.5.1-4.16
438b6e0c-f827-4edc-b4fc-1f40893c6ebd,Yulia,https://play-lh.googleusercontent.com/a-/ALV-UjUPTrgizCMcwPoMVAMA9wQ0T1TfkO3Ct0YcRfiA6mWTLliXKrsmsw,Sangat bagus untuk mengetahui kualitas udara yang ad di sekitar,5,0,6.5.0-10.7,2023-08-26 22:52:45,,,6.5.0-10.7
a06cf8a2-9924-4ee1-ac22-2bdb7d010627,Sutarto Hadi,https://play-lh.googleusercontent.com/a-/ALV-UjUen4rOp4la5it5m3_U25OQwPDicKwdHNZejispAa0wGfg4uojnZw,Sangat membantu untuk mengetahui kualitas udara untuk menjaga kesehatan,5,0,6.5.0-10.7,2023-08-26 10:19:06,,,6.5.0-10.7
ff41c1f4-c20e-4a25-82b8-be8668d80335,Ida Rabita,https://play-lh.googleusercontent.com/a-/ALV-UjUdplYvXTlVEiBK5JTLAJzoE8H81ydnAtiYvulrKl0f1dpon0oT,Ok bgt aplikasi nya membantu kita buat cek Polusi udara..👍👍,5,0,6.5.0-10.7,2023-08-26 05:39:22,,,6.5.0-10.7
07faa272-303e-462d-ad85-6482deb22fd5,mursid mursid,https://play-lh.googleusercontent.com/a-/ALV-UjVWhlEFopPc50LHDLyDTw_02HPT2RogWiwXwOVeNaBXmaOZKLlF,Sangat membantu,4,0,6.5.0-10.7,2023-08-26 05:14:56,,,6.5.0-10.7
33f56caa-9641-4950-9cf1-03e29af06062,Bayu Setiawan,https://play-lh.googleusercontent.com/a-/ALV-UjWIVLvJR3t5GqB9Ck1Q4NjuaMGAEITYFvhz_Ax7d_BcUbtGzrPtuQ,Cukup membantu,4,0,6.5.0-10.7,2023-08-24 11:13:51,,,6.5.0-10.7
e6dbe747-fd6f-4a54-a74e-f6571882c417,Wahyu Gasa,https://play-lh.googleusercontent.com/a-/ALV-UjVEnIRlJAqbFCHdv_EqJsac33NHNF_TwoyUrPDJvnHQ1Cj3Rq3B,Sangat membantu untuk mengontrol kualitas udara disekitar kami.,5,1,6.5.0-10.7,2023-08-24 05:00:12,,,6.5.0-10.7
34f86a1e-9cb7-4338-8631-22e27ed6da30,Noora falaela,https://play-lh.googleusercontent.com/a/ACg8ocI4tKuqtw53f487DsqCXPz-2fzcLuG2dvHTWltF-eiV4-1m5g=mo,"Good app, membantu thx",5,0,6.5.1-4.16,2023-08-24 04:59:55,,,6.5.1-4.16
a0661925-89ec-4492-9479-096586562aaa,Apriliani Trisilia,https://play-lh.googleusercontent.com/a-/ALV-UjW50mDkygfcxgtGuS733kLfr2V13GdEV9DQW-Mw-zV1yBzv8S4,Lewat ini aku jadi tau keadaan udara disekitar aku. Semenjak polusi udara yang saat ini terjadi,5,0,6.5.0-10.7,2023-08-24 04:17:31,,,6.5.0-10.7
02606189-fe10-42ae-86e0-1a66a94f459b,erry erol,https://play-lh.googleusercontent.com/a-/ALV-UjUmxejMeAMyt0cs8YtJYWMeLhbDvDxJIiuc7Utpap7n5tH19eM,"terimakasih, ini sangat membantu untuk mengetahui kualitas udara dimana sy berada",5,0,6.5.1-4.16,2023-08-24 03:34:40,,,6.5.1-4.16
934f5235-457d-43b7-937f-bb3bbb057b3b,Nur Fatmah,https://play-lh.googleusercontent.com/a-/ALV-UjX-ROc_o5Q30vo3-ThzcGjASXL2zstzIrjXegpZkEERN5Qm0-g9,"Terbantu secara informasi, agar ada kewaspadaan dan upaya menjaga kondisi pribadi lebih sehat",5,2,6.5.0-10.7,2023-08-23 22:10:04,,,6.5.0-10.7
75041917-4719-478f-aa18-381f925783bd,Ratna Komalasari,https://play-lh.googleusercontent.com/a/ACg8ocKR-ORA4uR7EMfVyztQXLsFul220oUfmu3QECllStbKUR_EZA=mo,Aplikasi nya bagus sangat membantu sekali,5,0,6.5.1-4.16,2023-08-23 04:51:48,,,6.5.1-4.16
a056bbac-2acc-40bc-9ac8-77d08f1246e5,Hastaryo Pawiro,https://play-lh.googleusercontent.com/a-/ALV-UjWUgm4zSXBxtLfdKTy3LhEWz3dQdzwTalLxk28aMocQT14W6vMy,sangat membantu saya..,5,0,6.5.0-10.7,2023-08-23 02:06:11,,,6.5.0-10.7
601e8906-f805-442a-a258-715ec356fdc4,Siti Ma'rufah,https://play-lh.googleusercontent.com/a-/ALV-UjUvs9_joRA59rs4NQUWnLDdv84q_QjaOSXhdb72TZ_9CiRhJgBQ,Sangat bermanfaat untuk melindungi diri dan keluarga,5,0,6.5.0-10.7,2023-08-22 23:48:11,,,6.5.0-10.7
2a3f4dd4-5c45-4980-9949-25e08d72130f,Wong Ndeso,https://play-lh.googleusercontent.com/a/ACg8ocIYTZDoVInM5VpakM94RO3XBUpsNyfSLsRdtlf1NJmsPTxbtsqz=mo,Sangat membantu,4,0,6.5.0-10.7,2023-08-22 22:31:17,,,6.5.0-10.7
81ae58c1-6cf7-41fe-9fd1-9d818b555d59,FanLas Official,https://play-lh.googleusercontent.com/a-/ALV-UjX88tYd-vouSdLiGQGU2da1dzLHOxaeeJv7MyclLjOIkdAEIP8p4g,Cuku membantu,5,0,6.5.0-10.7,2023-08-22 14:20:46,,,6.5.0-10.7
3582f7d0-dc22-4a30-a965-078858488363,adi suwito,https://play-lh.googleusercontent.com/a-/ALV-UjViIn5S-bfB1xkbDlQMYYNwFkWbP-jHTNK-zvozYYtW7yjzoVsb,Bagus dan bisa membantu melihat kondisi udara di sekitar kita.,5,1,6.5.0-10.7,2023-08-22 10:54:54,,,6.5.0-10.7
15cfd987-32a9-4ede-b002-af5b8a73ce2a,Agus Winarto,https://play-lh.googleusercontent.com/a-/ALV-UjWctnAJ8ucS9YJmZ95gzsBahO-CA4aUWJUUjDW0lPFUGlFdgQ_r,Jadi bisa hati2 dan siap sedia masker kalau mau keluar atau jalan jalan,5,0,6.5.0-10.7,2023-08-22 10:02:14,,,6.5.0-10.7
50036390-e3b1-4743-b71b-86c202d37ef7,Gunawan Kp,https://play-lh.googleusercontent.com/a/ACg8ocJUE_cyTUU8gz4zlB3niMyd8C5Em8xQRAa1xDLEavXwuqCX0w=mo,Membantu membeti informasi kualitas udara terkini. Mantap.,5,1,6.5.0-10.7,2023-08-21 14:06:04,,,6.5.0-10.7
587269d8-13f7-4993-a1df-cfbd24d04a21,Muhamad Zaki,https://play-lh.googleusercontent.com/a-/ALV-UjW_BBStZrWai4WS_9omnAUj-m12RxjR-3Zady5bGGpuSALtt_al,Cukup membantu,5,0,6.5.1-4.15,2023-08-21 09:08:27,,,6.5.1-4.15
8bf882bf-6336-4e69-9029-be9eb7218946,Petrus Wahyu,https://play-lh.googleusercontent.com/a-/ALV-UjU0f7KjRj-DIGzFWb7hMKhUnh9eJWvqGMnSUMAxbprrm9R2T7auIw,Sepertinya harga air purifier akan naik deh,5,0,6.5.0-10.7,2023-08-18 14:50:29,,,6.5.0-10.7
617ff005-43e3-4915-835a-75badd091bdf,ANDRI S L,https://play-lh.googleusercontent.com/a-/ALV-UjUT7rdA4ZxRsG6_BdygL34VBD-O2ET4YUtRI67_gN0uuzGFCJMP,Bagus....cukup membantu,5,0,6.5.0-10.7,2023-08-18 06:45:43,,,6.5.0-10.7
161559b3-753d-477d-9a81-aadeb5bc92dc,Sonny Harsono,https://play-lh.googleusercontent.com/a-/ALV-UjVYyjmsG6wh6Q0Pwnglv9rj3aaKe86yjg0th4jvidPp7JvZy-m7,Aplikasi ini sangat membantu,4,0,,2023-08-17 15:57:11,,,
af419af8-66d2-4c13-9ec2-236cb92f1db0,Harsono Nanos,https://play-lh.googleusercontent.com/a/ACg8ocKQ97SYL3zyL0PhxvrlH3ceLKWpONYNS9MZyK060Mb4_9P_hw=mo,Sangat membantu sebelum melakukan perjalanan ke satu lokasi,5,0,6.5.0-10.7,2023-08-17 07:30:13,,,6.5.0-10.7
ffe3acf2-7f84-4b76-939d-b1d4f3ccaf81,mad sholeh,https://play-lh.googleusercontent.com/a-/ALV-UjWtXBIQ-K6TLPL7h9Gt8s7oubAN-SUCCyIKgBP8dA9-rPXKirX8,Membantu,4,0,6.5.0-10.7,2023-08-16 14:58:43,,,6.5.0-10.7
ba45fa86-bf41-4780-96c9-763b84886a8d,Tasya Fadia,https://play-lh.googleusercontent.com/a-/ALV-UjWKq7b6mBCL-jBOgttI1rrw6FrCLuePMxNrEU4sXG5g57h7dY-R,Sangat membantu,5,0,6.5.0-10.7,2023-08-16 04:26:48,,,6.5.0-10.7
24081cd2-d908-41ef-8f22-b0ed6573dbc0,Fatrimal,https://play-lh.googleusercontent.com/a/ACg8ocLnvXGQ2gPmGIYPC0TJzDSG7EkXrMbjei5IoIzJUY4DfhzNLg=mo,Utk mengetahui gmn kondisi udara di sekitar kita👍,5,0,6.5.1-4.15,2023-08-16 02:02:33,,,6.5.1-4.15
512b57ae-9b8b-4a1f-8d95-b59957daa7b3,Sri Lestari,https://play-lh.googleusercontent.com/a-/ALV-UjWG62cMTb7H45ksttdAV7gXa06E4JSxUhWyA0XnSHqhPzDr4GskzQ,Sanfat membantu,5,0,6.5.0-10.7,2023-08-15 12:16:50,,,6.5.0-10.7
793201a4-c001-42ce-9cb6-65a1487b4e94,Faruq A,https://play-lh.googleusercontent.com/a-/ALV-UjUVpx3rQOPIxuhTvZHwnrcSoe3ykIH4A3T2-qhTe3PXfWQSFw3CLw,Membantu sekali,4,0,6.5.0-10.7,2023-08-15 10:14:36,,,6.5.0-10.7
18641900-87eb-4eb8-bd01-bafbd66b28b8,Rangga Riant,https://play-lh.googleusercontent.com/a-/ALV-UjUnN0CGiYWTQQPq2uL8lZvVk_bLH4BZVbMN9H0ecicSM2ocWTtO2Q,"Mungkin harus menyediakan lebih banyak pilihan widget dengan ukuran kecil, namun memuat informasi yang lengkap untuk hape dengan ukuran layar kecil Semoga membantu 😁",5,7,6.5.0-10.7,2023-08-15 01:11:12,,,6.5.0-10.7
d2e4ef2c-5f2c-434b-9cea-2032e3131b95,Marcelino,https://play-lh.googleusercontent.com/a-/ALV-UjXK5_L3Hmq1BfyyT5hvifTbAFatFLuoTGBfNjigrwcs_a8k7xtQ,Bagus untuk memantau kualitas udara di luar,5,0,6.5.0-10.7,2023-08-09 16:57:55,,,6.5.0-10.7
70b015fa-5dd4-4803-8135-5c7664195a18,faiz sawa,https://play-lh.googleusercontent.com/a-/ALV-UjUuX8xt2hUgLHmIhg157Sts3W4x_dU_zQymvbYonx_emZYWWxmFXw,Baik utk mengetahui udara,5,0,6.5.0-10.7,2023-07-31 21:54:41,,,6.5.0-10.7
c289360d-daae-43e8-8ecf-247396d541c4,RIYAN,https://play-lh.googleusercontent.com/a-/ALV-UjWq88K_zwwbTOANAmowadEMBkNaEUxJ5o8NhA4Ru9yi9mfkVfA,"Aplikasi IQAir AirVisual Kualitas Udara adalah sebuah keajaiban! Dengan pemantauan kualitas udara real-time yang sangat akurat dan informatif, saya merasa lebih sadar akan kondisi udara di sekitar saya. Grafik dan peta interaktif memberikan gambaran visual yang jelas tentang polusi udara dan pola perubahan seiring waktu. Fitur peringatan dan saran tentang kesehatan juga sangat membantu. Aplikasi ini juga sangat mudah digunakan. IQAir AirVisual Kualitas Udara adalah aplikasi yang wajib dimiliki.",5,33,6.5.0-10.7,2023-07-29 15:56:47,,,6.5.0-10.7
33bb02d2-6ba7-405a-8fbe-973ce0d069b1,Achmad Subchan,https://play-lh.googleusercontent.com/a-/ALV-UjV5hyDN9o196LVYuVSSH-l0IN8iDV7LzV0F44DilmBln3OCh3x49w,bermanfaat untuk cek polusi di sekitar kita,5,0,6.5.0-10.7,2023-07-23 00:49:39,,,6.5.0-10.7
fc2d02fb-6e79-40a4-a590-8f939a3d18de,Ummi Yumna,https://play-lh.googleusercontent.com/a-/ALV-UjV8MnZ2HUQUdx1b8iedr7fO-0XyNe-Q1vzPsKUHlgHVMGDhCmIMuQ,Ok membantu,4,0,6.5.0-10.6,2023-07-07 11:53:33,,,6.5.0-10.6
ef61cd34-c75e-451e-89e3-5a45e418d99d,Ahmad Rifa'i,https://play-lh.googleusercontent.com/a-/ALV-UjWVB70v9KbG_JQ65lOQZcWkU2sDvhPtEnw1MoHg7DdSSkO9V9A,Sangat membantu,5,0,6.5.0-10.7,2023-07-06 10:01:15,,,6.5.0-10.7
64f4092c-abdc-47b6-bdc8-2808a7882803,rusmanto kurniawan,https://play-lh.googleusercontent.com/a/ACg8ocL_51EmpUkVtyEVgftL0KmcQxsNFVbkUcsYiXUXX9O36FL46w4=mo,Sangat membantu untuk yang hobi olahraga agar menyesuaikan dengan index kualitas udara sekitarnya.,5,16,6.5.0-10.7,2023-06-28 00:32:13,,,6.5.0-10.7
081d0d00-8fa3-4d0b-b336-284313e55f51,Marjaya Jupri,https://play-lh.googleusercontent.com/a/ACg8ocKqzeY4PRxawyuxW1X5B4HvRrwDwFf1m1fTIwf3Bh6XvQskKw=mo,"Membantu, karna saya punya bayi, sebelum upload ini, bayi saya berjemur dan 2x saya ajak keluar agak jauh, malamnya bayi saya demam, ternyata cuaca hari itu sangat parah. Setelah tau apk ini saya lebih hati² jika ingin mengeluarkan anak saya dari rumah",5,5,6.5.0-10.7,2023-06-27 01:39:36,,,6.5.0-10.7
e8c88057-6cb5-44e9-abf3-5eec1caa2014,Syaiful Alamsyah,https://play-lh.googleusercontent.com/a-/ALV-UjUGTrGFfvvgzLcz5MVBzW5bCF_q4Tzg_c0sppYFPowKF1as0YY,Sangat membantu,5,0,6.5.0-10.7,2023-06-20 04:51:48,,,6.5.0-10.7
e80a6520-cde4-4bf3-b3db-96fc281495c6,eko akhmad,https://play-lh.googleusercontent.com/a-/ALV-UjVSRo2gKub5W0Ixp0dNtPFA8Qb8nKIjcsUZp-R91Idg5TNqF87yIw,cukup membantu,5,0,6.5.0-10.6,2023-06-13 00:08:33,,,6.5.0-10.6
cfc04e39-ffa9-4c95-a11c-92ee221d985f,Ulya Nazmi,https://play-lh.googleusercontent.com/a-/ALV-UjUCEGuADu2CeTFBhiU4ilmRTGJhT-kTQoDddW-8KE6pY-VVuyQ,"Sangat membantu,good",5,0,6.5.0-10.6,2023-06-12 14:12:51,,,6.5.0-10.6
c1f0eb69-c40c-4ad3-b3fc-1a0fa1b7f1fb,wida rostina,https://play-lh.googleusercontent.com/a/ACg8ocKkXwqFGk19s3dPE-ZKZiXqLxo1nQZsg-M8rUfsPLeCaPkWlA=mo,Sangat akurat dan membantu,5,0,6.5.0-10.6,2023-06-08 03:22:37,,,6.5.0-10.6
d8bab898-67dc-436c-8bc7-f6f56aa5185b,Agusetiawan,https://play-lh.googleusercontent.com/a-/ALV-UjXf_Xjze523NU5s3I_0-m3tVxd84QgGazcnm4xbWwB37fU3a4cm,Sangat membantu mengetahui kualitas udara,5,0,6.5.0-10.6,2023-06-08 02:24:46,,,6.5.0-10.6
4949a07e-f5ca-4fb2-9944-8826bb746eb7,robert budianto,https://play-lh.googleusercontent.com/a-/ALV-UjU2S6ORWvaJnfCNn6ybnQxcS1Yu7c3ZvUQnNXh4dBHNcu54CdhZ,Sangat membantu sekali untuk mengetahui nilai udara setiap pagi sebelum olah raga di out door,5,1,6.5.0-10.6,2023-06-02 04:43:42,,,6.5.0-10.6
e6d943f0-1af0-44b9-8150-d7ff13b04a7c,Grace Gea,https://play-lh.googleusercontent.com/a-/ALV-UjXxKqbBzPm8NAWaLAqiMRJa5zk74C9fGovLafWoXtCiPCHhfy4H,Aplikasi yang sangat membantu dan sangat bermanfaat untuk mendeteksi udara segar dan tidak segar di setiap kota 😊🫶🏻,5,8,6.5.0-10.6,2023-06-01 10:24:35,,,6.5.0-10.6
6564eb76-0c3b-4bcb-b1da-5bdeb836f828,olice surya,https://play-lh.googleusercontent.com/a-/ALV-UjXSnHU1UrhF98ZTnmGeImXAlcNrFF3cvlYwBtiFHiHlDAIENyI,Sangat membantu,5,0,6.4.0-12.23,2023-05-31 14:14:25,,,6.4.0-12.23
01172da3-6085-4c08-92db-a70d9f050b00,Surya Adi Pradana,https://play-lh.googleusercontent.com/a-/ALV-UjVPNLlFhmRrC2jtxvXaqMb7w9d__H1FdRz67GKYJYtJeNCtahV5aw,"Bagus sekalii, dan sangat membantu",5,0,6.4.0-12.23,2023-05-29 22:27:10,,,6.4.0-12.23
a084b463-c376-49af-802e-5681a3ef591e,Andik Setiyono,https://play-lh.googleusercontent.com/a-/ALV-UjVwqYq-c0iIitb3mhvo2B3mANwgvkalXPWVX9IjyoPZmQfYPhU,Dpt data update harian kualitas udara,5,0,6.3.0-8.3,2022-12-27 01:50:43,,,6.3.0-8.3
75085603-5f52-4f1b-9107-6a86017815d9,Muhammad Saifan,https://play-lh.googleusercontent.com/a/ACg8ocIPmcK9uRU-gdmzML0TwsKayyhZKM0PpDEUgguG-wdR3SJPIIg=mo,Sangat membantu,5,0,6.3.0-8.3,2022-12-19 06:20:06,,,6.3.0-8.3
7c8f477b-0609-4422-91e2-15f3946e7efb,Diding Kurnia,https://play-lh.googleusercontent.com/a-/ALV-UjXAAI--yIFoX501a8XxL6ZSXvNCl2ln0r52bzpPISIFtiQhkso,Aplikasi yg Sangat membantu..mantab,5,0,6.3.0-8.3,2022-11-22 03:33:26,,,6.3.0-8.3
c85df1f8-1756-413a-b8cd-debcb7d605fe,Diah SRS,https://play-lh.googleusercontent.com/a-/ALV-UjV3agX63ZWXj5iQDtudW2OjWrCtPe4cXCS4dG2zkZNUlRdU7-gSUQ,Iya sangat membantu. Saya selalu cek kondisi udara jakarta setiap hari. Terutama saat pagi atau saat akan keluar rumah,5,0,,2022-11-15 01:47:52,,,
8c7120a8-cff5-4cfd-88f1-829d16950ac4,Bagoes satriyo,https://play-lh.googleusercontent.com/a/ACg8ocK28TLDhORN0jxh4PWxYc2EJt00jY5SlY0_YIfijssDbnIXeg=mo,Sangat membantu lihat kondisi sekitar,5,0,6.2.4-1.5,2022-09-27 11:07:46,,,6.2.4-1.5
79b78259-d569-4694-a0c0-b0066406363e,Julian latief Athaillah,https://play-lh.googleusercontent.com/a-/ALV-UjU2tMFDuJQ2eSJ-ZgwQo_n1ccqRFv7tJGyaQLqD7GL0ceDWXMMx,Cukup membantu,5,0,6.2.4-1.5,2022-09-20 12:01:41,,,6.2.4-1.5
39ef9e0d-98f3-410d-a1d8-3d28e4036e3d,agus gunawan,https://play-lh.googleusercontent.com/a-/ALV-UjUonzo-jzyOBiRFiSfVhSqklQHNg6rgTWAAlo8_QTNfnhW03XsXTQ,sangat membantu,5,0,6.2.4-1.5,2022-09-13 12:20:13,,,6.2.4-1.5
8679992d-a6ce-4c57-8857-a7a18ec9f590,Adnan Budi 92,https://play-lh.googleusercontent.com/a/ACg8ocJJRa0xWbLDtG220M--NLJwFPWLtSjSanWE2wGhm0Z3hkxdjQ=mo,Semoga makin bagus dan tepat lokasinya. Sangat membantu memantau polusi di sekitar,5,3,6.2.4-1.5,2022-09-12 01:43:37,,,6.2.4-1.5
6539c1c3-b423-4f41-81f9-b163e0b4ebee,Bagus Wisnu,https://play-lh.googleusercontent.com/a/ACg8ocIzfxVR0SNkkwN9O9BQgBma-MBJy_W1fcnl6dGJIrM0MbvKqw=mo,Bagus dan berguna untuk memantau udara sekitar,4,0,6.2.4-1.5,2022-09-10 10:32:37,,,6.2.4-1.5
0c3ab291-5539-4e36-bebf-49dff2252c16,Salim Jufri,https://play-lh.googleusercontent.com/a/ACg8ocLPITahOpobw6tmoOVqwKIOKeMtfKqY8StGlDeJIMPq1kEULQ=mo,Sangat bagus untuk mengecek polusi udara,5,0,6.2.4-1.5,2022-09-07 00:35:32,,,6.2.4-1.5
516e9814-dadd-4b0a-bbb6-cda533fadc83,Andri Januar,https://play-lh.googleusercontent.com/a-/ALV-UjV27OSG3__vHZ1GchKLI4OnQEnvKqZM0lh7fnSSQc0TMbVafE2n,Sangat membantu,5,0,6.2.4-1.5,2022-09-03 13:04:47,,,6.2.4-1.5
5bbdc859-fed9-472e-8643-8c132eda003e,Maurits Mantiri,https://play-lh.googleusercontent.com/a-/ALV-UjXSNye5-jyYBxSKR3nSxQOHzPf1HW78E3if0AokHLDWSiQd6Ww,Sangat membantu utk kesehatan,5,0,6.2.4-1.5,2022-09-01 17:13:38,,,6.2.4-1.5
a9a631a7-ec08-44d7-b227-a2a76a842718,Dewi Solihat,https://play-lh.googleusercontent.com/a-/ALV-UjWu0r0IcwN7Xp9rJlmRzTbith9GHt2XaTTGESuplCsrsJ_yjDYB,Sejauh ini membantu untuk tau kualitas udara didaerah sekitar kita,5,0,6.2.4-1.5,2022-08-29 08:11:24,,,6.2.4-1.5
36f41b0a-1326-441c-a29b-400d754e404d,Lissa Kawulusan,https://play-lh.googleusercontent.com/a/ACg8ocJfVjDt_rFEHA8qLaWwhDyfnbBhO69q7TtuJPR9vjPHqfopgQ=mo,Sangant membantu untuk mengetahui kondisi udara,5,0,6.2.4-1.5,2022-08-28 03:10:39,,,6.2.4-1.5
77f9f4cf-f86e-4ec0-b39e-f6eecce9675d,Arti Rachmawati,https://play-lh.googleusercontent.com/a-/ALV-UjWnqBqaBPolmfwK3DbpVYvQl_AZ-GFRg2KXokYvizEKHf9O9_JH,Baguss aplikasinya...bisa memantau keadaan polusi di lingkungan sekitar..terus ditingkatkan..dan kalo bisa di kasih saran yg mudah untuk tinggal di area perkampungan.. terimakasih,5,35,6.2.4-1.5,2022-08-26 13:23:00,,,6.2.4-1.5
5ab6c0b5-261d-497c-8ec6-8dfc2e2211ae,Tri Fatmawati,https://play-lh.googleusercontent.com/a-/ALV-UjW8ek0tFuaWvbw3U5KllnuTjoTKC9dTKbVDtiIV2cG3Uc_9rdE,Sangat membantu,5,0,6.2.4-1.5,2022-08-25 09:46:58,,,6.2.4-1.5
be303398-e63b-40d8-923a-6c5aa5200597,Yayuk Miarsih,https://play-lh.googleusercontent.com/a/ACg8ocLjMOSNq51GRZxy_5ZJjA67F8twPdFuxThQkTil4G3TX3TRjg=mo,Membantu sekali...,5,0,6.2.4-1.5,2022-08-24 22:24:25,,,6.2.4-1.5
5d0a0465-40cb-44ab-94ec-916e284afb82,Yudra Syamsir Adjraam,https://play-lh.googleusercontent.com/a/ACg8ocKPckI1R_ySZXOBtXN8uHKpxNXa_WE2T0z0_vSqptG7bzk42g=mo,Informasi keadaan cuaca terutama polusi sgt bermanfaat sebelum melakukan aktifitas.,5,0,6.2.4-1.5,2022-08-15 00:51:31,,,6.2.4-1.5
4c37e768-aa6b-4e72-a797-c8735f521e35,muhammad sahab,https://play-lh.googleusercontent.com/a-/ALV-UjXWG4HAx6s3YzZAO9RwoiqmDY5cpoY5z41Z-g-mpzAEQZHkx875,sangat membantu untuk mengetahui kelembapan udara,5,0,6.2.4-1.5,2022-08-05 15:46:20,,,6.2.4-1.5
05a06285-ca65-4b1f-bcc6-6a98a91d10e9,yudi susaka,https://play-lh.googleusercontent.com/a-/ALV-UjUWOLYlJdrtxDCPYy-kf1thq-5_7Wdbz0lIqv2VVwFJI_5crVIo,Antisipasi udara buruk,5,0,6.2.4-1.5,2022-07-31 04:18:18,,,6.2.4-1.5
4d21c68d-bd2d-4789-a125-50f7cef7bea0,Asih Kurniasih,https://play-lh.googleusercontent.com/a-/ALV-UjUxb8mmIZpvD1x2nYcR1zyDqSTU3X8LBp4Uv4QC6Bvu0CnSaUwl,Bagus sekali sangat membantu,5,0,6.2.3-1.4,2022-07-23 01:24:54,,,6.2.3-1.4
3c34baa3-8c02-44b8-af63-40f8655f26c4,edi dogol,https://play-lh.googleusercontent.com/a-/ALV-UjVHZtHNnFNWPa7_G_09qsLP1A-WmmcyH-g6IXrH_BZT6qjYJ50,Ya sangat membantu,5,0,6.2.3-1.4,2022-07-01 16:38:18,,,6.2.3-1.4
d1a9ec77-05f4-48d7-8c67-9f690d26e14b,Abdul Rzk,https://play-lh.googleusercontent.com/a-/ALV-UjWM5NZPK8vfe4a9fE34lUTdf4T6F9WBPxJ-kt-bwAhuMqpLkkAOcA,Digital Air tetap jaga kesehatan,4,0,6.2.3-1.4,2022-07-01 13:44:50,,,6.2.3-1.4
ea65ca1f-1422-415a-ab02-16bd47be9b47,Muhamad Yakub,https://play-lh.googleusercontent.com/a-/ALV-UjW2BH8SKIOUMybMgwiUG0lDjSu16pvB-uswXbZpCEMFxjR9OyZg,sangat mbantu,5,0,6.2.3-1.4,2022-07-01 06:58:39,,,6.2.3-1.4
21888484-c0a9-415a-b372-64e2c1dcdc4a,Yogi Hardinop,https://play-lh.googleusercontent.com/a/ACg8ocJZsQPcjSPXVkD25Z0xSfGYuJoDqxVRoHaGu4b8fHyhTzNKnEhx=mo,Sangat membantu sekali..,5,0,6.2.3-1.4,2022-07-01 04:23:27,,,6.2.3-1.4
c5c00a51-6656-4ed7-87fa-ef596ac77a1e,Bang Jabat,https://play-lh.googleusercontent.com/a-/ALV-UjX5bo9Y_gAcLp20AeNyjHeYZJwDBhgJEbWfpAMRe7rPrsvui_TM,Sangat membantu untuk menjaga kesehatan,5,0,6.2.3-1.4,2022-07-01 00:57:01,,,6.2.3-1.4
4ce97479-8cb4-46c0-9f73-88046589fe88,Edward Marpaung,https://play-lh.googleusercontent.com/a-/ALV-UjUqx0YkIjEPwIjOMj0DuItT2GC5OzTTeFjfyShFAlaAn2k9DcS-rw,Bagus untuk melihat kualitas udara sekitar,5,0,,2022-07-01 00:51:48,,,
c898ec5b-1e31-437f-addc-eb8355fa5f0f,JIHAD KU,https://play-lh.googleusercontent.com/a-/ALV-UjVFdtDx-ML3gHRKpRK-K2_2ARco4Dpgm1UyCbHZBT84Or6RDlSy,Recomended polusi udara dsb....terima kasih,5,0,6.2.3-1.4,2022-06-30 06:45:15,,,6.2.3-1.4
e939a933-aeb3-425e-9d1a-f71128f29fed,Naila Suryo Kusmaharani,https://play-lh.googleusercontent.com/a-/ALV-UjVCUcQ8hNrzA8i2XHVChXvREWkXBzdIInkWcqYxWti9524qyVY,Udara nya sedang,5,0,6.2.3-1.4,2022-06-30 06:11:23,,,6.2.3-1.4
15a0dcfd-6f48-41ea-9e7a-a977d286cf43,Oppo A16,https://play-lh.googleusercontent.com/a/ACg8ocLkY2eA0hOOleHnX8K0Bwd2obOCteRoz-yRocyK6eqSkejImQ=mo,Baru coba tapi cocok untuk mendeteksi udara saat kita sedang dalam perjalanan,5,0,6.2.3-1.4,2022-06-30 04:15:23,,,6.2.3-1.4
142a32d4-6df7-4b6b-9fa2-3f62017f6a74,Muhammad Hafiz Al fateeh,https://play-lh.googleusercontent.com/a/ACg8ocLRMugAB_KhyHApraz64lPj_XsCmpi8C-UohO2ayEsMv69QQ-g=mo,Aplikasi ini bagus sekali karena kita bisa mengetahui kualitas udara di kota sehat atau tidak saya kasih rating 5👍👍,5,0,6.2.3-1.4,2022-06-30 03:14:55,,,6.2.3-1.4
d53bdf03-0d71-4575-aab4-845ba7890832,darwin siregar,https://play-lh.googleusercontent.com/a/ACg8ocIgt0vxDZW4yjuyubvHMjlnAQYpEuQK1PiAvTOEIk9R9BDuiQ=mo,Aplikasi nya bagus untuk mengetahui kadar udara yg sehat,5,0,6.2.3-1.4,2022-06-30 02:37:15,,,6.2.3-1.4
34506e4c-908a-4d79-b349-dde982c33491,ANJUR SIMANULLANG,https://play-lh.googleusercontent.com/a-/ALV-UjW3JGrwDOCcrHbosplhmTGx8PiE9Gc7iIZMtaBf0boPtrFTn68y,Sgt membantu,5,0,6.2.3-1.4,2022-06-30 01:33:55,,,6.2.3-1.4
d8aa03f5-9750-4185-b741-5d9542777f02,Ahmad Agung Zefi Syahputra,https://play-lh.googleusercontent.com/a-/ALV-UjVb_01crMb3pALFivP2ahtejAblkAntBYioZYI3xyCnxt6ksZ3bxw,Sangat baik. Saya mendapatkan informasi terkait kualitas udara di daerah saya dengan akurat. Semoga ke depannya akan ada lebih banyak sensor yang dipasang di kota saya dan menjadikan nilai kualitas udaranya lebih akurat.,5,9,6.2.3-1.4,2022-06-29 00:13:16,,,6.2.3-1.4
b14ef3a1-a556-4c4c-a377-432bf5163337,Fredyanto Manalu,https://play-lh.googleusercontent.com/a/ACg8ocJhEEpxxDByioQNBJ5yQsHxf1FDHcASpgR7l8cgtC3yUOJtUw=mo,"Sangat membantu, perbaikannya yg perlu diperhatikan adalah kota dengan propinsinya banyak kurang tepat.",5,15,6.2.3-1.4,2022-06-25 03:06:55,,,6.2.3-1.4
a26fc7a1-9988-4fb9-ba3f-2e2ff40d0691,endi suhendy,https://play-lh.googleusercontent.com/a/ACg8ocIJDIpYq4FUhOQadc24EkjfHPTzQvaTCFjSZOpyNaxGb53kix0=mo,Informasi untuk masyarakat terkait kebersihan udara,5,0,6.2.3-1.4,2022-06-24 18:04:32,,,6.2.3-1.4
d3d88ebd-6e83-4dd0-b6ce-8dbb7bca36c4,Ummu_Triple_Z _Nurul43_,https://play-lh.googleusercontent.com/a-/ALV-UjXv_rsrNDC6Edu87lcofv2VbdYOJZCv0tyvR0Z3gOZStCe5pn8X,Sangat2 membantu.,5,0,6.2.3-1.4,2022-06-24 01:56:48,,,6.2.3-1.4
3e588838-7f2a-42aa-a2fb-44e491ca9aa8,JANI JAN MONTOLALU,https://play-lh.googleusercontent.com/a-/ALV-UjUgeVo5Jvtfe8t0tCXvt7KqvtLw99BS1mnihKQhQnYQPNCXMpSo,Membantu,4,0,6.2.3-1.4,2022-06-23 11:08:11,,,6.2.3-1.4
595b6241-32cc-400b-95fd-f737e90259ef,Yossy Ardian,https://play-lh.googleusercontent.com/a/ACg8ocKtvMgkxQOSXZ_tmU3hzIzym6zYKiLGNfeq5MaPdZpG-5A--w=mo,Sgt membantu menilai kualitas udara sktr,5,0,6.2.3-1.4,2022-06-23 08:27:14,,,6.2.3-1.4
36874755-89e8-4782-bb1f-123e6890882e,Lydia Arniz,https://play-lh.googleusercontent.com/a-/ALV-UjXoWZNk3e3sYvqw0sctZYmosrPTmRkBjJzQxgutt9Hczqynlth9,"Sangat membantu sekali, terima kasih",5,0,6.2.3-1.4,2022-06-23 06:50:07,,,6.2.3-1.4
f723367b-f2f8-4daf-9e31-2d1b7dabc940,Ita Rupita,https://play-lh.googleusercontent.com/a-/ALV-UjVGQhp4gpi5dTwt40QvWUZImvm2kjbAqYwfe1LPAvlgVf0r3PIyQQ,membantu,4,0,6.2.3-1.4,2022-06-23 05:28:58,,,6.2.3-1.4
7e0988b7-b3b6-436a-b01e-9497f9e03792,Angga Pandansari,https://play-lh.googleusercontent.com/a-/ALV-UjXUQq9QaVpnD5FV84ldfuj0Qe0fAHAu2ciy0Q5tMDrQcTn-zhXOVA,Aplikasi yang membantu..,5,0,6.2.3-1.4,2022-06-22 05:40:51,,,6.2.3-1.4
9c03a9ab-ecba-4439-94d0-58e8bb2907ee,Adhy Setiawan,https://play-lh.googleusercontent.com/a-/ALV-UjU08oaszdCBN1uSqtCNwtF1xmb-BG9fstcqH7MKIXOfuuNu5rak,Alhamdulillah... membantu monitoring kebersihan udara,5,0,6.2.3-1.4,2022-06-22 02:57:20,,,6.2.3-1.4
73822820-4e7b-46e4-99fc-61b27ad9e7ae,Suwandi Suwandi,https://play-lh.googleusercontent.com/a/ACg8ocJq-jDjDoWvQOaKX-MBLlOD4f-kufO8bbscq_DQwBTMZ5q7Cw=mo,"Sangat membantu, informatif, jadi bs tau kondisi udara sebelum keluar rumah",5,4,6.2.3-1.4,2022-06-22 02:31:08,,,6.2.3-1.4
4db61a79-6e9c-4ed2-998d-d711b46dea8d,Heins Elwarin,https://play-lh.googleusercontent.com/a-/ALV-UjUGcvuValbKUqEKyZ-ZnGocu5Mw-sNjptvDsx6deGS_mDVWT-n5Cg,Keren dan sangat membantu mengetahui kebersihan udara di sekitar dimana kita berada tingkatkan terus inovasinya 🙏🙏👍👍,5,14,6.2.3-1.4,2022-06-21 13:31:07,,,6.2.3-1.4
ed98aa4e-0f24-4812-b5fd-af9b820911ed,Andri Ansyah,https://play-lh.googleusercontent.com/a-/ALV-UjWgVdB8Epq5XIxyE_8Ni_zjNMffzQsz36F1ClW07d_6Bqcz2pA8,Sangat membantu sekali,5,0,6.2.3-1.4,2022-06-20 03:51:06,,,6.2.3-1.4
b952b8c8-293a-42c1-9c6f-e0d0aac61f41,pradana putra,https://play-lh.googleusercontent.com/a-/ALV-UjUGxN8jV8aITj9H66WNDXQhlN2UoiMY_bDG5mmQwMHlyX25rEnu,Sangat membantu,5,0,6.2.3-1.4,2022-06-10 23:52:05,,,6.2.3-1.4
e1e6243d-1d60-4766-84a7-33c8945e93a5,Ahmad Abidin,https://play-lh.googleusercontent.com/a-/ALV-UjXQMJFOdK32RLKt75EjQ1u1jhr6atn43uaHjz6Q5AyDxjN2hFI,Bagus untuk memonitor kebersihan udara,5,2,6.2.3-1.4,2022-06-06 16:54:50,,,6.2.3-1.4
82727e56-d6f6-48ef-b56d-6edc11d133f7,Hafriyani d,https://play-lh.googleusercontent.com/a/ACg8ocKITWu3HVndnHeGzw9RDabnqc5JFXX10OPNrSKNRD1tHxB_=mo,Update udara di pekanbaru macet. Gak berubah sejak tanggal 19 sep 2019. Why? Mohon diperbaiki ya. Agak kecewa...😢😢,5,6,5.5.2-1.1,2022-05-24 11:16:21,"Halo Hafriyani, terima kasih atas feedbacknya.
Kami telah mengecek dan mengupdate data Pekanbaru, mohon dicek kembali.
Apabila sudah tidak ada masalah, mohon beri kami 5 bintang untuk membantu kami.

Terima kasih,
Tim AirVisual",2019-09-29 10:13:06,5.5.2-1.1
11f76c90-3dc8-4737-bbb2-b57f43a25204,Surjadi Surjadi,https://play-lh.googleusercontent.com/a/ACg8ocKXHS7nyysaP5CmX4PeQq7yGckNV7u_53ySk3rmytnUFtZ_hw=mo,Sangat membantu saya .seperti alarm bisa tahu mana yg sehat atau tidak juga bisa lebih menjaga lingkungan alam pentingnya udara bersih,5,1,5.5.2-1.1,2022-05-06 18:10:47,,,5.5.2-1.1
3a8e9df2-24f6-4dec-bf9a-86720d4dcbd1,Ida Nur Aini,https://play-lh.googleusercontent.com/a-/ALV-UjWU43_Yo4S4sGZ3Ms9BS-kL6cc0TSDlc0JFezh6aBYjV0u40FpF,Membantu,5,0,6.1.1-2.10,2022-03-03 06:14:54,,,6.1.1-2.10
d562a974-c2f1-4907-a794-912517f414cb,Atep Maman,https://play-lh.googleusercontent.com/a-/ALV-UjVFV37rtqC81dnwFYOtY-c1TuT07SewWIUlOJ764fH1Sp1DkoLUZg,Sangat membantu cek polusi udara,5,0,6.1.1-2.10,2022-03-01 03:54:01,,,6.1.1-2.10
662a6fd5-3e33-4687-bd56-313e6cb832e9,Chaniago Fams,https://play-lh.googleusercontent.com/a/ACg8ocJdIZpvaFIY0G4iTwXBvYSaRq7HfbL-g9GrDy4zo8aQQHnqPA=mo,Saya merasa segar dan di perumahan kami tidak perlu merasa harus pakai masker... Pakai masker malah engap...,5,1,6.1.1-2.10,2022-02-27 04:02:41,,,6.1.1-2.10
99e08124-44e4-457b-9fa2-0e90a9a30180,Nurhadi Santoso,https://play-lh.googleusercontent.com/a-/ALV-UjVGA8bkojpBmsH3LrIF72ErLf2TZUxdCQc04vZplJ8Xi58-M1Wo,sangat membantu sekali,5,0,6.1.1-2.10,2022-02-25 03:57:08,,,6.1.1-2.10
02dbaae5-13b4-40b6-af70-7daafbbd75dd,Narko Siamdi,https://play-lh.googleusercontent.com/a-/ALV-UjUm65WujmPXNxXtQ67oUAiI9RskZQoTxthRPwTF7qrcWlGnEVp6IA,Okke membantu..,4,0,6.1.1-2.10,2022-02-23 12:39:26,,,6.1.1-2.10
c2ce0369-9e74-4f65-b097-ac53c207d5fe,Serba Salah,https://play-lh.googleusercontent.com/a/ACg8ocLOAx3iNtMyTw_BWK-zRufCKlj6omF3lYGE0lksPy5L2T_rIg=mo,Bagus untuk memantau racun di udara !,4,0,5.5.2-1.1,2022-02-22 12:44:09,,,5.5.2-1.1
1e2ce075-3a94-46d9-86dc-0137489c7ea4,RIZAL DWI NOVIANDI,https://play-lh.googleusercontent.com/a-/ALV-UjVgiLWwqtLlhaF5LB5TrGiTs2KVJLWUVj7UEOInyrivS-nbTL5x,"Membantu sekali, aplagi dengan kondisi sekarang ini, terus berkembang dan menjadi aplikasi yang jujur dan akurat ya prngembang. Good job !!",5,30,6.1.1-2.10,2022-02-21 04:14:10,,,6.1.1-2.10
ebc35be8-fcf1-4dcd-84b6-46ab4731386d,Neng Ida Hendrayani,https://play-lh.googleusercontent.com/a-/ALV-UjX1N8mqB5eJZn0ywHmGhbSTUliHzb5aSShm-8aBN7ldym8aus7r,Sangat membantu,5,0,6.1.1-2.10,2022-02-21 03:41:37,,,6.1.1-2.10
cb60b9c8-489d-42bf-837c-d062b7918ccc,muhammad idam chairil,https://play-lh.googleusercontent.com/a/ACg8ocJUyCd7jItDSM-T9SXY_lZneJlKTKWpUYfH3gee68W2WrCDkg=mo,Lumayan membantu buat pantau kondisi udara,3,0,6.1.1-2.10,2022-02-21 03:21:57,,,6.1.1-2.10
8796e1d2-a8eb-4f42-9702-0835c4fda55e,wilda fyat,https://play-lh.googleusercontent.com/a-/ALV-UjXe-Ucrh8Y9fBIw7EaLpB9WihMfCaaXBY0i4juaq5kIFu4I-S4,Sangat membantu melihat kualitas udara untuk mengantisipasi penyakit ispa,4,0,,2022-02-20 00:28:49,,,
2813d904-5c80-4447-9f68-1019d8fae075,Ernawati Aprilina,https://play-lh.googleusercontent.com/a/ACg8ocLoojU6uTNDCyMAea8cnn-EDp9kGogSics2Xfj-RiqiuTJMKA=mo,Sangat membantu,5,0,6.1.1-2.10,2022-02-19 09:20:19,,,6.1.1-2.10
e2545727-c898-410e-8f0c-c1f872c30abe,Ayuning ella,https://play-lh.googleusercontent.com/a/ACg8ocIukNNa-tVLM5dWDvCS1iIGLCBqMZRhHzrjiFjvJQ-xEHxZKwE=mo,Sangat membantu,5,0,6.1.1-2.10,2022-02-19 02:46:05,,,6.1.1-2.10
aeefec69-7f32-4aba-8ecb-fdfefaa1c201,Rezeky Nasution,https://play-lh.googleusercontent.com/a-/ALV-UjWf4o27gr7B58hjDXAJkC0KHl5ZIBeQnAh0U4HzRJZD8KtpiaA,Sangat membantu,5,0,6.1.1-2.10,2022-02-18 01:19:48,,,6.1.1-2.10
3d2c6954-f432-4a16-bcb6-491c9f465cfe,Silvia,https://play-lh.googleusercontent.com/a-/ALV-UjUjI2IuZChyjmg7fRv-9-1i3BNn_LZ_fEMEESSqfprowxYg7hY_,Membantu,5,0,6.1.1-2.10,2022-02-17 20:58:42,,,6.1.1-2.10
f7732a32-7b7c-4416-8e98-260f550d9e0d,Wahyu Agung,https://play-lh.googleusercontent.com/a-/ALV-UjXlKymRjCQEv3jwZArBWAuBuX79_4saMLME_qUruOXBVqJtAHBH1g,"Sangat membantu sekali.. saya jadi tau jika kualitas udara di kota saya sedang membaik maka tidak ada chamtrail, dan jika kualitas udaranya sangat buruk maka permainan mereka sedang dilakukan...",5,33,6.1.1-2.10,2022-02-17 01:32:50,,,6.1.1-2.10
c04e5bf2-17c2-4c3e-93ce-aaefc2850d6b,Adia rafa fathina,https://play-lh.googleusercontent.com/a/ACg8ocIb_hBdj4aTLfBCfNwX0ZTrule-5MBryslLkrHvr8judMpTAg=mo,Sangat membantu,5,0,6.1.1-2.10,2022-02-16 15:36:18,,,6.1.1-2.10
3712518a-7ca6-4f57-8e28-b741335b836a,Ades,https://play-lh.googleusercontent.com/a/ACg8ocK-KhoNx-IpNzWhdIsmeWibcmjeSZrQ5lQN15EzKOXvHTNLgw=mo,Sangat membantu untuk mencari tau indikator pencemaran udara kapanpun dan dimanapun,5,2,6.1.1-2.10,2022-02-16 14:10:34,,,6.1.1-2.10
945638ab-d804-459b-9cf2-016ea7673030,shabia dwi,https://play-lh.googleusercontent.com/a/ACg8ocKiq8ZA-kp5RDckpM4R8JNYih8QlkIYHs5tLTqR7vKWu7Jfmw=mo,Sangat Membantu,5,0,6.1.1-2.10,2022-02-16 11:06:45,,,6.1.1-2.10
ab24e044-e4d8-4e19-8335-3e72a2d557c8,Serlin,https://play-lh.googleusercontent.com/a-/ALV-UjVVoN9-8oIo6eCRbwcKxwZuUZtqp8adLXN_k9EPlBA24eg-PUE,"Sangat membntu. Disni sya mrsa aneh. Daerah sya msi hijau tdak ad pabrik, kendaraan juga tidak banyak tpi keadaan udara 9 aqi us dibanding negara maju seprti LA dan juga vietnam hanya 2 aqi us.",4,26,6.1.1-2.10,2022-02-10 18:22:14,,,6.1.1-2.10
4b3e7452-fe79-4580-ac2a-d3baf8b8f025,Mickey Band,https://play-lh.googleusercontent.com/a-/ALV-UjU2wxIN1adYF6SVmCzgs6X4l9PeP5rHzK2QNsQUR7dWwTb0bDZGcg,Sangat membantu menilai kwalitas Udara yg beresiko Menyebabkan Penyakit Pernafasan...,5,3,6.1.1-2.10,2022-02-08 06:43:35,,,6.1.1-2.10
aae43eaf-dcc1-43bf-89ff-1820dd48885d,Rohadi Enjank,https://play-lh.googleusercontent.com/a/ACg8ocJCRSVAI5f9Pu5rRRjiHk4BkhygwqjYmvXLZFAgzQkIADTdtg=mo,Lumayan membantu,4,0,6.1.1-2.10,2022-02-06 04:46:27,,,6.1.1-2.10
8d6e5c3b-05cb-4d41-b8ea-2e05e6b8420c,roma rahdiansyah,https://play-lh.googleusercontent.com/a-/ALV-UjX7nX4n5IrWJfdooI2L18WxfUAybJ-JlDOKpvY2hLjyzLFzDJNm,Sangat membantu,5,0,6.1.1-2.10,2022-02-03 01:13:28,,,6.1.1-2.10
8dd35ff8-8e53-4262-9162-4e281835417b,Pratama Rangga,https://play-lh.googleusercontent.com/a-/ALV-UjULw9O9jGrFgLxETIqMB9RlTT49c7O0Kfj0Kbsa0h_MdcUwLzV_,Sangat membantu untuk mengetahui keadaan udara sekitar,5,2,6.1.1-2.10,2022-01-31 10:39:15,,,6.1.1-2.10
b52bf8ef-ed57-4707-befa-3382e80c6e14,Hana Happy,https://play-lh.googleusercontent.com/a/ACg8ocLA5IZyx9PfajyF7QpwS1Z8gFJD5VSs6AlusI0WhJFqzESYiHY=mo,Sangat membantu trima kasih,5,0,6.1.1-2.10,2022-01-31 00:28:36,,,6.1.1-2.10
da4f3c11-e15c-4453-b4c5-b7f96469ac5e,Lord The East,https://play-lh.googleusercontent.com/a-/ALV-UjUib4OwR3b5ckC2fyjeJyKwSIubsVd4NRBe_9yQ8OhFldQgjySB,"Ketika kualitas udara di daerah kalian buruk dengan aplikasi ini, di tambah dg banyaknya chemtrail, di tambah dengan adanya berita dana atau penanganan covid 19 disetujui, dan ada tes PCR di jalan2, maka kasus covid 19 meningkat. Pemerintah laknat sedang menyiksa rakyat. Hati2 😁",5,58,6.1.1-2.10,2022-01-30 12:58:02,,,6.1.1-2.10
51bca9c9-b26b-4f5e-9257-8b04cce50359,E M KAMIL,https://play-lh.googleusercontent.com/a-/ALV-UjUR2sLFM4LME-99BihuU7aJUpPGHaYwE3HAJaDK6_ARXB8XPmGT,Sangat membantu ketika kita berpergian ke suatu kota,5,3,6.1.1-2.10,2021-12-23 13:00:31,,,6.1.1-2.10
279d7cae-f47b-4cb5-b088-64def9e57207,Syarifa Azzahra,https://play-lh.googleusercontent.com/a-/ALV-UjVvwKk1qaE_RRPaKbQc78UpPlaX7gQOudV4p_E3zMr6mnCjD9z9,Sangat membantu sekali,5,0,6.1.0-14.19,2021-11-21 11:28:17,,,6.1.0-14.19
fa829b5f-4a84-41dc-8994-91d4b20723df,Nur Cholis,https://play-lh.googleusercontent.com/a-/ALV-UjVq6D2BvplsMHzcDW6yG_VmsLCJnKET3Ki41BXdRwH66-sNHD9r,Sangat membantu,5,0,6.0.3-3.2,2021-11-13 09:19:33,,,6.0.3-3.2
25083b69-a3d7-4455-adae-bb14158d4d64,Purwadi Purwadi,https://play-lh.googleusercontent.com/a-/ALV-UjVgsORy0pt_b5tZiJQRiwUSsbSOo8ZDUwKNJifaQtgN46iERJvD,Sbg guidence utk kondisi kualitas udara disekitar kita.,5,2,6.0.3-3.2,2021-10-21 06:09:52,,,6.0.3-3.2
b29659af-9c64-4a33-97ef-a771cfe0f7f8,Tomy mardianto,https://play-lh.googleusercontent.com/a-/ALV-UjUwLrHzAdlvoHdh75W5i58z5aEXVJgM1IL_m3VnwtJjVUViQpjX,"Sangat membantu, lebih ditingkatkan",5,0,6.0.2-1.3,2021-08-23 05:15:11,,,6.0.2-1.3
ee47aba2-d591-4b86-8185-a4ad53b32054,Ari Yanto,https://play-lh.googleusercontent.com/a/ACg8ocL3lLrTwI9ofiJ_vjsUjw3Ot-ZFvAy7J_-uSgnwCPH-YcFjRQ=mo,Sangat membantu,5,0,6.0.2-1.3,2021-08-20 05:50:32,,,6.0.2-1.3
f8232ab5-bd47-4e9e-9fcd-66630526db3d,syahroniss,https://play-lh.googleusercontent.com/a-/ALV-UjXbpAu4ZqDlt7oZoM4UPfwdkuxalGeXxBowI70Ng7GKt_M0RUoz,Sangat membantu dalam pengecekan kualitas udara tempat kita berada,5,0,6.0.2-1.3,2021-07-28 07:51:11,,,6.0.2-1.3
73abc697-42e4-44e0-a1b0-b47f097c7478,Suryoaji Wibowo,https://play-lh.googleusercontent.com/a-/ALV-UjVIsaSeZsAwaItvrc2tMvif-Q3gUSu77sm7qAaK7V-g1vCVx6E,"Sangat membantu, terutama bagi rentan udara kotor untuk menyiapkan rencana kegiatan diluar.",5,4,6.0.2-1.3,2021-07-26 01:11:46,,,6.0.2-1.3
bbc5bdf3-6df1-4771-8253-44129aa7f339,Aman Fauzi,https://play-lh.googleusercontent.com/a-/ALV-UjU2WP-YOpjbHRDLnH6lH-VqWUH4Egw_7oYFjFPU0fYAzgf3jstiCg,Baus,5,0,6.0.2-1.3,2021-07-21 12:33:07,,,6.0.2-1.3
0e805814-d450-439d-a9b9-ff40f8299253,Sjamsul Harun,https://play-lh.googleusercontent.com/a-/ALV-UjUruTgQGUjb5ET0oebYM5K8hGc9oLJ_iceN2qNGsPdYigOQ7t5b,Membantu banget karena tahu kondisi wilayah2 yg sering kita kunjungi sehingga bisa menentukan mana yg udaranya lebih baik.,5,7,6.0.2-1.3,2021-07-17 22:14:27,,,6.0.2-1.3
a31ccaba-d751-4649-a0d0-4e7c79de7aae,miftah habibi,https://play-lh.googleusercontent.com/a-/ALV-UjWYKYpk1ipG3TWuyrHp2v-QAbAT2mQug8fytFrqUT2aa6pKz_zz,Great app n sngt membantu kualitas udara ketika aktif d luar ruangan,5,0,6.0.2-1.3,2021-07-09 00:49:38,,,6.0.2-1.3
cb998267-9ff2-4c76-b88c-3cf66185be12,Redi Redi,https://play-lh.googleusercontent.com/a/ACg8ocKE7hrPeLGKPk9bmOANmUe5SMq6rvKO1i7HN8QAflhxFNfgNw=mo,Bagus dan sangat membantu,4,0,5.5.2-1.1,2021-07-08 08:08:11,,,5.5.2-1.1
751a3e89-e693-4250-b793-d4c8fd82e556,Kesya Tea,https://play-lh.googleusercontent.com/a-/ALV-UjXRiNoZDY0WIZSQqmBVJ2Nl0tiye0CuboJ5ZUmEXEOD6ny1qhoe,Great app! Saya bisa tahu kualitas udara di tempat saya,5,0,6.0.2-1.3,2021-07-06 00:21:06,,,6.0.2-1.3
0abe4c44-5b14-4611-92c3-ab888de67565,30_Raden Roro Widya Zulhijzahra,https://play-lh.googleusercontent.com/a-/ALV-UjXAn0rMZvuHN-0BTkcr39_i_sbQg06HfK1CoD1e5uogu4OwBUB_,Sangattt membantuu!,5,0,6.0.2-1.3,2021-07-04 09:23:26,,,6.0.2-1.3
6445a64d-53ac-453e-be92-39db1a8851ee,Fransisca Dara Vincent,https://play-lh.googleusercontent.com/a-/ALV-UjUr-fbli__C-2B8m0lKQw9ZCvdWxyRQi3g0vl433RitRQP5au8,Sangat membantu di musim sprti skrg,5,0,6.0.2-1.3,2021-06-29 01:30:09,,,6.0.2-1.3
a796669e-8f9a-41fe-8fd6-98170fa022de,Ninda Kharisma,https://play-lh.googleusercontent.com/a/ACg8ocKu2DTw-cvvZFZEdZ5CXWAFp8o9nOMqTJmyJZBoBGEFG8u7mzc=mo,Sangat membantu untuk mengetahui keadaan sekitar kita. Terimakasih,5,0,6.0.2-1.3,2021-06-26 03:03:58,,,6.0.2-1.3
a756f352-f7d1-444f-ad99-bba291f00098,acci oktaviani,https://play-lh.googleusercontent.com/a-/ALV-UjWpr4CAarW7qra6XHDnqYp_IJNmkhGCl7OYamkr3oJpRY_DombJ,Sangat membantu,5,0,6.0.2-1.3,2021-06-14 11:24:19,,,6.0.2-1.3
18da9256-abbd-424a-b63a-92af05a1d26a,EVIRAHMA,https://play-lh.googleusercontent.com/a-/ALV-UjWja8mtSKjfYpDhFAyYJwFdXy4rU7ELC0y83_Eu9kGWJKmnIztF,Sangat membantu,5,0,6.0.2-1.3,2021-06-11 07:58:52,,,6.0.2-1.3
190a3bb0-0746-4652-9ab0-7b3fbe28f49a,Agung Suprayogi,https://play-lh.googleusercontent.com/a-/ALV-UjV8EdeA0f5FY9xN25wdiSb6H0N-OzAv6JtxkxpRBZgB5B6FPyC8NQ,Sangat membantu,5,0,6.0.2-1.3,2021-06-06 12:17:11,,,6.0.2-1.3
093c1b19-7912-4889-8834-aeef071144fb,Warga Setempat,https://play-lh.googleusercontent.com/a-/ALV-UjUfN6SMz9PJSAinGaQvB1reIQTD-qlOSeQNF_WncfWVkSpgAvdU,Bagus sekali untuk memantau kualitas udara sekitar,5,1,6.0.2-1.3,2021-06-04 12:21:30,,,6.0.2-1.3
890f3bd6-0ea5-4002-bdb8-c752c34fdbd0,Okta Perkasa,https://play-lh.googleusercontent.com/a-/ALV-UjU2Z-c52yLfNv4Fh7H0fEDaUMyQIh-RE_I7tJWSIPzG5yextcXq,"Aplikasi keren banget, sangat membantu penjualan property bagi calon konsumen yang sangat perduli dengan kualitas udara",5,22,6.0.2-1.3,2021-05-26 03:53:55,,,6.0.2-1.3
3e532c44-667c-4aa0-a0bf-bd266401e473,Basuki Febiantoro,https://play-lh.googleusercontent.com/a/ACg8ocK910q5Y1Nttz4HL8qw5lAbZKHPkXWnb0skPrYklzc6urT53Q=mo,Membantu dlm forecast cuaca,5,1,6.0.0-13.1,2021-04-11 10:58:15,,,6.0.0-13.1
e3408f8c-b880-4a8a-a50a-4536e9bc0ca6,Dewa Made Suta,https://play-lh.googleusercontent.com/a/ACg8ocK7KcTW3X8vKCUlIUCmnIfeTdQqsBgw5xv29ZLyhpLDD5ditQ=mo,Membantu mengetahui kualitas udara secara real time.,5,0,5.5.2-1.1,2021-04-06 22:51:36,,,5.5.2-1.1
4aa39582-e2a0-4445-a034-2e2b45bea703,Akashic Asp.,https://play-lh.googleusercontent.com/a-/ALV-UjWUPL2CI0xEELQjGy8jVDhyLNPfU96pNJ7m0d8tg9PPcmKdXJq4,Aplikasi Sangat Membantu Untuk Melihat Polusi Udara.,5,1,6.0.0-13.1,2021-03-27 16:47:14,,,6.0.0-13.1
5c6bc6b8-9dab-44bb-9b74-67a4d2e6592f,Luhur Prihadi,https://play-lh.googleusercontent.com/a-/ALV-UjXBYpbVrT5qv4mRiNl4yzhfHfpszC9QOcN2WyjFhW2IOMl_OBtCEA,Sangat aplikatif utk mengantisipasi kondisi dan merencanakan kegiatan,5,7,6.0.0-13.1,2021-03-11 23:38:23,,,6.0.0-13.1
0a5f51d6-ea5f-4db8-bb0e-b923b9b0722a,asan law,https://play-lh.googleusercontent.com/a/ACg8ocJ-FIgdWqk-GxK8K_W6MhcGewCaV0k-I_uNRrQV7C75klqUPQ=mo,Di Riau lanģganan bakar hutan 20 th lebih Sangat membantu !,5,3,6.0.0-13.1,2021-03-02 07:43:07,,,6.0.0-13.1
2d5fb968-a8ba-4ae9-999d-687d39a9d538,kurniawan bby,https://play-lh.googleusercontent.com/a-/ALV-UjX6L6iWAG4JX4UrJT6VZPQNuaQNxDvxoHbXDYImu_VSRK7fl9V9,Membantu,4,0,6.0.0-13.1,2021-03-02 05:19:32,,,6.0.0-13.1
e3cde2b3-89e9-4760-9378-367a00ab3fd7,Jafar Shadiq,https://play-lh.googleusercontent.com/a/ACg8ocIYrvI1eNenYbGNUtCWwKocrKGeKy8XuRe00tFXIm4AGZ0b-Q=mo,Sangat membantu,5,0,6.0.0-13.1,2021-02-28 09:55:08,,,6.0.0-13.1
e48a0f29-c237-4cdc-a754-373677955212,Muhammad Tsaabitah Daffa,https://play-lh.googleusercontent.com/a-/ALV-UjVdCRKsJXxpq0xloR5xozv45cXGpcGpJjkmyIeIncWmnHTuxDa2qA,Sangat membantu sekali aplikasinya dalam mengecek cuaca dan udara di lokasi yang kita singgahi,5,9,6.0.0-13.1,2021-02-24 02:16:45,,,6.0.0-13.1
aac800e4-98e5-466a-b811-b8e3f62e3e66,Esa astrit Dipika,https://play-lh.googleusercontent.com/a/ACg8ocKCJeCeiUSiG0eJdtQ0hC-a2Drr434qdxEmgBkyanoD5Oux8A=mo,"Bagus aplikasinya kita jd tau brpa kadar polusi di tempat kita ataupun ditempat lain diseluruh dunia, dan juga bisa tau kadar air, suhu dan cuaca setempat. Hanya saja aplikasinya tdk bisa disetting tempat kita berada secara permanen ya",4,16,6.0.0-13.1,2021-02-22 01:29:42,,,6.0.0-13.1
02931d84-e20a-4f8e-83fb-0030869f4b55,Yuri Minaassang,https://play-lh.googleusercontent.com/a/ACg8ocIF9PfnWz0iH07xWYsbBe7d0479nMANnhPuiF07VrMmh1A1gA=mo,Bantu gua bangett♥️,5,1,6.0.0-13.1,2021-02-18 23:49:43,,,6.0.0-13.1
c6e3e626-bee4-4a38-ba58-7c6ac5c7ebee,LG- Nathan,https://play-lh.googleusercontent.com/a-/ALV-UjVn3hihwnbrpUvh9mS3LBjcWvPD--dqaOa5yS8BTqPyQ0Gvpo4i,Membantu untuk kualitas udara,5,0,5.5.2-1.1,2021-02-13 09:21:44,,,5.5.2-1.1
6538909b-4133-450c-b928-3dcbee9e8932,Iqbal _Z.,https://play-lh.googleusercontent.com/a-/ALV-UjWacvZARMvcru2DnIeOLY_qiwfvGqqtSjmy34R9_UD5sBuVPmW_,Aplikasi yang sangat membantu dengan UI yang jelas dan mudah dipahami😁,5,4,5.5.2-1.1,2020-12-14 23:31:42,,,5.5.2-1.1
e2475189-22b2-49ae-8fcf-fc4f6e5a50cd,K A R U B I N {ナ タ ン},https://play-lh.googleusercontent.com/a-/ALV-UjXPzJlNCCUsYVM8QEzsEBwuekXBGxUuMR9o-QemH_53leYV6skv,"Bisa mengetahui kualitas udara ditempat saya, ini sangat hebat 😍",5,4,5.5.2-1.1,2020-12-06 16:47:38,,,5.5.2-1.1
c49c905c-0a9f-4dae-9f82-a322a616591d,Yuliizar Burlian,https://play-lh.googleusercontent.com/a-/ALV-UjV5_1VgQ82M5WehqVV2mJMtS5KLokTdkDAPftb91g2koRqUqyBoFQ,Benar mantap membantu cek udara,4,1,5.5.2-1.1,2020-12-02 00:10:52,,,5.5.2-1.1
f6ce13eb-d555-4ba0-82f6-2be71a50b120,Fauzan Ramadhani,https://play-lh.googleusercontent.com/a-/ALV-UjUa9SREm3CsGVNvtP-GJ2BJjMPnOxRSkEiT1C3Iv73b2iGiwrcj,Keren! Dengan aplikasi ini kita bisa tahu bahwa udara yang ada di sekitar kita ini TIDAK SEHAT,5,0,,2020-10-04 21:19:11,,,
277641c9-d335-49ee-8300-9d7895d97342,idham taufik maulana,https://play-lh.googleusercontent.com/a-/ALV-UjUZ9nGAo1CLVBeh7feg0P7hbiQpqe_JSQipUQNWwYcWi-10lO7i,Sangat membantu,5,0,5.5.0-12.4,2020-09-25 21:29:24,,,5.5.0-12.4
6978b363-f860-431d-935c-0ae26cd23e9c,Cepot Ompong,https://play-lh.googleusercontent.com/a/ACg8ocJ3X_sm9AOCEtNYf_KnQ03WkxS7DcjhHXxxLinlYaGjudx2HVcH=mo,Sangat membantu 😁,4,15,5.5.0-12.4,2020-09-08 23:38:29,,,5.5.0-12.4
68271d33-c6b8-4f6a-aa0f-fc4482510a30,Elia Natari Barito,https://play-lh.googleusercontent.com/a-/ALV-UjV-8KlCimgE9AEP7sf_o0us2PPVZv--Dey82SaED98o46QXT6Q-,Aplikasinya sangat membantu,5,2,5.4.3-1,2020-08-30 01:39:34,,,5.4.3-1
ea7ed8fc-85f9-4934-89df-cfdbefd2a4c3,Sujarwo KBD,https://play-lh.googleusercontent.com/a/ACg8ocJTHSxnNR95fSkEMSoyLsDmO2P5gOSt6FxP6UyQm987uO1_1g=mo,Sangat membantu,5,0,,2020-08-30 00:29:42,,,
ec02e62a-f9b2-44f9-b513-798f553ae0bc,Yuti Mulyawati,https://play-lh.googleusercontent.com/a-/ALV-UjVcBGYkLFi2rMaaXktoEMk7cR4kPYblTbe9Tr8w-PGES-6Ywem2,Jadi mengetahui kualitas udara di sekitar kita,4,1,5.4.3-1,2020-08-16 12:48:38,,,5.4.3-1
1002383d-3698-449d-a8c8-9503c94059b0,Mirandasari Prihatmoko,https://play-lh.googleusercontent.com/a/ACg8ocIkR-rOTu0-_oMkMdr_LFJZH8VgCHGEmo3iS1dGPJhc3JSS8w=mo,"Bagus,sangat membantu",5,0,5.4.3-1,2020-07-28 11:31:49,,,5.4.3-1
40906717-30cf-45c8-904f-a2c3f8f9e54c,tubagus nindyatmoko,https://play-lh.googleusercontent.com/a-/ALV-UjWje98XknE0LGEqcK1ZjH8Q1ZehxIcyLSpg0EhZhTEXHWSPKWo,Membantu dalam menjaga diri dari polutan,5,2,5.4.3-1,2020-07-28 00:24:13,,,5.4.3-1
0450cb2b-6492-4a0d-89a5-d01bd40fb0b5,Mutiara Mentari,https://play-lh.googleusercontent.com/a/ACg8ocJWDkkquoqXy4VM8IMKrUWictCP64QXrQrdY0zRAFGL6cg4uA=mo,Apk nya bagus banget sangat membantu mengetahui kualitas udara di tempat kita Top pokonya buat apk ini,5,12,5.4.3-1,2020-07-15 06:37:00,,,5.4.3-1
eb3b1949-c3ca-4ec2-ab23-ca3e8e8c9688,Budy Prasetiys,https://play-lh.googleusercontent.com/a/ACg8ocJTLAT_jvaI8RZuef61E0UuJ0a8F7Pv4NSnr5IR3pG2Wpj0pQ=mo,Sangat membantu,4,0,5.4.3-1,2020-07-14 05:35:28,,,5.4.3-1
811aff1b-4c18-4980-a23d-7d04b5234122,Suhono Dani,https://play-lh.googleusercontent.com/a-/ALV-UjXCB8zSOL8LB2RsMJL2aRLxeRErNi9vk-ewnTJ6Dzpb_3sQkNuA,Sangat membantu untuk melihat index udara di sekitar kita,5,6,5.4.3-1,2020-07-05 08:02:39,,,5.4.3-1
611a9532-d231-44b8-a1b6-81b31ad779e9,wanda ainur,https://play-lh.googleusercontent.com/a-/ALV-UjVoPD8zjN0a7dJ_owUiF2uGvEUTNJMzBmW6w65swU3FzMHHA1xG,sangat membantu sekali,5,1,5.4.3-1,2020-07-03 05:23:15,,,5.4.3-1
951a9e7c-731a-4947-8bd6-c34d63ca3c5d,han han,https://play-lh.googleusercontent.com/a/ACg8ocKRjmUv8mHCVPmWeCXNnFYysswO9nrs_odxucKVFnrHOfSuEw=mo,Sangat sangat sangat membantu,5,2,5.4.3-1,2020-06-22 11:48:17,,,5.4.3-1
f7e65052-30e5-40ca-94ab-ad2d6cb0cb95,Renn Sembiring,https://play-lh.googleusercontent.com/a/ACg8ocKE2zg5CMNGAqDQxHwYOUAIF72B2k9S7n0Q4NAHum3KGJuiOg=mo,dengan mengetahui tingkat aq ini kita dapat mengetahui tingkat kwalitas udara apakah baik atau tidak untuk kesehatan kita terutama bagi kita yg rentan atau sensitif dengan penyakit tertentu. untuk lebih membantu menjaga kesehatan kita,5,40,5.4.3-1,2020-05-19 03:18:12,,,5.4.3-1
7f02b5f6-1140-44e8-a8f9-022bed4800f8,D Ibenk,https://play-lh.googleusercontent.com/a-/ALV-UjWZEW2Dnf3moUJ5CRDtJ6WZriSRwjpFzhtOOAlTX_YLqOt861Q,Bantu sekali,4,0,5.3.1-1,2020-04-30 05:30:07,,,5.3.1-1
2555fabf-a25c-4897-bdc4-eea0b4838313,Pengguna Google,https://play-lh.googleusercontent.com/EGemoI2NTXmTsBVtJqk8jxF9rh8ApRWfsIMQSt2uE4OcpQqbFu7f7NbTK05lx80nuSijCz7sc3a277R67g,sy suka app ini.cukup bagus.tapi utk pantau virus yg di udara blm bisa ya,5,0,5.3.1-1,2020-04-26 08:30:57,,,5.3.1-1
666e0d4c-4d85-49f7-a3d1-5c302692c36e,Pengguna Google,https://play-lh.googleusercontent.com/EGemoI2NTXmTsBVtJqk8jxF9rh8ApRWfsIMQSt2uE4OcpQqbFu7f7NbTK05lx80nuSijCz7sc3a277R67g,cukup membantu,4,0,5.3.1-1,2020-04-21 12:13:09,,,5.3.1-1
45977e8a-9633-4224-b744-5cbc84af4da2,Pengguna Google,https://play-lh.googleusercontent.com/EGemoI2NTXmTsBVtJqk8jxF9rh8ApRWfsIMQSt2uE4OcpQqbFu7f7NbTK05lx80nuSijCz7sc3a277R67g,After 2 weeks lock down in Jakarta the aplication still show red colour in day time.,1,1,,2020-04-18 01:32:53,"Hi, we always display the data sources, you can find this listed at the bottom of every location's page within the app. We report from government monitoring networks as well as community sensors. If you are unsure about a specific location, please tell us details in the live chat via this link: https://support.airvisual.com/en",2020-05-13 03:40:36,
e6340f6a-91bf-4228-bb05-f80bedd96b7a,Pengguna Google,https://play-lh.googleusercontent.com/EGemoI2NTXmTsBVtJqk8jxF9rh8ApRWfsIMQSt2uE4OcpQqbFu7f7NbTK05lx80nuSijCz7sc3a277R67g,sangat membantu makasih,5,0,5.3.1-1,2020-04-14 05:53:27,,,5.3.1-1
c922289a-de39-48d6-aaeb-a8fa2ee7ca7b,Pengguna Google,https://play-lh.googleusercontent.com/EGemoI2NTXmTsBVtJqk8jxF9rh8ApRWfsIMQSt2uE4OcpQqbFu7f7NbTK05lx80nuSijCz7sc3a277R67g,Sangat membantu untuk informasi kadar udara,5,0,5.3.1-1,2020-04-12 06:15:55,,,5.3.1-1
1f54a064-d7aa-4643-b07c-54c606f63f0e,Pengguna Google,https://play-lh.googleusercontent.com/EGemoI2NTXmTsBVtJqk8jxF9rh8ApRWfsIMQSt2uE4OcpQqbFu7f7NbTK05lx80nuSijCz7sc3a277R67g,"Saya suka aplikasi ini, Krn bs mendeteksi kualitas udara di sekitar kami dan ada petunjuk tindakan apa yg harus kami lakukan",4,23,5.3.1-1,2020-04-10 18:25:34,,,5.3.1-1
dc4a9b94-e5b5-465e-bb50-4d3356176b2f,Pengguna Google,https://play-lh.googleusercontent.com/EGemoI2NTXmTsBVtJqk8jxF9rh8ApRWfsIMQSt2uE4OcpQqbFu7f7NbTK05lx80nuSijCz7sc3a277R67g,Sangat membantu sekali disaat kita berada disuatu tempat.,5,2,5.3.1-1,2020-04-10 13:53:58,,,5.3.1-1
16e05892-d432-4f87-90ff-901768d7ca25,Pengguna Google,https://play-lh.googleusercontent.com/EGemoI2NTXmTsBVtJqk8jxF9rh8ApRWfsIMQSt2uE4OcpQqbFu7f7NbTK05lx80nuSijCz7sc3a277R67g,"Saya sangat butuh AQ/AV ini karena saya seorang penderita Bronchitis/Asmatis sejak lk 50 thn yg lalu, sehingga saya siap dgn keperluan apa kalo keluar rmh/kota dgn mempedomani cuaca ini. Trims untuk itu.",4,22,5.2.1-2,2020-04-10 11:46:32,,,5.2.1-2
ef407c54-a483-4504-b7b2-ec138affb5f9,Pengguna Google,https://play-lh.googleusercontent.com/EGemoI2NTXmTsBVtJqk8jxF9rh8ApRWfsIMQSt2uE4OcpQqbFu7f7NbTK05lx80nuSijCz7sc3a277R67g,"Sangat di rekomendasi kan untuk masuk wilayah yg sehat, dan bebas polusi",5,14,5.3.1-1,2020-04-05 22:27:40,,,5.3.1-1
46b8f585-6d91-4410-ab03-f7b9ce85546d,Pengguna Google,https://play-lh.googleusercontent.com/EGemoI2NTXmTsBVtJqk8jxF9rh8ApRWfsIMQSt2uE4OcpQqbFu7f7NbTK05lx80nuSijCz7sc3a277R67g,Aplikasi yang keakuratan nya bisa sampai 80%. Bisa membantu saya dalam aktivitas sehari2 dengan melihat kondisi udara yang ada di kota yang akan saya tuju.,5,12,,2020-03-25 11:06:50,,,
ed2599d9-4ed9-4823-adaf-3b83a016486b,Pengguna Google,https://play-lh.googleusercontent.com/EGemoI2NTXmTsBVtJqk8jxF9rh8ApRWfsIMQSt2uE4OcpQqbFu7f7NbTK05lx80nuSijCz7sc3a277R67g,Membantu buat monitoring kualitas udara di sekitar secara real time. Wes ngono ae ... orah usah bacot seng gak seneng aplikaai iki kecuali seng bacot iku poro developer no problem.,4,35,5.3.1-1,2020-03-23 00:09:19,,,5.3.1-1
dc4252cc-1d84-4e8f-a418-923a0a28853d,Pengguna Google,https://play-lh.googleusercontent.com/EGemoI2NTXmTsBVtJqk8jxF9rh8ApRWfsIMQSt2uE4OcpQqbFu7f7NbTK05lx80nuSijCz7sc3a277R67g,Membantu,4,0,5.3.1-1,2020-03-20 03:21:14,,,5.3.1-1
53e0b67b-56c3-4b24-b521-aab7dca99cd1,Pengguna Google,https://play-lh.googleusercontent.com/EGemoI2NTXmTsBVtJqk8jxF9rh8ApRWfsIMQSt2uE4OcpQqbFu7f7NbTK05lx80nuSijCz7sc3a277R67g,Membantu,5,0,5.3.1-1,2020-03-16 04:33:22,,,5.3.1-1
e1d6a193-8a8a-4722-bc4b-cb979bd8d933,Pengguna Google,https://play-lh.googleusercontent.com/EGemoI2NTXmTsBVtJqk8jxF9rh8ApRWfsIMQSt2uE4OcpQqbFu7f7NbTK05lx80nuSijCz7sc3a277R67g,"Bisa bernapas dengan baik,aplikasi terbaik 👍👍👍👍",5,0,5.3.1-1,2020-03-15 06:16:46,,,5.3.1-1
a42809b5-d6ef-482b-b4c4-91684ebc4d39,Pengguna Google,https://play-lh.googleusercontent.com/EGemoI2NTXmTsBVtJqk8jxF9rh8ApRWfsIMQSt2uE4OcpQqbFu7f7NbTK05lx80nuSijCz7sc3a277R67g,Sangat membantu.,5,0,,2020-03-10 02:34:14,,,
bda516c2-5c50-47ba-87f3-12829b1dd1f2,Pengguna Google,https://play-lh.googleusercontent.com/EGemoI2NTXmTsBVtJqk8jxF9rh8ApRWfsIMQSt2uE4OcpQqbFu7f7NbTK05lx80nuSijCz7sc3a277R67g,Tks sudah sangat membantu,3,0,5.3.1-1,2020-02-18 12:01:43,"Hi Dona,
Thank you for your message. We always try to improve the app. Please tell us 1 thing for improvement so that we can earn your 5 stars review next time! Thanks.
The AirVisual team",2020-05-13 04:18:07,5.3.1-1
ad8a562c-50ab-4ebf-a0aa-98bfdd1e1a9b,Pengguna Google,https://play-lh.googleusercontent.com/EGemoI2NTXmTsBVtJqk8jxF9rh8ApRWfsIMQSt2uE4OcpQqbFu7f7NbTK05lx80nuSijCz7sc3a277R67g,Aplikasi yg sangat membantu. Tingkatkan terus kinerjanya. Gbu,5,0,,2020-02-16 03:01:08,,,
b55fa6a8-9c23-46d7-8320-1a1fa58b74b2,Pengguna Google,https://play-lh.googleusercontent.com/EGemoI2NTXmTsBVtJqk8jxF9rh8ApRWfsIMQSt2uE4OcpQqbFu7f7NbTK05lx80nuSijCz7sc3a277R67g,Sangat membantu,5,1,5.3.1-1,2020-02-13 07:31:39,,,5.3.1-1
9c987503-f25d-40f8-b262-278cbe9178fe,Pengguna Google,https://play-lh.googleusercontent.com/EGemoI2NTXmTsBVtJqk8jxF9rh8ApRWfsIMQSt2uE4OcpQqbFu7f7NbTK05lx80nuSijCz7sc3a277R67g,Sangat membantu,5,0,,2020-02-08 00:00:52,,,
b9f7c111-a16b-49ed-a562-25730b8ca297,Pengguna Google,https://play-lh.googleusercontent.com/EGemoI2NTXmTsBVtJqk8jxF9rh8ApRWfsIMQSt2uE4OcpQqbFu7f7NbTK05lx80nuSijCz7sc3a277R67g,Bagus Sangat membantu,4,0,5.3.1-1,2020-01-21 01:40:40,,,5.3.1-1
ff028d69-81f4-49d1-b4b9-8ea6a9abc0a6,Pengguna Google,https://play-lh.googleusercontent.com/EGemoI2NTXmTsBVtJqk8jxF9rh8ApRWfsIMQSt2uE4OcpQqbFu7f7NbTK05lx80nuSijCz7sc3a277R67g,Jadi tau gimana kondisi udara di luar negeri jugaa makasih,5,4,5.3.1-1,2020-01-14 17:07:29,,,5.3.1-1
66855ef5-8d6d-4911-94aa-611e45d9dbde,Pengguna Google,https://play-lh.googleusercontent.com/EGemoI2NTXmTsBVtJqk8jxF9rh8ApRWfsIMQSt2uE4OcpQqbFu7f7NbTK05lx80nuSijCz7sc3a277R67g,Sangat membantu☺☺,4,0,5.2.0-9.24,2019-12-20 14:07:28,,,5.2.0-9.24
34b49e94-b6a9-486a-ad72-789e47d33ea0,Pengguna Google,https://play-lh.googleusercontent.com/EGemoI2NTXmTsBVtJqk8jxF9rh8ApRWfsIMQSt2uE4OcpQqbFu7f7NbTK05lx80nuSijCz7sc3a277R67g,Mantap sangat membantu,5,0,5.3.1-1,2019-12-16 06:38:51,,,5.3.1-1
a6a47791-897e-4c20-9a28-3b5d02ae06ee,Pengguna Google,https://play-lh.googleusercontent.com/EGemoI2NTXmTsBVtJqk8jxF9rh8ApRWfsIMQSt2uE4OcpQqbFu7f7NbTK05lx80nuSijCz7sc3a277R67g,Sangat membantu,4,0,5.3.1-1,2019-12-09 02:26:03,,,5.3.1-1
ed4009f9-86bb-4a0f-939b-6c3ab58b3ebb,Pengguna Google,https://play-lh.googleusercontent.com/EGemoI2NTXmTsBVtJqk8jxF9rh8ApRWfsIMQSt2uE4OcpQqbFu7f7NbTK05lx80nuSijCz7sc3a277R67g,Bagus untuk mengetahui udara sekitar,4,0,5.3.1-1,2019-11-28 11:43:40,,,5.3.1-1
25ab8afb-0f58-4849-8296-da6fca218da8,Pengguna Google,https://play-lh.googleusercontent.com/EGemoI2NTXmTsBVtJqk8jxF9rh8ApRWfsIMQSt2uE4OcpQqbFu7f7NbTK05lx80nuSijCz7sc3a277R67g,"Bisa melihat keadaan cuaca,udara dan suhu suatu daerah",5,1,5.3.1-1,2019-11-14 09:09:18,,,5.3.1-1
22ceabfd-98d3-4c85-9600-a610af766b03,Pengguna Google,https://play-lh.googleusercontent.com/EGemoI2NTXmTsBVtJqk8jxF9rh8ApRWfsIMQSt2uE4OcpQqbFu7f7NbTK05lx80nuSijCz7sc3a277R67g,Membantu sekali,4,0,5.2.1-2,2019-11-13 22:53:18,,,5.2.1-2
4a6722ec-8aa6-4876-bf40-9cc041f60a3b,Pengguna Google,https://play-lh.googleusercontent.com/EGemoI2NTXmTsBVtJqk8jxF9rh8ApRWfsIMQSt2uE4OcpQqbFu7f7NbTK05lx80nuSijCz7sc3a277R67g,Aplikasinya sangat membantu sekali...,5,0,5.3.1-1,2019-11-10 22:45:53,,,5.3.1-1
3a708329-bb33-4076-b2bc-c2a7a031ffae,Pengguna Google,https://play-lh.googleusercontent.com/EGemoI2NTXmTsBVtJqk8jxF9rh8ApRWfsIMQSt2uE4OcpQqbFu7f7NbTK05lx80nuSijCz7sc3a277R67g,Sangat bagus dan membantu,5,0,5.2.1-2,2019-11-10 04:20:20,,,5.2.1-2
c7478854-ac3e-43c9-9c8e-bff0c58dd16c,Pengguna Google,https://play-lh.googleusercontent.com/EGemoI2NTXmTsBVtJqk8jxF9rh8ApRWfsIMQSt2uE4OcpQqbFu7f7NbTK05lx80nuSijCz7sc3a277R67g,Sangat membantu..hanya update lokasi kurang spesifik,4,2,5.3.1-1,2019-11-09 22:50:30,,,5.3.1-1
72fae8cd-4acf-4665-ab91-52f364a2d40f,Pengguna Google,https://play-lh.googleusercontent.com/EGemoI2NTXmTsBVtJqk8jxF9rh8ApRWfsIMQSt2uE4OcpQqbFu7f7NbTK05lx80nuSijCz7sc3a277R67g,Membantu untuk mengetahui kualitas udara sekitar,5,0,5.2.1-2,2019-11-09 05:09:27,,,5.2.1-2
a27d0627-d908-42db-b3c4-4ac01125832d,Pengguna Google,https://play-lh.googleusercontent.com/EGemoI2NTXmTsBVtJqk8jxF9rh8ApRWfsIMQSt2uE4OcpQqbFu7f7NbTK05lx80nuSijCz7sc3a277R67g,Sangat membantu untuk mengetahui kualitas udara di tempat kita berpijak,5,1,5.3.1-1,2019-11-08 01:10:10,,,5.3.1-1
429c23d8-8ce6-44a7-908c-02d518ce88f4,Pengguna Google,https://play-lh.googleusercontent.com/EGemoI2NTXmTsBVtJqk8jxF9rh8ApRWfsIMQSt2uE4OcpQqbFu7f7NbTK05lx80nuSijCz7sc3a277R67g,Aplikasi ini sangat membantu saya untuk melihat keadaan kualitas udara di kota saya,5,2,5.3.1-1,2019-11-07 01:32:52,,,5.3.1-1
d91577a1-ad88-447b-a4e9-f7f7952d90fc,Pengguna Google,https://play-lh.googleusercontent.com/EGemoI2NTXmTsBVtJqk8jxF9rh8ApRWfsIMQSt2uE4OcpQqbFu7f7NbTK05lx80nuSijCz7sc3a277R67g,Membantu sekali terutama pas saya mw olahraga outdoor.,5,1,5.3.1-1,2019-11-06 23:43:39,,,5.3.1-1
5dac2d19-337f-4cd0-9605-ffa900a6acc6,Pengguna Google,https://play-lh.googleusercontent.com/EGemoI2NTXmTsBVtJqk8jxF9rh8ApRWfsIMQSt2uE4OcpQqbFu7f7NbTK05lx80nuSijCz7sc3a277R67g,Sangat bagus untuk mengetahui suhu dan intensitas udara di sekitar,5,1,5.3.1-1,2019-11-05 07:57:42,,,5.3.1-1
8d803861-9486-4f1c-95bb-8012590a9b8b,Pengguna Google,https://play-lh.googleusercontent.com/EGemoI2NTXmTsBVtJqk8jxF9rh8ApRWfsIMQSt2uE4OcpQqbFu7f7NbTK05lx80nuSijCz7sc3a277R67g,Mantap dan sangat membantu,5,0,5.3.1-1,2019-11-04 10:36:52,,,5.3.1-1
9302c70e-56ca-4370-959f-934b45020d62,Pengguna Google,https://play-lh.googleusercontent.com/EGemoI2NTXmTsBVtJqk8jxF9rh8ApRWfsIMQSt2uE4OcpQqbFu7f7NbTK05lx80nuSijCz7sc3a277R67g,Sangat membantu dan bisa mantau yg di daerah,5,0,5.3.1-1,2019-11-02 08:11:52,,,5.3.1-1
228e9ad0-64d4-4476-82f6-f361ff0400db,Pengguna Google,https://play-lh.googleusercontent.com/EGemoI2NTXmTsBVtJqk8jxF9rh8ApRWfsIMQSt2uE4OcpQqbFu7f7NbTK05lx80nuSijCz7sc3a277R67g,terimakasih sudah membantu saya dengan adanya aplikasi ini,5,0,5.2.1-2,2019-10-30 19:23:46,,,5.2.1-2
f37d7ec5-b3b8-42fe-99f1-f1f38e36006e,Pengguna Google,https://play-lh.googleusercontent.com/EGemoI2NTXmTsBVtJqk8jxF9rh8ApRWfsIMQSt2uE4OcpQqbFu7f7NbTK05lx80nuSijCz7sc3a277R67g,sangat membantu,5,0,5.2.1-2,2019-10-28 16:34:05,,,5.2.1-2
0d4a55b7-c2c8-4f30-abab-bdc64046f1a0,Pengguna Google,https://play-lh.googleusercontent.com/EGemoI2NTXmTsBVtJqk8jxF9rh8ApRWfsIMQSt2uE4OcpQqbFu7f7NbTK05lx80nuSijCz7sc3a277R67g,"Aplikasi ini sangat membantu saya, keren dehhh👍👍👍",5,0,5.2.1-2,2019-10-28 06:51:01,,,5.2.1-2
d0e3be73-a3c6-4f2f-886b-59ca2adf0818,Pengguna Google,https://play-lh.googleusercontent.com/EGemoI2NTXmTsBVtJqk8jxF9rh8ApRWfsIMQSt2uE4OcpQqbFu7f7NbTK05lx80nuSijCz7sc3a277R67g,Membantu,5,0,5.2.1-2,2019-10-28 04:21:43,,,5.2.1-2
d559feb7-555b-437d-8559-ea0dbd06eddf,Pengguna Google,https://play-lh.googleusercontent.com/EGemoI2NTXmTsBVtJqk8jxF9rh8ApRWfsIMQSt2uE4OcpQqbFu7f7NbTK05lx80nuSijCz7sc3a277R67g,Sangat membantu dalam mengetahui suhu kualitas udara yg kita hirup 👍😇,5,1,5.2.1-2,2019-10-27 14:26:45,,,5.2.1-2
d496b4ef-78da-43ac-b4d2-07ee6848d545,Pengguna Google,https://play-lh.googleusercontent.com/EGemoI2NTXmTsBVtJqk8jxF9rh8ApRWfsIMQSt2uE4OcpQqbFu7f7NbTK05lx80nuSijCz7sc3a277R67g,Keren aplikasi ini bisa bikin aku tau udara segar atau berbahaya aplikasi ini sangatlah berguna...,5,1,5.2.1-2,2019-10-26 23:20:45,,,5.2.1-2
a485e281-211c-4976-a8a5-0fbe03297eff,Pengguna Google,https://play-lh.googleusercontent.com/EGemoI2NTXmTsBVtJqk8jxF9rh8ApRWfsIMQSt2uE4OcpQqbFu7f7NbTK05lx80nuSijCz7sc3a277R67g,Bs membantu wilayah terdampak kabut asap akibat pembakaran hutan 💔,5,1,5.2.1-2,2019-10-26 16:50:24,,,5.2.1-2
7efa9d06-6e8d-4183-b053-814c81b0a900,Pengguna Google,https://play-lh.googleusercontent.com/EGemoI2NTXmTsBVtJqk8jxF9rh8ApRWfsIMQSt2uE4OcpQqbFu7f7NbTK05lx80nuSijCz7sc3a277R67g,Membantu,5,0,5.2.1-2,2019-10-26 02:45:08,,,5.2.1-2
58fa36da-d573-4a39-8c02-be3ca355f6c2,Pengguna Google,https://play-lh.googleusercontent.com/EGemoI2NTXmTsBVtJqk8jxF9rh8ApRWfsIMQSt2uE4OcpQqbFu7f7NbTK05lx80nuSijCz7sc3a277R67g,Sangat membantu,5,0,5.2.1-2,2019-10-25 07:28:19,,,5.2.1-2
a6435a5d-bda0-4ec7-ab80-d932184f3cbb,Pengguna Google,https://play-lh.googleusercontent.com/EGemoI2NTXmTsBVtJqk8jxF9rh8ApRWfsIMQSt2uE4OcpQqbFu7f7NbTK05lx80nuSijCz7sc3a277R67g,Ngaco. Jakarta malah sehat dan sedang. Di sumedang yang notabene ny banyak pohon dan kendaraanya sedikit malah bahaya tidak sehat. Perbaiki lagi sistem nya,2,41,5.3.1-1,2019-10-24 17:01:41,,,5.3.1-1
22276217-9e8a-4985-91d8-320b1d832bd2,Pengguna Google,https://play-lh.googleusercontent.com/EGemoI2NTXmTsBVtJqk8jxF9rh8ApRWfsIMQSt2uE4OcpQqbFu7f7NbTK05lx80nuSijCz7sc3a277R67g,Sangat membantu,5,0,,2019-10-24 12:32:08,,,
91798d9a-5239-4475-a52d-462b552a7268,Pengguna Google,https://play-lh.googleusercontent.com/EGemoI2NTXmTsBVtJqk8jxF9rh8ApRWfsIMQSt2uE4OcpQqbFu7f7NbTK05lx80nuSijCz7sc3a277R67g,Sangat membantu sekali,5,1,5.3.0-10,2019-10-23 23:28:12,,,5.3.0-10
fa91a68b-ca65-4454-8659-b5cc0c1625c0,Pengguna Google,https://play-lh.googleusercontent.com/EGemoI2NTXmTsBVtJqk8jxF9rh8ApRWfsIMQSt2uE4OcpQqbFu7f7NbTK05lx80nuSijCz7sc3a277R67g,Sangat membantu,5,1,5.2.1-2,2019-10-23 20:57:02,,,5.2.1-2
2c01b526-be2f-4da8-8f47-1b5be9b2edcf,Pengguna Google,https://play-lh.googleusercontent.com/EGemoI2NTXmTsBVtJqk8jxF9rh8ApRWfsIMQSt2uE4OcpQqbFu7f7NbTK05lx80nuSijCz7sc3a277R67g,Aplikasinya sangat membantu,5,0,5.2.0-9.24,2019-10-23 05:45:21,,,5.2.0-9.24
2aa77389-a287-49f3-9320-1f3e322700aa,Pengguna Google,https://play-lh.googleusercontent.com/EGemoI2NTXmTsBVtJqk8jxF9rh8ApRWfsIMQSt2uE4OcpQqbFu7f7NbTK05lx80nuSijCz7sc3a277R67g,Bnr membantu,4,0,5.2.1-2,2019-10-22 22:53:48,,,5.2.1-2
2c6ba29e-5278-4823-8c8d-9f9c368d2f91,Pengguna Google,https://play-lh.googleusercontent.com/EGemoI2NTXmTsBVtJqk8jxF9rh8ApRWfsIMQSt2uE4OcpQqbFu7f7NbTK05lx80nuSijCz7sc3a277R67g,Sangat membantu sekali,5,0,5.2.1-2,2019-10-22 14:03:08,,,5.2.1-2
a8b1d1a2-e547-48ae-ab56-dc3d45bd233f,Pengguna Google,https://play-lh.googleusercontent.com/EGemoI2NTXmTsBVtJqk8jxF9rh8ApRWfsIMQSt2uE4OcpQqbFu7f7NbTK05lx80nuSijCz7sc3a277R67g,sangat membantu,5,0,5.2.1-2,2019-10-21 21:47:05,,,5.2.1-2
0e65b145-2e91-4880-b4fc-c3d14ad8254f,Pengguna Google,https://play-lh.googleusercontent.com/EGemoI2NTXmTsBVtJqk8jxF9rh8ApRWfsIMQSt2uE4OcpQqbFu7f7NbTK05lx80nuSijCz7sc3a277R67g,Sangat membantu untuk mengetahui tingkat pencemaran udara,5,0,5.2.1-2,2019-10-20 23:27:31,,,5.2.1-2
b14b2236-efda-40cc-85b1-1b10bdc22985,Pengguna Google,https://play-lh.googleusercontent.com/EGemoI2NTXmTsBVtJqk8jxF9rh8ApRWfsIMQSt2uE4OcpQqbFu7f7NbTK05lx80nuSijCz7sc3a277R67g,aplikasi yang sangat bagus dan membantu untuk keseharian saya,3,0,5.2.1-2,2019-10-20 19:40:09,,,5.2.1-2
7f2af42b-da05-4679-95f4-b318538fd5dd,Pengguna Google,https://play-lh.googleusercontent.com/EGemoI2NTXmTsBVtJqk8jxF9rh8ApRWfsIMQSt2uE4OcpQqbFu7f7NbTK05lx80nuSijCz7sc3a277R67g,Sangat membantu,5,0,5.2.1-2,2019-10-19 08:11:56,,,5.2.1-2
32a1f7cf-dfbc-4490-83d3-d552623ca354,Pengguna Google,https://play-lh.googleusercontent.com/EGemoI2NTXmTsBVtJqk8jxF9rh8ApRWfsIMQSt2uE4OcpQqbFu7f7NbTK05lx80nuSijCz7sc3a277R67g,Sangat membantu,5,0,5.2.1-2,2019-10-19 04:18:49,,,5.2.1-2
20de57c2-f6ed-43a8-8644-5e45328e0e9e,Pengguna Google,https://play-lh.googleusercontent.com/EGemoI2NTXmTsBVtJqk8jxF9rh8ApRWfsIMQSt2uE4OcpQqbFu7f7NbTK05lx80nuSijCz7sc3a277R67g,"Bagus membantu, namun kalau bisa wilayah kecamatan terdata.",3,2,5.2.1-2,2019-10-18 11:37:11,,,5.2.1-2
ad574a5d-1921-4a9d-9291-4e80a199a876,Pengguna Google,https://play-lh.googleusercontent.com/EGemoI2NTXmTsBVtJqk8jxF9rh8ApRWfsIMQSt2uE4OcpQqbFu7f7NbTK05lx80nuSijCz7sc3a277R67g,Sangat membantu dan akurat,5,0,5.2.1-2,2019-10-17 03:06:02,,,5.2.1-2
aa87e8d8-2680-416e-8f2b-91c60355c5d7,Pengguna Google,https://play-lh.googleusercontent.com/EGemoI2NTXmTsBVtJqk8jxF9rh8ApRWfsIMQSt2uE4OcpQqbFu7f7NbTK05lx80nuSijCz7sc3a277R67g,Sangat membantu kami,5,0,5.2.1-2,2019-10-16 22:22:45,,,5.2.1-2
48552b53-ab64-4710-8c80-22315fedcd63,Pengguna Google,https://play-lh.googleusercontent.com/EGemoI2NTXmTsBVtJqk8jxF9rh8ApRWfsIMQSt2uE4OcpQqbFu7f7NbTK05lx80nuSijCz7sc3a277R67g,sangat bagus dan membantu,5,0,5.2.1-2,2019-10-16 12:07:06,,,5.2.1-2
d80119e2-40fe-4f5b-b38c-f529b8e54c96,Pengguna Google,https://play-lh.googleusercontent.com/EGemoI2NTXmTsBVtJqk8jxF9rh8ApRWfsIMQSt2uE4OcpQqbFu7f7NbTK05lx80nuSijCz7sc3a277R67g,"Apk ny sangat membantu,sehingga bisa mengetahui keadaan udara sekitar",5,0,5.2.1-2,2019-10-16 10:18:49,,,5.2.1-2
f1f0f4ed-30f9-4f23-9a5d-b3f776fe888d,Pengguna Google,https://play-lh.googleusercontent.com/EGemoI2NTXmTsBVtJqk8jxF9rh8ApRWfsIMQSt2uE4OcpQqbFu7f7NbTK05lx80nuSijCz7sc3a277R67g,Membantu sekali,4,0,5.2.1-2,2019-10-16 09:00:57,,,5.2.1-2
e8ed321e-5e2b-437e-ae09-3a59abf5782a,Pengguna Google,https://play-lh.googleusercontent.com/EGemoI2NTXmTsBVtJqk8jxF9rh8ApRWfsIMQSt2uE4OcpQqbFu7f7NbTK05lx80nuSijCz7sc3a277R67g,Sangat membantu,4,0,,2019-10-16 06:28:02,,,
79c232ef-f492-4f9e-a24c-6239441ec028,Pengguna Google,https://play-lh.googleusercontent.com/EGemoI2NTXmTsBVtJqk8jxF9rh8ApRWfsIMQSt2uE4OcpQqbFu7f7NbTK05lx80nuSijCz7sc3a277R67g,"Sangat Membatu Tuk Menginformasikan keadaan & suasana Polusi di Masa Kini, Txs",5,0,5.2.1-2,2019-10-16 02:00:50,,,5.2.1-2
aa8871bb-7b44-4958-9cd5-1591b732fd40,Pengguna Google,https://play-lh.googleusercontent.com/EGemoI2NTXmTsBVtJqk8jxF9rh8ApRWfsIMQSt2uE4OcpQqbFu7f7NbTK05lx80nuSijCz7sc3a277R67g,Bisa mengetahui kualitas udara,5,0,5.2.1-2,2019-10-15 00:59:15,,,5.2.1-2
808b0661-cd23-4295-9a30-1838eab4c7ef,Pengguna Google,https://play-lh.googleusercontent.com/EGemoI2NTXmTsBVtJqk8jxF9rh8ApRWfsIMQSt2uE4OcpQqbFu7f7NbTK05lx80nuSijCz7sc3a277R67g,Membantu 🙏,5,0,,2019-10-14 10:36:56,,,
721bfb1c-09f3-42be-88d1-c918081c0bc6,Pengguna Google,https://play-lh.googleusercontent.com/EGemoI2NTXmTsBVtJqk8jxF9rh8ApRWfsIMQSt2uE4OcpQqbFu7f7NbTK05lx80nuSijCz7sc3a277R67g,"Apakah apk ini sedang eror,hari ini asap sangat bnyak tpi di aplikasi memantau baik2 saja😑",1,2,5.2.1-2,2019-10-14 03:35:20,,,5.2.1-2
5e92a8de-97d1-4b3f-ad1b-242f9a9c6915,Pengguna Google,https://play-lh.googleusercontent.com/EGemoI2NTXmTsBVtJqk8jxF9rh8ApRWfsIMQSt2uE4OcpQqbFu7f7NbTK05lx80nuSijCz7sc3a277R67g,Wahhh canggih kita bisa tau kualitas udara di tempat lain juga selain daerah kita bahkan sampai ke luar negeri saya kasih bintang lima karena bagusss,5,6,5.2.1-2,2019-10-12 21:58:52,,,5.2.1-2
f953628b-e7ed-48f8-9703-197fabd4bb53,Pengguna Google,https://play-lh.googleusercontent.com/EGemoI2NTXmTsBVtJqk8jxF9rh8ApRWfsIMQSt2uE4OcpQqbFu7f7NbTK05lx80nuSijCz7sc3a277R67g,Sangat membantu,5,0,5.2.1-2,2019-10-12 09:11:04,,,5.2.1-2
a24cb9d6-9947-4a58-95ca-a701e57af135,Pengguna Google,https://play-lh.googleusercontent.com/EGemoI2NTXmTsBVtJqk8jxF9rh8ApRWfsIMQSt2uE4OcpQqbFu7f7NbTK05lx80nuSijCz7sc3a277R67g,Cukup bantuu,5,0,5.2.1-2,2019-10-11 01:01:21,,,5.2.1-2
067a99c1-70b8-447b-b794-0dc9def52645,Pengguna Google,https://play-lh.googleusercontent.com/EGemoI2NTXmTsBVtJqk8jxF9rh8ApRWfsIMQSt2uE4OcpQqbFu7f7NbTK05lx80nuSijCz7sc3a277R67g,Nice sangat membantu bangets,5,1,5.2.1-2,2019-10-10 15:24:17,,,5.2.1-2
db8f29fb-a7b0-40fd-9d71-73acf6cdf1a8,Pengguna Google,https://play-lh.googleusercontent.com/EGemoI2NTXmTsBVtJqk8jxF9rh8ApRWfsIMQSt2uE4OcpQqbFu7f7NbTK05lx80nuSijCz7sc3a277R67g,Sangat membantu untuk mengetahui bagaimana keadaan udara dan cuaca ditempat tinggal,5,2,5.2.1-2,2019-10-10 06:57:39,,,5.2.1-2
3faa3226-5216-43a5-9514-931159898414,Pengguna Google,https://play-lh.googleusercontent.com/EGemoI2NTXmTsBVtJqk8jxF9rh8ApRWfsIMQSt2uE4OcpQqbFu7f7NbTK05lx80nuSijCz7sc3a277R67g,Sangat membantu,3,0,5.2.1-2,2019-10-09 23:30:43,,,5.2.1-2
244e5dc1-eabf-421c-a02c-257adc2c52b5,Pengguna Google,https://play-lh.googleusercontent.com/EGemoI2NTXmTsBVtJqk8jxF9rh8ApRWfsIMQSt2uE4OcpQqbFu7f7NbTK05lx80nuSijCz7sc3a277R67g,"Cukupppp, dan membantu",4,0,5.2.0-9.24,2019-10-09 06:47:05,,,5.2.0-9.24
320ae629-2687-4e71-9ce9-0ae990e066a6,Pengguna Google,https://play-lh.googleusercontent.com/EGemoI2NTXmTsBVtJqk8jxF9rh8ApRWfsIMQSt2uE4OcpQqbFu7f7NbTK05lx80nuSijCz7sc3a277R67g,Sangat membantu,5,0,,2019-10-08 23:41:43,,,
138876c6-5f29-40fd-8c47-83be2a10741c,Pengguna Google,https://play-lh.googleusercontent.com/EGemoI2NTXmTsBVtJqk8jxF9rh8ApRWfsIMQSt2uE4OcpQqbFu7f7NbTK05lx80nuSijCz7sc3a277R67g,"Tepat, kalau saya dah merasa sesak nafas , alergi kumat, pas d cek di app ini, ternyata tepat udara tempat tinggal saya sedang tidak baik.. terimakasih , app ini sangat bermanfaat",5,79,5.2.1-2,2019-10-08 10:53:45,,,5.2.1-2
d4b57d3b-a7a0-4bf4-b5a5-eee1b9d834a1,Pengguna Google,https://play-lh.googleusercontent.com/EGemoI2NTXmTsBVtJqk8jxF9rh8ApRWfsIMQSt2uE4OcpQqbFu7f7NbTK05lx80nuSijCz7sc3a277R67g,Membantu keadaan udara untuk antisipasi kesehatan.,4,0,5.2.1-2,2019-10-08 04:15:04,,,5.2.1-2
dd5299a0-253b-4914-8a1b-ec511e5e0016,Pengguna Google,https://play-lh.googleusercontent.com/EGemoI2NTXmTsBVtJqk8jxF9rh8ApRWfsIMQSt2uE4OcpQqbFu7f7NbTK05lx80nuSijCz7sc3a277R67g,Sangat membantu,5,0,5.2.1-2,2019-10-08 01:30:51,,,5.2.1-2
1ab631d5-06a0-4de0-8944-09326c0727b6,Pengguna Google,https://play-lh.googleusercontent.com/EGemoI2NTXmTsBVtJqk8jxF9rh8ApRWfsIMQSt2uE4OcpQqbFu7f7NbTK05lx80nuSijCz7sc3a277R67g,App nya sangat membantu sekali,5,1,5.2.1-2,2019-10-07 14:54:55,,,5.2.1-2
c9cd2515-24d5-4c22-942e-25b954599c45,Pengguna Google,https://play-lh.googleusercontent.com/EGemoI2NTXmTsBVtJqk8jxF9rh8ApRWfsIMQSt2uE4OcpQqbFu7f7NbTK05lx80nuSijCz7sc3a277R67g,Sangat membantu,5,0,5.2.0-9.24,2019-10-04 14:35:12,,,5.2.0-9.24
58b7b5af-5cf4-49a3-96bd-2b8aa40577ba,Pengguna Google,https://play-lh.googleusercontent.com/EGemoI2NTXmTsBVtJqk8jxF9rh8ApRWfsIMQSt2uE4OcpQqbFu7f7NbTK05lx80nuSijCz7sc3a277R67g,Keren sangat membantu sekali...kita jadi tahu kualitas udara diseluruh indonesia...,5,0,5.2.0-9.24,2019-10-04 09:17:17,,,5.2.0-9.24
bc6a9515-2eb8-48ff-996b-ab5953178036,Pengguna Google,https://play-lh.googleusercontent.com/EGemoI2NTXmTsBVtJqk8jxF9rh8ApRWfsIMQSt2uE4OcpQqbFu7f7NbTK05lx80nuSijCz7sc3a277R67g,Sangan membantu melihat kondisi udara dan cuaca,5,0,5.2.0-9.24,2019-10-04 09:00:22,,,5.2.0-9.24
9b51708a-2f9b-4e0c-bb6f-db8e28a869dc,Pengguna Google,https://play-lh.googleusercontent.com/EGemoI2NTXmTsBVtJqk8jxF9rh8ApRWfsIMQSt2uE4OcpQqbFu7f7NbTK05lx80nuSijCz7sc3a277R67g,Diharapkan kedepannya pemantau kualitas udara dapat terpasang secara langsung melalui perangkat handphone. Thank you Air Visual!,4,0,5.2.0-9.24,2019-10-04 05:01:45,,,5.2.0-9.24
5a44eddd-3b87-480d-b8ad-c7493e33bb37,Pengguna Google,https://play-lh.googleusercontent.com/EGemoI2NTXmTsBVtJqk8jxF9rh8ApRWfsIMQSt2uE4OcpQqbFu7f7NbTK05lx80nuSijCz7sc3a277R67g,App ini sgt membantu saya,5,0,5.2.0-9.24,2019-10-04 00:29:36,,,5.2.0-9.24
badc7cfa-5bd7-4523-8b90-97ef305308d8,Pengguna Google,https://play-lh.googleusercontent.com/EGemoI2NTXmTsBVtJqk8jxF9rh8ApRWfsIMQSt2uE4OcpQqbFu7f7NbTK05lx80nuSijCz7sc3a277R67g,Sangat membantu saya mengetahui kondisi udara dilingkungan saya atau tempat lain.,5,18,5.2.1-2,2019-10-03 15:06:27,,,5.2.1-2
48fd3cc1-c8a4-47da-9e27-7c694142eadb,Pengguna Google,https://play-lh.googleusercontent.com/EGemoI2NTXmTsBVtJqk8jxF9rh8ApRWfsIMQSt2uE4OcpQqbFu7f7NbTK05lx80nuSijCz7sc3a277R67g,Aplikasi ini memng sngt membantu saya,5,0,5.2.0-9.24,2019-10-03 14:00:45,,,5.2.0-9.24
f2c5f164-1d02-4184-8ebb-89fd9a9aae5d,Pengguna Google,https://play-lh.googleusercontent.com/EGemoI2NTXmTsBVtJqk8jxF9rh8ApRWfsIMQSt2uE4OcpQqbFu7f7NbTK05lx80nuSijCz7sc3a277R67g,Aplikasi ini sangat membantu memberikan info tentang air quality di suatu kota,5,0,5.2.0-9.24,2019-10-03 12:54:10,,,5.2.0-9.24
48210f4b-025e-439b-9585-11e4ed8c60eb,Pengguna Google,https://play-lh.googleusercontent.com/EGemoI2NTXmTsBVtJqk8jxF9rh8ApRWfsIMQSt2uE4OcpQqbFu7f7NbTK05lx80nuSijCz7sc3a277R67g,Sangat membantu,5,0,5.2.0-9.24,2019-10-03 02:50:26,,,5.2.0-9.24
b7652b84-3e9b-4613-8f80-ba91a51bccc9,Pengguna Google,https://play-lh.googleusercontent.com/EGemoI2NTXmTsBVtJqk8jxF9rh8ApRWfsIMQSt2uE4OcpQqbFu7f7NbTK05lx80nuSijCz7sc3a277R67g,"Bagus, bisa melihat kondisi udara saat ini dan seterusnya",5,0,5.2.0-9.24,2019-10-01 23:55:55,,,5.2.0-9.24
256ad71c-7d6a-4772-80ec-f2ba0dd870d8,Pengguna Google,https://play-lh.googleusercontent.com/EGemoI2NTXmTsBVtJqk8jxF9rh8ApRWfsIMQSt2uE4OcpQqbFu7f7NbTK05lx80nuSijCz7sc3a277R67g,Sangat membantu,5,0,5.2.0-9.24,2019-10-01 03:06:29,,,5.2.0-9.24
25fa18ba-c6e7-40a5-97d5-b5d35c5063e8,Pengguna Google,https://play-lh.googleusercontent.com/EGemoI2NTXmTsBVtJqk8jxF9rh8ApRWfsIMQSt2uE4OcpQqbFu7f7NbTK05lx80nuSijCz7sc3a277R67g,Sangat membantu,5,0,5.2.0-9.24,2019-10-01 01:44:53,,,5.2.0-9.24
015e82b3-3052-42bd-b113-907aacf8289a,Pengguna Google,https://play-lh.googleusercontent.com/EGemoI2NTXmTsBVtJqk8jxF9rh8ApRWfsIMQSt2uE4OcpQqbFu7f7NbTK05lx80nuSijCz7sc3a277R67g,Sangat membantu buat kami yang tinggal di sumatra selatan,5,0,5.2.0-9.24,2019-10-01 01:23:48,,,5.2.0-9.24
34e88276-a71b-4d40-9c61-0e1164f115ba,Pengguna Google,https://play-lh.googleusercontent.com/EGemoI2NTXmTsBVtJqk8jxF9rh8ApRWfsIMQSt2uE4OcpQqbFu7f7NbTK05lx80nuSijCz7sc3a277R67g,Aplikasi bagus. Sangat membantu.,5,0,5.2.0-9.24,2019-10-01 01:02:28,,,5.2.0-9.24
1afe7cc3-dcbd-4066-a343-fa3215ea187b,Pengguna Google,https://play-lh.googleusercontent.com/EGemoI2NTXmTsBVtJqk8jxF9rh8ApRWfsIMQSt2uE4OcpQqbFu7f7NbTK05lx80nuSijCz7sc3a277R67g,Membantu sekali,5,0,5.2.0-9.24,2019-09-30 08:35:11,,,5.2.0-9.24
52c963c2-5399-4770-a9f3-4cd15a733afe,Pengguna Google,https://play-lh.googleusercontent.com/EGemoI2NTXmTsBVtJqk8jxF9rh8ApRWfsIMQSt2uE4OcpQqbFu7f7NbTK05lx80nuSijCz7sc3a277R67g,Sangat membantu,5,0,5.2.0-9.24,2019-09-30 01:51:15,,,5.2.0-9.24
961fbef2-e4b5-437a-a965-9ecc34b8573a,Pengguna Google,https://play-lh.googleusercontent.com/EGemoI2NTXmTsBVtJqk8jxF9rh8ApRWfsIMQSt2uE4OcpQqbFu7f7NbTK05lx80nuSijCz7sc3a277R67g,App sangat membantu..,5,0,5.2.0-9.24,2019-09-29 14:25:34,,,5.2.0-9.24
0149d2ff-e22c-4239-9606-9b4403e4c9fb,Pengguna Google,https://play-lh.googleusercontent.com/EGemoI2NTXmTsBVtJqk8jxF9rh8ApRWfsIMQSt2uE4OcpQqbFu7f7NbTK05lx80nuSijCz7sc3a277R67g,Sangat membantu buat kami yg tinggal di kepulauan Sumatra🤣,5,0,5.2.0-9.24,2019-09-28 10:31:12,,,5.2.0-9.24
1c947aa5-18ee-4da5-912f-f39a8a1e6a24,Pengguna Google,https://play-lh.googleusercontent.com/EGemoI2NTXmTsBVtJqk8jxF9rh8ApRWfsIMQSt2uE4OcpQqbFu7f7NbTK05lx80nuSijCz7sc3a277R67g,Menurut aku aplikasi ini bagus... bisa membantu....,4,0,5.2.0-9.24,2019-09-27 08:40:17,,,5.2.0-9.24
ade4f7ff-cb90-4a7c-92fb-786075630447,Pengguna Google,https://play-lh.googleusercontent.com/EGemoI2NTXmTsBVtJqk8jxF9rh8ApRWfsIMQSt2uE4OcpQqbFu7f7NbTK05lx80nuSijCz7sc3a277R67g,Sangat membantu,5,0,5.2.0-9.24,2019-09-27 04:12:17,,,5.2.0-9.24
42b8e49d-3287-4816-995d-38e156c78bc5,Pengguna Google,https://play-lh.googleusercontent.com/EGemoI2NTXmTsBVtJqk8jxF9rh8ApRWfsIMQSt2uE4OcpQqbFu7f7NbTK05lx80nuSijCz7sc3a277R67g,Sangat terbantu,5,0,5.2.0-9.24,2019-09-27 03:26:56,,,5.2.0-9.24
43c1b9bb-55de-4be5-bb6a-db7ae7a92cd1,Pengguna Google,https://play-lh.googleusercontent.com/EGemoI2NTXmTsBVtJqk8jxF9rh8ApRWfsIMQSt2uE4OcpQqbFu7f7NbTK05lx80nuSijCz7sc3a277R67g,Sangat membantu,4,0,5.2.0-9.24,2019-09-27 01:19:07,,,5.2.0-9.24
89d9bd04-9099-462e-bc79-f6fb677eb1d3,Pengguna Google,https://play-lh.googleusercontent.com/EGemoI2NTXmTsBVtJqk8jxF9rh8ApRWfsIMQSt2uE4OcpQqbFu7f7NbTK05lx80nuSijCz7sc3a277R67g,App ini sngt mmbantu mengecek kualitas udara dengan data yang akurat dan update yang cepat setiap hari,5,2,5.2.0-9.24,2019-09-27 01:06:27,,,5.2.0-9.24
8a42e70e-db5e-49b8-bfe0-2d2e025472f1,Pengguna Google,https://play-lh.googleusercontent.com/EGemoI2NTXmTsBVtJqk8jxF9rh8ApRWfsIMQSt2uE4OcpQqbFu7f7NbTK05lx80nuSijCz7sc3a277R67g,Menapas lebih baik. Ya allah indonesia.,5,0,5.2.0-9.24,2019-09-26 23:48:21,,,5.2.0-9.24
d4185c05-af03-4e0a-87b4-52bbd7d438ee,Pengguna Google,https://play-lh.googleusercontent.com/EGemoI2NTXmTsBVtJqk8jxF9rh8ApRWfsIMQSt2uE4OcpQqbFu7f7NbTK05lx80nuSijCz7sc3a277R67g,Sangat membantu. Jd bisa menentu harus keluar rumah atau tidak. Harus pk masker atau tidak,5,0,5.2.0-9.24,2019-09-26 14:38:41,,,5.2.0-9.24
95b6b1e3-347f-46fb-9d05-54b8e7807d0d,Pengguna Google,https://play-lh.googleusercontent.com/EGemoI2NTXmTsBVtJqk8jxF9rh8ApRWfsIMQSt2uE4OcpQqbFu7f7NbTK05lx80nuSijCz7sc3a277R67g,Sangat membantu,5,0,5.2.0-9.24,2019-09-26 05:25:28,,,5.2.0-9.24
6f70f5d2-62d7-412e-ac94-503aade5b834,Pengguna Google,https://play-lh.googleusercontent.com/EGemoI2NTXmTsBVtJqk8jxF9rh8ApRWfsIMQSt2uE4OcpQqbFu7f7NbTK05lx80nuSijCz7sc3a277R67g,Bs dapat info kualitas udara utk kegiatan luar ruangan apakah olahraga dll,5,0,5.2.0-9.24,2019-09-26 05:13:26,,,5.2.0-9.24
eec30f53-9a84-49bb-b2a3-a7aa21c06bfb,Pengguna Google,https://play-lh.googleusercontent.com/EGemoI2NTXmTsBVtJqk8jxF9rh8ApRWfsIMQSt2uE4OcpQqbFu7f7NbTK05lx80nuSijCz7sc3a277R67g,sangat membantu,5,0,5.2.0-9.24,2019-09-26 01:18:50,,,5.2.0-9.24
5ca4c12c-6d8b-43c2-8098-4d60abc0de8a,Pengguna Google,https://play-lh.googleusercontent.com/EGemoI2NTXmTsBVtJqk8jxF9rh8ApRWfsIMQSt2uE4OcpQqbFu7f7NbTK05lx80nuSijCz7sc3a277R67g,Bagus n sangat membantu,5,0,5.2.0-9.24,2019-09-25 23:40:31,,,5.2.0-9.24
9b127a7d-9c8a-442d-b121-a3cc3a0967b9,Pengguna Google,https://play-lh.googleusercontent.com/EGemoI2NTXmTsBVtJqk8jxF9rh8ApRWfsIMQSt2uE4OcpQqbFu7f7NbTK05lx80nuSijCz7sc3a277R67g,Sangat membantu,5,0,5.2.0-9.24,2019-09-25 23:09:46,,,5.2.0-9.24
e66833bf-53fe-4eaa-8a45-9b1b96eab2a2,Pengguna Google,https://play-lh.googleusercontent.com/EGemoI2NTXmTsBVtJqk8jxF9rh8ApRWfsIMQSt2uE4OcpQqbFu7f7NbTK05lx80nuSijCz7sc3a277R67g,Sangat membantu,4,0,5.2.0-9.24,2019-09-25 22:26:50,,,5.2.0-9.24
95f0e555-bbc7-4dad-8319-efe1a2391db1,Pengguna Google,https://play-lh.googleusercontent.com/EGemoI2NTXmTsBVtJqk8jxF9rh8ApRWfsIMQSt2uE4OcpQqbFu7f7NbTK05lx80nuSijCz7sc3a277R67g,sangat membantu,5,0,5.2.0-9.24,2019-09-25 17:05:49,,,5.2.0-9.24
29e26a7e-e715-47c5-b435-e7fa52349ce3,Pengguna Google,https://play-lh.googleusercontent.com/EGemoI2NTXmTsBVtJqk8jxF9rh8ApRWfsIMQSt2uE4OcpQqbFu7f7NbTK05lx80nuSijCz7sc3a277R67g,Sangat membantu untuk memantau kualitas udara hingga ke pelosok,4,0,5.2.0-9.24,2019-09-25 08:56:35,,,5.2.0-9.24
78cc8a4f-d4bb-4dcc-bb21-3e30ae5ad436,Pengguna Google,https://play-lh.googleusercontent.com/EGemoI2NTXmTsBVtJqk8jxF9rh8ApRWfsIMQSt2uE4OcpQqbFu7f7NbTK05lx80nuSijCz7sc3a277R67g,Aplikasinya sangat membantu,5,0,5.2.0-9.24,2019-09-25 07:10:04,,,5.2.0-9.24
b1c91204-2f0c-493f-b9e7-f4a8c3740216,Pengguna Google,https://play-lh.googleusercontent.com/EGemoI2NTXmTsBVtJqk8jxF9rh8ApRWfsIMQSt2uE4OcpQqbFu7f7NbTK05lx80nuSijCz7sc3a277R67g,Aplikasi ni bs mjd warning buat mengecek kondisi udara dsekitar kita ....,5,0,5.2.0-9.24,2019-09-25 05:43:11,,,5.2.0-9.24
a858f1da-b5d1-4943-9738-e92bf595aeb6,Pengguna Google,https://play-lh.googleusercontent.com/EGemoI2NTXmTsBVtJqk8jxF9rh8ApRWfsIMQSt2uE4OcpQqbFu7f7NbTK05lx80nuSijCz7sc3a277R67g,"Aplikasi ini sangat membantu, walaupun masih berat dan suka tegang tegang. Terimakasih",3,0,5.2.0-9.24,2019-09-25 04:01:18,,,5.2.0-9.24
b04343bd-5f79-4030-ba18-acf09785b7bb,Pengguna Google,https://play-lh.googleusercontent.com/EGemoI2NTXmTsBVtJqk8jxF9rh8ApRWfsIMQSt2uE4OcpQqbFu7f7NbTK05lx80nuSijCz7sc3a277R67g,Membantu sekali untuk masyarakat yang ingin tahu kondisi udara.,5,0,5.2.0-9.24,2019-09-25 03:14:43,,,5.2.0-9.24
cd4d15bb-5e29-4266-90fc-cf5a822c655d,Pengguna Google,https://play-lh.googleusercontent.com/EGemoI2NTXmTsBVtJqk8jxF9rh8ApRWfsIMQSt2uE4OcpQqbFu7f7NbTK05lx80nuSijCz7sc3a277R67g,Sangat membantu menilai kualitas budara,5,0,5.2.0-9.24,2019-09-25 02:53:01,,,5.2.0-9.24
a1de35f8-6c4a-4a3f-8f64-c74e8d17da54,Pengguna Google,https://play-lh.googleusercontent.com/EGemoI2NTXmTsBVtJqk8jxF9rh8ApRWfsIMQSt2uE4OcpQqbFu7f7NbTK05lx80nuSijCz7sc3a277R67g,Sangat membantu dan bermanfaat,5,0,5.2.0-9.24,2019-09-25 02:27:13,,,5.2.0-9.24
1191647f-03b9-4a0b-af7d-d3acd1a3c648,Pengguna Google,https://play-lh.googleusercontent.com/EGemoI2NTXmTsBVtJqk8jxF9rh8ApRWfsIMQSt2uE4OcpQqbFu7f7NbTK05lx80nuSijCz7sc3a277R67g,Sangat membantu,5,0,5.2.0-9.24,2019-09-25 02:17:48,,,5.2.0-9.24
0005f395-8714-4b13-8d49-f4762de7c95d,Pengguna Google,https://play-lh.googleusercontent.com/EGemoI2NTXmTsBVtJqk8jxF9rh8ApRWfsIMQSt2uE4OcpQqbFu7f7NbTK05lx80nuSijCz7sc3a277R67g,Sangat membantu,5,0,5.2.0-9.24,2019-09-25 01:48:57,,,5.2.0-9.24
7da76935-0cdd-4937-a548-60b79e032f60,Pengguna Google,https://play-lh.googleusercontent.com/EGemoI2NTXmTsBVtJqk8jxF9rh8ApRWfsIMQSt2uE4OcpQqbFu7f7NbTK05lx80nuSijCz7sc3a277R67g,Membantu sekali,4,0,5.2.0-9.24,2019-09-24 14:38:26,,,5.2.0-9.24
5c2c4597-053d-48a4-94cb-32f5ef54602a,Pengguna Google,https://play-lh.googleusercontent.com/EGemoI2NTXmTsBVtJqk8jxF9rh8ApRWfsIMQSt2uE4OcpQqbFu7f7NbTK05lx80nuSijCz7sc3a277R67g,Aplikasi yg sangat bagus dan sangat membantu saat polusi asap yg mulai menyelimuti seluruh pelosok negeri ini karena ulah org2 jahat di negara ini.,5,1,5.2.0-9.24,2019-09-24 13:43:13,,,5.2.0-9.24
a2199766-1d63-4546-be64-da9b9cc70f83,Pengguna Google,https://play-lh.googleusercontent.com/EGemoI2NTXmTsBVtJqk8jxF9rh8ApRWfsIMQSt2uE4OcpQqbFu7f7NbTK05lx80nuSijCz7sc3a277R67g,Ayo lawan asap.,5,0,5.2.0-9.24,2019-09-24 12:27:31,,,5.2.0-9.24
1d3d5ee1-aefb-4a7a-b421-e98f20124c3f,Pengguna Google,https://play-lh.googleusercontent.com/EGemoI2NTXmTsBVtJqk8jxF9rh8ApRWfsIMQSt2uE4OcpQqbFu7f7NbTK05lx80nuSijCz7sc3a277R67g,Sangat membantu dalam kegiatan keluar rumah,5,0,5.2.0-9.24,2019-09-24 11:23:05,,,5.2.0-9.24
9e0d339e-b880-4bce-a1da-ec82d444b09c,Pengguna Google,https://play-lh.googleusercontent.com/EGemoI2NTXmTsBVtJqk8jxF9rh8ApRWfsIMQSt2uE4OcpQqbFu7f7NbTK05lx80nuSijCz7sc3a277R67g,Sangat membantu,4,0,5.2.0-9.24,2019-09-24 09:47:50,,,5.2.0-9.24
6651aaa0-9d08-4a59-862b-94cbdaae4425,Pengguna Google,https://play-lh.googleusercontent.com/EGemoI2NTXmTsBVtJqk8jxF9rh8ApRWfsIMQSt2uE4OcpQqbFu7f7NbTK05lx80nuSijCz7sc3a277R67g,sejauh ini bagus buat cek udara disini...kebetulan kalimantan kabut tebal.. makasih... 😊😊,5,0,5.2.0-9.24,2019-09-24 08:42:43,,,5.2.0-9.24
92244dcc-17f4-417b-9d09-2ca01a0f00e9,Pengguna Google,https://play-lh.googleusercontent.com/EGemoI2NTXmTsBVtJqk8jxF9rh8ApRWfsIMQSt2uE4OcpQqbFu7f7NbTK05lx80nuSijCz7sc3a277R67g,Sangat membantu di daerah terdapat asap seperti pekanbaru,5,1,5.2.0-9.24,2019-09-24 08:23:39,,,5.2.0-9.24
ee739b29-3d33-4da9-bdb8-84c99a42e014,Pengguna Google,https://play-lh.googleusercontent.com/EGemoI2NTXmTsBVtJqk8jxF9rh8ApRWfsIMQSt2uE4OcpQqbFu7f7NbTK05lx80nuSijCz7sc3a277R67g,Membantu,5,0,5.2.0-9.24,2019-09-24 06:03:01,,,5.2.0-9.24
2bb704d3-4307-45d6-a73a-65e629a1e43f,Pengguna Google,https://play-lh.googleusercontent.com/EGemoI2NTXmTsBVtJqk8jxF9rh8ApRWfsIMQSt2uE4OcpQqbFu7f7NbTK05lx80nuSijCz7sc3a277R67g,Sangat membantu,5,0,5.2.0-9.24,2019-09-24 04:58:15,,,5.2.0-9.24
9a0f2279-ed38-4d49-ab73-1dd8f4525e7d,Pengguna Google,https://play-lh.googleusercontent.com/EGemoI2NTXmTsBVtJqk8jxF9rh8ApRWfsIMQSt2uE4OcpQqbFu7f7NbTK05lx80nuSijCz7sc3a277R67g,Sangat membantu,5,0,5.2.0-9.24,2019-09-24 04:48:16,,,5.2.0-9.24
30602402-cbf5-41ff-a535-4fef2ce8ad9a,Pengguna Google,https://play-lh.googleusercontent.com/EGemoI2NTXmTsBVtJqk8jxF9rh8ApRWfsIMQSt2uE4OcpQqbFu7f7NbTK05lx80nuSijCz7sc3a277R67g,Sangat baik guna mengontrol kualitas udara namun ke depan dapat disinkronkan dengan institusi pemerintah yang berkompeten.,5,2,5.2.0-9.24,2019-09-24 03:49:20,,,5.2.0-9.24
3a9dee8e-1ed5-4bae-9887-9b71b696ed1a,Pengguna Google,https://play-lh.googleusercontent.com/EGemoI2NTXmTsBVtJqk8jxF9rh8ApRWfsIMQSt2uE4OcpQqbFu7f7NbTK05lx80nuSijCz7sc3a277R67g,Sangat membantu,5,0,5.2.0-9.24,2019-09-24 03:32:52,,,5.2.0-9.24
6c137b4f-8ce1-4e6e-9073-4875e2aca9c9,Pengguna Google,https://play-lh.googleusercontent.com/EGemoI2NTXmTsBVtJqk8jxF9rh8ApRWfsIMQSt2uE4OcpQqbFu7f7NbTK05lx80nuSijCz7sc3a277R67g,Sangat membantu sekali,5,0,5.2.0-9.24,2019-09-24 03:15:41,,,5.2.0-9.24
74be7d62-cf49-4fdf-b2fe-69e5bf92eeb8,Pengguna Google,https://play-lh.googleusercontent.com/EGemoI2NTXmTsBVtJqk8jxF9rh8ApRWfsIMQSt2uE4OcpQqbFu7f7NbTK05lx80nuSijCz7sc3a277R67g,Sangat membantu sekali,5,0,5.2.0-9.24,2019-09-24 02:44:07,,,5.2.0-9.24
a2beb373-8615-4cfe-b4bf-f700f77fb818,Pengguna Google,https://play-lh.googleusercontent.com/EGemoI2NTXmTsBVtJqk8jxF9rh8ApRWfsIMQSt2uE4OcpQqbFu7f7NbTK05lx80nuSijCz7sc3a277R67g,Sangat membantu,5,0,5.2.0-9.24,2019-09-24 02:34:58,,,5.2.0-9.24
3764565e-e3cd-4384-8a3b-b31399a6ae8b,Pengguna Google,https://play-lh.googleusercontent.com/EGemoI2NTXmTsBVtJqk8jxF9rh8ApRWfsIMQSt2uE4OcpQqbFu7f7NbTK05lx80nuSijCz7sc3a277R67g,Bagus sangat membantu,5,0,5.2.0-9.24,2019-09-24 02:34:06,,,5.2.0-9.24
014e4056-65a3-49a5-9968-33e8eb9697b9,Pengguna Google,https://play-lh.googleusercontent.com/EGemoI2NTXmTsBVtJqk8jxF9rh8ApRWfsIMQSt2uE4OcpQqbFu7f7NbTK05lx80nuSijCz7sc3a277R67g,Sangat membantu,5,0,5.2.0-9.24,2019-09-24 02:15:19,,,5.2.0-9.24
f2606710-2372-4278-bdf1-666b945214b4,Pengguna Google,https://play-lh.googleusercontent.com/EGemoI2NTXmTsBVtJqk8jxF9rh8ApRWfsIMQSt2uE4OcpQqbFu7f7NbTK05lx80nuSijCz7sc3a277R67g,Sangat membantu,5,0,5.2.0-9.24,2019-09-24 00:35:38,,,5.2.0-9.24
e77c59f7-64be-42bb-8641-894b27c976fe,Pengguna Google,https://play-lh.googleusercontent.com/EGemoI2NTXmTsBVtJqk8jxF9rh8ApRWfsIMQSt2uE4OcpQqbFu7f7NbTK05lx80nuSijCz7sc3a277R67g,Sanggat membantu,4,0,5.2.0-9.24,2019-09-24 00:35:26,,,5.2.0-9.24
0ae021b0-ef29-4cb1-99a8-306ed83af1f1,Pengguna Google,https://play-lh.googleusercontent.com/EGemoI2NTXmTsBVtJqk8jxF9rh8ApRWfsIMQSt2uE4OcpQqbFu7f7NbTK05lx80nuSijCz7sc3a277R67g,Lumayan untuk mengetahui keadaan udara dan cuaca di sekitar kita. Lebih* pada situasi lingkungan yang udaranya kurang sehat seperti sekarang ini.,4,1,5.2.0-9.24,2019-09-24 00:18:26,,,5.2.0-9.24
a037c9c0-b4fb-45dd-a950-5a5dad5286ce,Pengguna Google,https://play-lh.googleusercontent.com/EGemoI2NTXmTsBVtJqk8jxF9rh8ApRWfsIMQSt2uE4OcpQqbFu7f7NbTK05lx80nuSijCz7sc3a277R67g,Cukup membantu perkembangan Kabut asap,5,0,5.2.0-9.24,2019-09-24 00:13:43,,,5.2.0-9.24
7c974b54-19a3-4e94-af6c-a2a0ebc4d52d,Pengguna Google,https://play-lh.googleusercontent.com/EGemoI2NTXmTsBVtJqk8jxF9rh8ApRWfsIMQSt2uE4OcpQqbFu7f7NbTK05lx80nuSijCz7sc3a277R67g,Melihat kualitas udara setiap hari di saat bencana asap di wilayah Sumatra barat,5,0,5.2.0-9.24,2019-09-23 23:59:03,,,5.2.0-9.24
c1c8a9cf-b727-4817-bbcd-2b1eec0d9011,Pengguna Google,https://play-lh.googleusercontent.com/EGemoI2NTXmTsBVtJqk8jxF9rh8ApRWfsIMQSt2uE4OcpQqbFu7f7NbTK05lx80nuSijCz7sc3a277R67g,Sangat membantu,5,0,5.2.0-9.24,2019-09-23 23:22:03,,,5.2.0-9.24
d7b5dc76-a7b9-47ed-89a3-9df10d41beae,Pengguna Google,https://play-lh.googleusercontent.com/EGemoI2NTXmTsBVtJqk8jxF9rh8ApRWfsIMQSt2uE4OcpQqbFu7f7NbTK05lx80nuSijCz7sc3a277R67g,Sangat membantu untuk mengatahui kualitas udara.,5,0,5.2.0-9.24,2019-09-23 21:51:44,,,5.2.0-9.24
db8853ab-a3ae-4023-bdd8-7dbb30a3c4f2,Pengguna Google,https://play-lh.googleusercontent.com/EGemoI2NTXmTsBVtJqk8jxF9rh8ApRWfsIMQSt2uE4OcpQqbFu7f7NbTK05lx80nuSijCz7sc3a277R67g,sangat membantu😷,5,0,5.2.0-9.24,2019-09-23 20:54:15,,,5.2.0-9.24
79b6eff6-c748-4505-8505-6a180aea5b70,Pengguna Google,https://play-lh.googleusercontent.com/EGemoI2NTXmTsBVtJqk8jxF9rh8ApRWfsIMQSt2uE4OcpQqbFu7f7NbTK05lx80nuSijCz7sc3a277R67g,Aplikasi ini Sangat membantu sekali terimakasih ...,5,0,5.2.0-9.24,2019-09-23 18:59:58,,,5.2.0-9.24
69496a0d-9ac1-4e34-853e-135261483523,Pengguna Google,https://play-lh.googleusercontent.com/EGemoI2NTXmTsBVtJqk8jxF9rh8ApRWfsIMQSt2uE4OcpQqbFu7f7NbTK05lx80nuSijCz7sc3a277R67g,"Sangat bermanfaat untuk memantau kondisi udara sekitar, akurat dan informatif serta mudah di mengerti",5,3,5.2.0-9.24,2019-09-23 17:22:05,,,5.2.0-9.24
f69cc68c-1258-4e5b-8961-388cd92e84ce,Pengguna Google,https://play-lh.googleusercontent.com/EGemoI2NTXmTsBVtJqk8jxF9rh8ApRWfsIMQSt2uE4OcpQqbFu7f7NbTK05lx80nuSijCz7sc3a277R67g,Dapat mengetahui kapasitas udara yg ada d sekitar.. kerenn,5,0,5.2.0-9.24,2019-09-23 16:55:03,,,5.2.0-9.24
7b51ea5d-460e-4fd6-9c72-215b7b3223f2,Pengguna Google,https://play-lh.googleusercontent.com/EGemoI2NTXmTsBVtJqk8jxF9rh8ApRWfsIMQSt2uE4OcpQqbFu7f7NbTK05lx80nuSijCz7sc3a277R67g,sangat membantu,5,0,5.2.0-9.24,2019-09-23 16:49:33,,,5.2.0-9.24
5ab7c698-1eb5-4416-8833-f150d169712e,Pengguna Google,https://play-lh.googleusercontent.com/EGemoI2NTXmTsBVtJqk8jxF9rh8ApRWfsIMQSt2uE4OcpQqbFu7f7NbTK05lx80nuSijCz7sc3a277R67g,Sangat membantu,5,0,5.2.0-9.24,2019-09-23 15:22:15,,,5.2.0-9.24
d0ad36e8-bd9a-4ed0-a50a-5a9fdf5bbc6f,Pengguna Google,https://play-lh.googleusercontent.com/EGemoI2NTXmTsBVtJqk8jxF9rh8ApRWfsIMQSt2uE4OcpQqbFu7f7NbTK05lx80nuSijCz7sc3a277R67g,Sangat membantu,5,0,5.2.0-9.24,2019-09-23 15:16:18,,,5.2.0-9.24
56370f2c-9941-4b9d-b995-30cbffb13cff,Pengguna Google,https://play-lh.googleusercontent.com/EGemoI2NTXmTsBVtJqk8jxF9rh8ApRWfsIMQSt2uE4OcpQqbFu7f7NbTK05lx80nuSijCz7sc3a277R67g,Aplikasi ini sangat membantu saya untuk mengetahui kondisi udara yg terjadi dikota saya. Agar saya lebih menjaga kesehatan saya,5,2,5.2.0-9.24,2019-09-23 14:44:37,,,5.2.0-9.24
24a95055-3a55-4785-94ed-10d2abfd39d1,Pengguna Google,https://play-lh.googleusercontent.com/EGemoI2NTXmTsBVtJqk8jxF9rh8ApRWfsIMQSt2uE4OcpQqbFu7f7NbTK05lx80nuSijCz7sc3a277R67g,"Sangat bagus, jd bisa lebih hati2 dg kualitas udara sekitar.",5,0,5.2.0-9.24,2019-09-23 14:36:39,,,5.2.0-9.24
ea541bb9-8394-4bdd-9cbd-c1cbf598a49a,Pengguna Google,https://play-lh.googleusercontent.com/EGemoI2NTXmTsBVtJqk8jxF9rh8ApRWfsIMQSt2uE4OcpQqbFu7f7NbTK05lx80nuSijCz7sc3a277R67g,"Bagus,jadi tahu kualitas udara disekitar kita",5,0,5.2.0-9.24,2019-09-23 14:17:00,,,5.2.0-9.24
181dbe54-bc40-478b-a27a-dbf0ea1f3345,Pengguna Google,https://play-lh.googleusercontent.com/EGemoI2NTXmTsBVtJqk8jxF9rh8ApRWfsIMQSt2uE4OcpQqbFu7f7NbTK05lx80nuSijCz7sc3a277R67g,Sangat mendukung bagi kesehatan...,5,0,5.2.0-9.24,2019-09-23 12:36:30,,,5.2.0-9.24
3b07a19e-9b0b-4509-aefc-7142ae93bd72,Pengguna Google,https://play-lh.googleusercontent.com/EGemoI2NTXmTsBVtJqk8jxF9rh8ApRWfsIMQSt2uE4OcpQqbFu7f7NbTK05lx80nuSijCz7sc3a277R67g,"Bagus sekali, sangat membantu kami yang di Pekanbaru. Jadi bisa tau kapan saat yang tepat untuk keluar rumah dan ketika udaranya buruk",5,3,5.2.0-9.24,2019-09-23 12:24:36,,,5.2.0-9.24
8d23ee57-9698-43bf-ba18-95643a749888,Pengguna Google,https://play-lh.googleusercontent.com/EGemoI2NTXmTsBVtJqk8jxF9rh8ApRWfsIMQSt2uE4OcpQqbFu7f7NbTK05lx80nuSijCz7sc3a277R67g,Sangat membantu,5,0,5.2.0-9.24,2019-09-23 12:22:15,,,5.2.0-9.24
55a1f8a7-b17f-494f-ac55-1b78d71ae254,Pengguna Google,https://play-lh.googleusercontent.com/EGemoI2NTXmTsBVtJqk8jxF9rh8ApRWfsIMQSt2uE4OcpQqbFu7f7NbTK05lx80nuSijCz7sc3a277R67g,"Saat bencana karhutla di pekanbaru 2019, aplikasi ini sangat amat membantu 👍👍👍",5,0,5.2.0-9.24,2019-09-23 12:21:48,,,5.2.0-9.24
8e27778c-a361-4ccb-b3e2-ef25fdc1531b,Pengguna Google,https://play-lh.googleusercontent.com/EGemoI2NTXmTsBVtJqk8jxF9rh8ApRWfsIMQSt2uE4OcpQqbFu7f7NbTK05lx80nuSijCz7sc3a277R67g,Aplikasi yg sngat membantu disaat musim kabut asap ini,5,0,5.2.0-9.24,2019-09-23 11:34:33,,,5.2.0-9.24
4216be38-0cc6-4a00-8683-2f1711f8059b,Pengguna Google,https://play-lh.googleusercontent.com/EGemoI2NTXmTsBVtJqk8jxF9rh8ApRWfsIMQSt2uE4OcpQqbFu7f7NbTK05lx80nuSijCz7sc3a277R67g,sangat membantu,5,0,,2019-09-23 10:55:32,,,
815ca8f9-5e33-4172-8f24-f0067311854d,Pengguna Google,https://play-lh.googleusercontent.com/EGemoI2NTXmTsBVtJqk8jxF9rh8ApRWfsIMQSt2uE4OcpQqbFu7f7NbTK05lx80nuSijCz7sc3a277R67g,Sangat bisa membantu untuk mengetahui udara sehat atau tidak.. tetapi kurang lengkap untuk pencarian daerah nya..,4,3,5.2.0-9.24,2019-09-23 10:24:41,,,5.2.0-9.24
ba86e86c-8257-4873-a22e-6649d35abd65,Pengguna Google,https://play-lh.googleusercontent.com/EGemoI2NTXmTsBVtJqk8jxF9rh8ApRWfsIMQSt2uE4OcpQqbFu7f7NbTK05lx80nuSijCz7sc3a277R67g,Sangat membantu sekali ..,5,0,5.2.0-9.24,2019-09-23 09:31:18,,,5.2.0-9.24
db463d2f-06f2-4718-b79d-faa3efb050b1,Pengguna Google,https://play-lh.googleusercontent.com/EGemoI2NTXmTsBVtJqk8jxF9rh8ApRWfsIMQSt2uE4OcpQqbFu7f7NbTK05lx80nuSijCz7sc3a277R67g,Saat membantu,5,0,5.2.0-9.24,2019-09-23 09:15:26,,,5.2.0-9.24
69979593-bc0d-49a2-8187-fb0af4a62464,Pengguna Google,https://play-lh.googleusercontent.com/EGemoI2NTXmTsBVtJqk8jxF9rh8ApRWfsIMQSt2uE4OcpQqbFu7f7NbTK05lx80nuSijCz7sc3a277R67g,Saya dapat mengingatkan orang agar selalu memakai masker,5,0,5.2.0-9.24,2019-09-23 08:48:47,,,5.2.0-9.24
c51bc7b1-13ed-4e9f-b401-da9e8b4eb6c3,Pengguna Google,https://play-lh.googleusercontent.com/EGemoI2NTXmTsBVtJqk8jxF9rh8ApRWfsIMQSt2uE4OcpQqbFu7f7NbTK05lx80nuSijCz7sc3a277R67g,Sangat membantu,5,0,5.2.0-9.24,2019-09-23 08:43:06,,,5.2.0-9.24
c09eb9db-3ee1-49d9-b870-988f41261044,Pengguna Google,https://play-lh.googleusercontent.com/EGemoI2NTXmTsBVtJqk8jxF9rh8ApRWfsIMQSt2uE4OcpQqbFu7f7NbTK05lx80nuSijCz7sc3a277R67g,Sangat Membantu untuk memantau kualitas udara. Terima Kasih 😊,5,0,5.2.0-9.24,2019-09-23 08:27:05,,,5.2.0-9.24
78dfc9fd-7eae-4483-8004-2a76a82d8827,Pengguna Google,https://play-lh.googleusercontent.com/EGemoI2NTXmTsBVtJqk8jxF9rh8ApRWfsIMQSt2uE4OcpQqbFu7f7NbTK05lx80nuSijCz7sc3a277R67g,"Baik, membantu sekali",4,0,5.2.0-9.24,2019-09-23 08:17:55,,,5.2.0-9.24
68b3bee9-8573-42bc-a981-31ad15ce9e67,Pengguna Google,https://play-lh.googleusercontent.com/EGemoI2NTXmTsBVtJqk8jxF9rh8ApRWfsIMQSt2uE4OcpQqbFu7f7NbTK05lx80nuSijCz7sc3a277R67g,"sangat berguna, memantau kondisi udara sekitar kita",5,0,5.2.0-9.24,2019-09-23 08:09:00,,,5.2.0-9.24
9768047e-f26c-4624-86b8-7f02019fafc1,Pengguna Google,https://play-lh.googleusercontent.com/EGemoI2NTXmTsBVtJqk8jxF9rh8ApRWfsIMQSt2uE4OcpQqbFu7f7NbTK05lx80nuSijCz7sc3a277R67g,Sangat membantu,5,0,5.2.0-9.24,2019-09-23 08:06:21,,,5.2.0-9.24
51f096d0-6def-4614-8b41-72e5b71f73c0,Pengguna Google,https://play-lh.googleusercontent.com/EGemoI2NTXmTsBVtJqk8jxF9rh8ApRWfsIMQSt2uE4OcpQqbFu7f7NbTK05lx80nuSijCz7sc3a277R67g,Mambantu,5,0,5.2.0-9.24,2019-09-23 07:58:40,,,5.2.0-9.24
01513f6c-9609-40a2-814b-e617667febca,Pengguna Google,https://play-lh.googleusercontent.com/EGemoI2NTXmTsBVtJqk8jxF9rh8ApRWfsIMQSt2uE4OcpQqbFu7f7NbTK05lx80nuSijCz7sc3a277R67g,Membantu,5,0,5.2.0-9.24,2019-09-23 06:56:24,,,5.2.0-9.24
78590bc0-5721-4602-b1c3-ba84e2824dd0,Pengguna Google,https://play-lh.googleusercontent.com/EGemoI2NTXmTsBVtJqk8jxF9rh8ApRWfsIMQSt2uE4OcpQqbFu7f7NbTK05lx80nuSijCz7sc3a277R67g,sangat berguna.. apalagi di kota saya medan sedang dalam kondisi udara tidak sehat akibat kebakaran hutan,5,0,5.2.0-9.24,2019-09-23 06:47:52,,,5.2.0-9.24
1ed1da73-8a36-45eb-9c24-f4e21a7245e4,Pengguna Google,https://play-lh.googleusercontent.com/EGemoI2NTXmTsBVtJqk8jxF9rh8ApRWfsIMQSt2uE4OcpQqbFu7f7NbTK05lx80nuSijCz7sc3a277R67g,Sangat membantu memberikan informasi terkait kualitas udara,5,0,5.2.0-9.24,2019-09-23 06:47:49,,,5.2.0-9.24
5ee07f9d-ad60-4686-ae15-ddbf76e56e4e,Pengguna Google,https://play-lh.googleusercontent.com/EGemoI2NTXmTsBVtJqk8jxF9rh8ApRWfsIMQSt2uE4OcpQqbFu7f7NbTK05lx80nuSijCz7sc3a277R67g,Sangat membantu,5,0,5.2.0-9.24,2019-09-23 06:32:52,,,5.2.0-9.24
f1cec529-86c4-47cc-95a1-dc2cb183f141,Pengguna Google,https://play-lh.googleusercontent.com/EGemoI2NTXmTsBVtJqk8jxF9rh8ApRWfsIMQSt2uE4OcpQqbFu7f7NbTK05lx80nuSijCz7sc3a277R67g,Sangat membantu sekali..,5,0,5.2.0-9.24,2019-09-23 05:30:48,,,5.2.0-9.24
d57b2dea-1550-4caf-a89f-5b30cd4977b3,Pengguna Google,https://play-lh.googleusercontent.com/EGemoI2NTXmTsBVtJqk8jxF9rh8ApRWfsIMQSt2uE4OcpQqbFu7f7NbTK05lx80nuSijCz7sc3a277R67g,Lumayan membantu,5,0,5.2.0-9.24,2019-09-23 04:35:18,,,5.2.0-9.24
66787b87-8d11-4ee5-b355-d6b7de636af8,Pengguna Google,https://play-lh.googleusercontent.com/EGemoI2NTXmTsBVtJqk8jxF9rh8ApRWfsIMQSt2uE4OcpQqbFu7f7NbTK05lx80nuSijCz7sc3a277R67g,Sangat membantu,5,0,5.2.0-9.24,2019-09-23 04:26:35,,,5.2.0-9.24
0cb6a265-86b3-48e1-888a-9275a73510bc,Pengguna Google,https://play-lh.googleusercontent.com/EGemoI2NTXmTsBVtJqk8jxF9rh8ApRWfsIMQSt2uE4OcpQqbFu7f7NbTK05lx80nuSijCz7sc3a277R67g,Sangat membantu,4,0,5.2.0-9.24,2019-09-23 03:46:41,,,5.2.0-9.24
d5c1a14e-d12e-4899-be3c-a8d9ed2742df,Pengguna Google,https://play-lh.googleusercontent.com/EGemoI2NTXmTsBVtJqk8jxF9rh8ApRWfsIMQSt2uE4OcpQqbFu7f7NbTK05lx80nuSijCz7sc3a277R67g,Sangat membantu banget.. buat tau kualitas udara,5,0,5.2.0-9.24,2019-09-23 03:23:45,,,5.2.0-9.24
00220bc2-d9b2-47b5-9441-a52c36a6e9cc,Pengguna Google,https://play-lh.googleusercontent.com/EGemoI2NTXmTsBVtJqk8jxF9rh8ApRWfsIMQSt2uE4OcpQqbFu7f7NbTK05lx80nuSijCz7sc3a277R67g,Sangat membantu,5,0,5.2.0-9.24,2019-09-23 03:23:31,,,5.2.0-9.24
2eae89b1-b448-40fc-a92b-867517c7a975,Pengguna Google,https://play-lh.googleusercontent.com/EGemoI2NTXmTsBVtJqk8jxF9rh8ApRWfsIMQSt2uE4OcpQqbFu7f7NbTK05lx80nuSijCz7sc3a277R67g,Sangat membantu,5,0,5.2.0-9.24,2019-09-23 01:58:35,,,5.2.0-9.24
dcac5ec1-ae09-4547-ac50-f381e7e6a6c4,Pengguna Google,https://play-lh.googleusercontent.com/EGemoI2NTXmTsBVtJqk8jxF9rh8ApRWfsIMQSt2uE4OcpQqbFu7f7NbTK05lx80nuSijCz7sc3a277R67g,Sangattt membantuu. 👍👍,5,0,5.2.0-9.24,2019-09-23 01:50:57,,,5.2.0-9.24
fdc4e333-74e5-4079-934c-d971cd6f2ffe,Pengguna Google,https://play-lh.googleusercontent.com/EGemoI2NTXmTsBVtJqk8jxF9rh8ApRWfsIMQSt2uE4OcpQqbFu7f7NbTK05lx80nuSijCz7sc3a277R67g,Sangat membantu,5,0,5.2.0-9.24,2019-09-23 01:44:14,,,5.2.0-9.24
c247a2ec-ea8b-4871-a1b8-4fffa95a91ea,Pengguna Google,https://play-lh.googleusercontent.com/EGemoI2NTXmTsBVtJqk8jxF9rh8ApRWfsIMQSt2uE4OcpQqbFu7f7NbTK05lx80nuSijCz7sc3a277R67g,Membantu memberikan info,5,0,5.2.0-9.24,2019-09-23 01:40:18,,,5.2.0-9.24
3bbb57a2-6065-478d-b431-0e68526cbb36,Pengguna Google,https://play-lh.googleusercontent.com/EGemoI2NTXmTsBVtJqk8jxF9rh8ApRWfsIMQSt2uE4OcpQqbFu7f7NbTK05lx80nuSijCz7sc3a277R67g,"Apkikasinya sangat membantu, tapi sayang kota saya tidak ada dalam aplikasi. KOTA PADANG PANJANG, SUMATERA BARAT",2,8,5.2.0-9.24,2019-09-23 01:27:48,"Hi Tuan,
Thank you for your message. We're continuously deploying new sensors to improve air quality data and to share this data for free with everyone. We have taken note about Kota Padang Panjang and looking for community members to deploy sensors.
The AirVisual team",2019-09-23 16:27:00,5.2.0-9.24
6d4d45d1-ccab-4d19-bf88-456e550a9ee5,Pengguna Google,https://play-lh.googleusercontent.com/EGemoI2NTXmTsBVtJqk8jxF9rh8ApRWfsIMQSt2uE4OcpQqbFu7f7NbTK05lx80nuSijCz7sc3a277R67g,Jadi tau bagaimana kualitas udara saat ini..apalagi lg musim kabut asap,5,0,5.2.0-9.24,2019-09-23 01:23:17,,,5.2.0-9.24
33fa8867-195b-44b4-9c50-b53979e18d16,Pengguna Google,https://play-lh.googleusercontent.com/EGemoI2NTXmTsBVtJqk8jxF9rh8ApRWfsIMQSt2uE4OcpQqbFu7f7NbTK05lx80nuSijCz7sc3a277R67g,Membantu sekali dalam melihat kualitas udara yang kami hirup,5,0,5.2.0-9.24,2019-09-23 01:19:27,,,5.2.0-9.24
6deb1c93-6046-4482-a222-baf3de98f6f9,Pengguna Google,https://play-lh.googleusercontent.com/EGemoI2NTXmTsBVtJqk8jxF9rh8ApRWfsIMQSt2uE4OcpQqbFu7f7NbTK05lx80nuSijCz7sc3a277R67g,Cukup Bagus dan Membantu,4,0,5.2.0-9.24,2019-09-22 23:56:54,,,5.2.0-9.24
2165b0ed-441c-4de0-95e9-ff68525ed511,Pengguna Google,https://play-lh.googleusercontent.com/EGemoI2NTXmTsBVtJqk8jxF9rh8ApRWfsIMQSt2uE4OcpQqbFu7f7NbTK05lx80nuSijCz7sc3a277R67g,membantu mendeteksi kualitas udara secara akurat,5,0,5.2.0-9.24,2019-09-22 23:43:28,,,5.2.0-9.24
740d63cc-137c-498a-9249-56a16fda1b1e,Pengguna Google,https://play-lh.googleusercontent.com/EGemoI2NTXmTsBVtJqk8jxF9rh8ApRWfsIMQSt2uE4OcpQqbFu7f7NbTK05lx80nuSijCz7sc3a277R67g,"Bagus sangat mebantu , tinggkatkan lagi untuk setiap jamnya.",4,1,5.2.0-9.24,2019-09-22 23:39:11,,,5.2.0-9.24
738d2d06-11b4-4ea5-b2fa-1ed24b75b711,Pengguna Google,https://play-lh.googleusercontent.com/EGemoI2NTXmTsBVtJqk8jxF9rh8ApRWfsIMQSt2uE4OcpQqbFu7f7NbTK05lx80nuSijCz7sc3a277R67g,Sangat membantu,5,0,5.2.0-9.24,2019-09-22 23:34:29,,,5.2.0-9.24
fcb1f7aa-6a8a-49e1-a8cc-7971c5d6a20a,Pengguna Google,https://play-lh.googleusercontent.com/EGemoI2NTXmTsBVtJqk8jxF9rh8ApRWfsIMQSt2uE4OcpQqbFu7f7NbTK05lx80nuSijCz7sc3a277R67g,"Sesuai dengan keadaan dilingkungan pada saat ini Menjadi referensi untuk meninjau suasana di sekitar, apalagi di musim musibah asap seperti sekarang ini",5,1,5.2.0-9.24,2019-09-22 23:21:09,,,5.2.0-9.24
4639296b-7221-4439-91d9-f77fd48b8f83,Pengguna Google,https://play-lh.googleusercontent.com/EGemoI2NTXmTsBVtJqk8jxF9rh8ApRWfsIMQSt2uE4OcpQqbFu7f7NbTK05lx80nuSijCz7sc3a277R67g,Sangat membantu saya untuk mengetahui kualitas udata di sekitar saya.,5,0,,2019-09-22 22:44:58,,,
304f2b6f-a41f-448d-8b70-da6bb314e153,Pengguna Google,https://play-lh.googleusercontent.com/EGemoI2NTXmTsBVtJqk8jxF9rh8ApRWfsIMQSt2uE4OcpQqbFu7f7NbTK05lx80nuSijCz7sc3a277R67g,Sangat membantu,5,0,5.2.0-9.24,2019-09-22 20:57:17,,,5.2.0-9.24
eb538014-5bc7-4966-902b-afa65f5f90c2,Pengguna Google,https://play-lh.googleusercontent.com/EGemoI2NTXmTsBVtJqk8jxF9rh8ApRWfsIMQSt2uE4OcpQqbFu7f7NbTK05lx80nuSijCz7sc3a277R67g,Sangat membantu untuk mengawali aktivitas,5,0,5.2.0-9.24,2019-09-22 20:52:27,,,5.2.0-9.24
77834c7e-a863-4f00-bca5-c110702ab0f2,Pengguna Google,https://play-lh.googleusercontent.com/EGemoI2NTXmTsBVtJqk8jxF9rh8ApRWfsIMQSt2uE4OcpQqbFu7f7NbTK05lx80nuSijCz7sc3a277R67g,Alhamdulillah ini sangat membantu sekali untuk melihat kwalitas udara di daerah saya yg sedang terjadi karhutla.,5,0,5.2.0-9.24,2019-09-22 18:50:30,,,5.2.0-9.24
91a06827-4898-45f1-9f91-5ddea6f6a230,Pengguna Google,https://play-lh.googleusercontent.com/EGemoI2NTXmTsBVtJqk8jxF9rh8ApRWfsIMQSt2uE4OcpQqbFu7f7NbTK05lx80nuSijCz7sc3a277R67g,Sangat membantu,5,0,5.2.0-9.24,2019-09-22 16:45:42,,,5.2.0-9.24
b304c127-09c0-40a9-8440-dca453a71bd7,Pengguna Google,https://play-lh.googleusercontent.com/EGemoI2NTXmTsBVtJqk8jxF9rh8ApRWfsIMQSt2uE4OcpQqbFu7f7NbTK05lx80nuSijCz7sc3a277R67g,Terimakasih sangat membantu sekali⭐⭐⭐⭐⭐,5,0,5.2.0-9.24,2019-09-22 15:38:25,,,5.2.0-9.24
3da8bd88-0bbb-4e84-89e0-19d399eebba4,Pengguna Google,https://play-lh.googleusercontent.com/EGemoI2NTXmTsBVtJqk8jxF9rh8ApRWfsIMQSt2uE4OcpQqbFu7f7NbTK05lx80nuSijCz7sc3a277R67g,Ngeri juga ya . Di kotaku bukan kota gede aja status udaranya orange,5,0,5.2.0-9.24,2019-09-22 13:07:22,,,5.2.0-9.24
9dc02d4d-3307-49c0-b021-60364cb2cf6b,Pengguna Google,https://play-lh.googleusercontent.com/EGemoI2NTXmTsBVtJqk8jxF9rh8ApRWfsIMQSt2uE4OcpQqbFu7f7NbTK05lx80nuSijCz7sc3a277R67g,Sangat membantu,5,0,5.2.0-9.24,2019-09-22 13:01:08,,,5.2.0-9.24
2f8127e9-5195-4089-8bbc-70642c65d03a,Pengguna Google,https://play-lh.googleusercontent.com/EGemoI2NTXmTsBVtJqk8jxF9rh8ApRWfsIMQSt2uE4OcpQqbFu7f7NbTK05lx80nuSijCz7sc3a277R67g,Lagi banyak asap,3,0,5.2.0-9.24,2019-09-22 12:51:42,"Hi Suci, 
Thank you for your feedback. We always try to improve the app. Please tell us 1 area for improvement so that we can earn your 5 stars review next time! Thanks.
The AirVisual team",2019-09-23 16:45:27,5.2.0-9.24
a5c35ba8-b62a-4118-953e-d3095c3b9a31,Pengguna Google,https://play-lh.googleusercontent.com/EGemoI2NTXmTsBVtJqk8jxF9rh8ApRWfsIMQSt2uE4OcpQqbFu7f7NbTK05lx80nuSijCz7sc3a277R67g,Membantu,5,0,5.2.0-9.24,2019-09-22 12:23:40,,,5.2.0-9.24
6556e04f-1c35-45f9-80d6-0d8e8153bf3a,Pengguna Google,https://play-lh.googleusercontent.com/EGemoI2NTXmTsBVtJqk8jxF9rh8ApRWfsIMQSt2uE4OcpQqbFu7f7NbTK05lx80nuSijCz7sc3a277R67g,Sangat membantu,4,0,5.2.0-9.24,2019-09-22 11:54:43,,,5.2.0-9.24
6b3c19a5-1e39-4de2-bcda-9a2e8b8b165a,Pengguna Google,https://play-lh.googleusercontent.com/EGemoI2NTXmTsBVtJqk8jxF9rh8ApRWfsIMQSt2uE4OcpQqbFu7f7NbTK05lx80nuSijCz7sc3a277R67g,Sangat membantu mengetahui tingkat polusi udara. Keren.,5,0,5.2.0-9.24,2019-09-22 11:51:11,,,5.2.0-9.24
73f099f3-c625-4058-8a5a-2c993511f0dc,Pengguna Google,https://play-lh.googleusercontent.com/EGemoI2NTXmTsBVtJqk8jxF9rh8ApRWfsIMQSt2uE4OcpQqbFu7f7NbTK05lx80nuSijCz7sc3a277R67g,Samgat Membantu,4,0,5.2.0-9.24,2019-09-22 11:42:40,,,5.2.0-9.24
99913ff9-8fb1-4d8b-a40c-e96607fbcc79,Pengguna Google,https://play-lh.googleusercontent.com/EGemoI2NTXmTsBVtJqk8jxF9rh8ApRWfsIMQSt2uE4OcpQqbFu7f7NbTK05lx80nuSijCz7sc3a277R67g,Sangat membantu,5,0,5.2.0-9.24,2019-09-22 07:50:57,,,5.2.0-9.24
8b00ba84-4463-4b86-8a16-c4d7f153f693,Pengguna Google,https://play-lh.googleusercontent.com/EGemoI2NTXmTsBVtJqk8jxF9rh8ApRWfsIMQSt2uE4OcpQqbFu7f7NbTK05lx80nuSijCz7sc3a277R67g,Tiga aja dulu..karna di daerah ku kabut asap dr propensi tetangga.bila akurat di tmbh btng nya.,3,0,5.2.0-9.24,2019-09-22 07:29:47,"Hi Rusydi, thank you for your feedback, and sorry for any inconvenience. We are always trying to improve the app by deploying more sensors and data sources around the world, to share this data for free with everyone. We look forward to improving our monitoring coverage even more in near future. 
The AirVisual team",2019-09-23 16:49:12,5.2.0-9.24
268c4726-eb9b-4606-8c9d-b0d66bb069df,Pengguna Google,https://play-lh.googleusercontent.com/EGemoI2NTXmTsBVtJqk8jxF9rh8ApRWfsIMQSt2uE4OcpQqbFu7f7NbTK05lx80nuSijCz7sc3a277R67g,Sangat membantu,4,0,5.2.0-9.24,2019-09-22 07:22:23,,,5.2.0-9.24
e97fd656-7a09-40f0-8eaa-d3d6459bcd90,Pengguna Google,https://play-lh.googleusercontent.com/EGemoI2NTXmTsBVtJqk8jxF9rh8ApRWfsIMQSt2uE4OcpQqbFu7f7NbTK05lx80nuSijCz7sc3a277R67g,Jadi lebih siap ketika harus bepergian dalam keadaan udara yg kurang sehat.,5,0,5.2.0-9.24,2019-09-22 07:02:57,,,5.2.0-9.24
018468ac-f5b5-49d5-be3d-d8407cb3fbac,Pengguna Google,https://play-lh.googleusercontent.com/EGemoI2NTXmTsBVtJqk8jxF9rh8ApRWfsIMQSt2uE4OcpQqbFu7f7NbTK05lx80nuSijCz7sc3a277R67g,Sangat membantu,5,0,5.2.0-9.24,2019-09-22 07:02:30,,,5.2.0-9.24
0015e824-2a16-473b-b7eb-8daacaa6da5d,Pengguna Google,https://play-lh.googleusercontent.com/EGemoI2NTXmTsBVtJqk8jxF9rh8ApRWfsIMQSt2uE4OcpQqbFu7f7NbTK05lx80nuSijCz7sc3a277R67g,Sangat membantu...,5,0,5.2.0-9.24,2019-09-22 06:33:49,,,5.2.0-9.24
f9f4dd2d-4c14-4ee0-a31c-bf14bfd285a3,Pengguna Google,https://play-lh.googleusercontent.com/EGemoI2NTXmTsBVtJqk8jxF9rh8ApRWfsIMQSt2uE4OcpQqbFu7f7NbTK05lx80nuSijCz7sc3a277R67g,Sangat membantu,5,0,5.2.0-9.24,2019-09-22 04:47:46,,,5.2.0-9.24
32df8216-653d-47cf-8dd6-617ddaed50dd,Pengguna Google,https://play-lh.googleusercontent.com/EGemoI2NTXmTsBVtJqk8jxF9rh8ApRWfsIMQSt2uE4OcpQqbFu7f7NbTK05lx80nuSijCz7sc3a277R67g,Sangat membantu.. good,4,0,5.2.0-9.24,2019-09-22 04:46:24,,,5.2.0-9.24
2a4cd170-435f-4ae5-ae63-5283b0df1faa,Pengguna Google,https://play-lh.googleusercontent.com/EGemoI2NTXmTsBVtJqk8jxF9rh8ApRWfsIMQSt2uE4OcpQqbFu7f7NbTK05lx80nuSijCz7sc3a277R67g,"Good apk,, sangat membantu..",5,0,5.2.0-9.24,2019-09-22 04:24:19,,,5.2.0-9.24
05abc657-80c5-409b-bec9-c6feb7d5e0ee,Pengguna Google,https://play-lh.googleusercontent.com/EGemoI2NTXmTsBVtJqk8jxF9rh8ApRWfsIMQSt2uE4OcpQqbFu7f7NbTK05lx80nuSijCz7sc3a277R67g,Bagus bisa dijadikan pedoman sebelum melaksanakan aktifitas diluar rumah saat musim kabut asap,4,0,5.2.0-9.24,2019-09-22 04:20:55,,,5.2.0-9.24
ec86f596-1727-497a-ba54-9499e4c6e972,Pengguna Google,https://play-lh.googleusercontent.com/EGemoI2NTXmTsBVtJqk8jxF9rh8ApRWfsIMQSt2uE4OcpQqbFu7f7NbTK05lx80nuSijCz7sc3a277R67g,Keren....jadi lebih tau kondisi udara sekarang,5,0,5.2.0-9.24,2019-09-22 03:37:30,,,5.2.0-9.24
39cb998d-6ca3-47f1-afc7-65ec1a2e3300,Pengguna Google,https://play-lh.googleusercontent.com/EGemoI2NTXmTsBVtJqk8jxF9rh8ApRWfsIMQSt2uE4OcpQqbFu7f7NbTK05lx80nuSijCz7sc3a277R67g,"Sangat membantu sekali aplikasinya , buat kuallitas udara di sekitar anda , terima kasih buat developer dab karyawan dan user interface nya sangat nyaman di lihat adem fresh dan tidak bosenin, keren pokoknyaa broo:v",5,40,5.2.0-9.24,2019-09-22 03:02:24,,,5.2.0-9.24
87382cb6-24c5-473a-9f58-a5128c90e8a1,Pengguna Google,https://play-lh.googleusercontent.com/EGemoI2NTXmTsBVtJqk8jxF9rh8ApRWfsIMQSt2uE4OcpQqbFu7f7NbTK05lx80nuSijCz7sc3a277R67g,"Sangat membantu,. Trima kasih",5,0,5.2.0-9.24,2019-09-22 01:16:28,,,5.2.0-9.24
b04fabfd-6142-4850-9cea-75486e1b6542,Pengguna Google,https://play-lh.googleusercontent.com/EGemoI2NTXmTsBVtJqk8jxF9rh8ApRWfsIMQSt2uE4OcpQqbFu7f7NbTK05lx80nuSijCz7sc3a277R67g,Membantu sekali dalam menjalankan pola #gayahidupsehataktif,5,0,5.2.0-9.24,2019-09-22 00:06:56,,,5.2.0-9.24
0e8b0bd4-5b2e-4182-84de-4894379457c0,Pengguna Google,https://play-lh.googleusercontent.com/EGemoI2NTXmTsBVtJqk8jxF9rh8ApRWfsIMQSt2uE4OcpQqbFu7f7NbTK05lx80nuSijCz7sc3a277R67g,Terimakasih dr kami korban asap,5,0,5.2.0-9.24,2019-09-21 20:30:12,,,5.2.0-9.24
88e0be56-abcc-42a4-b1b6-2e249fed8660,Pengguna Google,https://play-lh.googleusercontent.com/EGemoI2NTXmTsBVtJqk8jxF9rh8ApRWfsIMQSt2uE4OcpQqbFu7f7NbTK05lx80nuSijCz7sc3a277R67g,Sgt membantu❤,5,0,,2019-09-21 19:15:49,,,
f9233619-cdbe-4288-a9e0-0da9fe745030,Pengguna Google,https://play-lh.googleusercontent.com/EGemoI2NTXmTsBVtJqk8jxF9rh8ApRWfsIMQSt2uE4OcpQqbFu7f7NbTK05lx80nuSijCz7sc3a277R67g,"Bagus sangat membantu, dan real time",5,0,5.2.0-9.24,2019-09-21 13:53:15,,,5.2.0-9.24
45d297d3-f0f6-4fc5-9b4d-d9546156658f,Pengguna Google,https://play-lh.googleusercontent.com/EGemoI2NTXmTsBVtJqk8jxF9rh8ApRWfsIMQSt2uE4OcpQqbFu7f7NbTK05lx80nuSijCz7sc3a277R67g,Sangat membantu untuk mengetahui polusi parah ato enggaknya. Tingkatkan lagi appnya semoga sukses selalu,5,3,5.2.0-9.24,2019-09-21 12:27:04,,,5.2.0-9.24
bd803f54-98f3-462a-967e-d192f4818843,Pengguna Google,https://play-lh.googleusercontent.com/EGemoI2NTXmTsBVtJqk8jxF9rh8ApRWfsIMQSt2uE4OcpQqbFu7f7NbTK05lx80nuSijCz7sc3a277R67g,Sangat membantu,4,0,5.2.0-9.24,2019-09-21 11:38:43,,,5.2.0-9.24
80505321-169e-4926-8071-0ed5572bd601,Pengguna Google,https://play-lh.googleusercontent.com/EGemoI2NTXmTsBVtJqk8jxF9rh8ApRWfsIMQSt2uE4OcpQqbFu7f7NbTK05lx80nuSijCz7sc3a277R67g,"Sangat membantu, untuk antisipasi kesehatan Udara dilingkungan kita.",5,0,5.2.0-9.24,2019-09-21 09:30:07,,,5.2.0-9.24
e2b106e1-589a-48a6-9065-70166c8143eb,Pengguna Google,https://play-lh.googleusercontent.com/EGemoI2NTXmTsBVtJqk8jxF9rh8ApRWfsIMQSt2uE4OcpQqbFu7f7NbTK05lx80nuSijCz7sc3a277R67g,Sangat membantu,5,0,5.2.0-9.24,2019-09-21 09:26:54,,,5.2.0-9.24
5b93190c-5e30-49df-b2c2-975595e935f7,Pengguna Google,https://play-lh.googleusercontent.com/EGemoI2NTXmTsBVtJqk8jxF9rh8ApRWfsIMQSt2uE4OcpQqbFu7f7NbTK05lx80nuSijCz7sc3a277R67g,Ye kebantu aja .,5,0,5.2.0-9.24,2019-09-21 09:02:13,,,5.2.0-9.24
bb7284b6-67d0-486f-aae1-238cfada31ca,Pengguna Google,https://play-lh.googleusercontent.com/EGemoI2NTXmTsBVtJqk8jxF9rh8ApRWfsIMQSt2uE4OcpQqbFu7f7NbTK05lx80nuSijCz7sc3a277R67g,Jadi tau kondisi udara di luar ruangan. Sangat membantu apalagi saya punya balita...,5,0,5.2.0-9.24,2019-09-21 08:53:56,,,5.2.0-9.24
b20e4bea-487b-4329-b347-4ca72742891b,Pengguna Google,https://play-lh.googleusercontent.com/EGemoI2NTXmTsBVtJqk8jxF9rh8ApRWfsIMQSt2uE4OcpQqbFu7f7NbTK05lx80nuSijCz7sc3a277R67g,Asap,5,0,5.2.0-9.24,2019-09-21 07:54:35,,,5.2.0-9.24
3bc1b991-7723-4cc6-99f0-23ac0abea5c7,Pengguna Google,https://play-lh.googleusercontent.com/EGemoI2NTXmTsBVtJqk8jxF9rh8ApRWfsIMQSt2uE4OcpQqbFu7f7NbTK05lx80nuSijCz7sc3a277R67g,Sangat membantu,5,0,5.2.0-9.24,2019-09-21 07:03:02,,,5.2.0-9.24
f7baddab-4057-4fbc-95d2-e2999e34147d,Pengguna Google,https://play-lh.googleusercontent.com/EGemoI2NTXmTsBVtJqk8jxF9rh8ApRWfsIMQSt2uE4OcpQqbFu7f7NbTK05lx80nuSijCz7sc3a277R67g,Membantu sekali untuk melihat udara apalgi kalau ingin beraktifitas di luar rumah,5,0,5.2.0-9.24,2019-09-21 05:04:28,,,5.2.0-9.24
20000ccc-ef33-4db4-a368-dc8c78e62da6,Pengguna Google,https://play-lh.googleusercontent.com/EGemoI2NTXmTsBVtJqk8jxF9rh8ApRWfsIMQSt2uE4OcpQqbFu7f7NbTK05lx80nuSijCz7sc3a277R67g,Membantu,5,0,5.2.0-9.24,2019-09-21 04:08:22,,,5.2.0-9.24
a0c76d69-bb7e-43dc-8ab9-1b0d40d29649,Pengguna Google,https://play-lh.googleusercontent.com/EGemoI2NTXmTsBVtJqk8jxF9rh8ApRWfsIMQSt2uE4OcpQqbFu7f7NbTK05lx80nuSijCz7sc3a277R67g,Sangat membantu.. mantab,5,0,5.2.0-9.24,2019-09-21 03:53:32,,,5.2.0-9.24
f3bdad68-4aca-473d-9536-50a6ea38286e,Pengguna Google,https://play-lh.googleusercontent.com/EGemoI2NTXmTsBVtJqk8jxF9rh8ApRWfsIMQSt2uE4OcpQqbFu7f7NbTK05lx80nuSijCz7sc3a277R67g,Sangat membantu!,3,0,5.2.0-9.24,2019-09-21 03:46:39,"Hi Misna, 
Thank you for your feedback. We always try to improve the app. Please tell us 1 area for improvement so that we can earn your 5 stars review next time! Thanks.
The AirVisual team",2019-09-23 16:58:54,5.2.0-9.24
ac1f2ec6-ff40-4206-bae6-0708513ae9f8,Pengguna Google,https://play-lh.googleusercontent.com/EGemoI2NTXmTsBVtJqk8jxF9rh8ApRWfsIMQSt2uE4OcpQqbFu7f7NbTK05lx80nuSijCz7sc3a277R67g,"Sangat membantu untuk mengetahui kondisi udara, apalagi disaat musim asap seperti sekarang ini",4,0,5.2.0-9.24,2019-09-21 03:27:41,,,5.2.0-9.24
f9c3070b-99a3-49d5-bfb4-8b1280a07634,Pengguna Google,https://play-lh.googleusercontent.com/EGemoI2NTXmTsBVtJqk8jxF9rh8ApRWfsIMQSt2uE4OcpQqbFu7f7NbTK05lx80nuSijCz7sc3a277R67g,Dengan ini membantu saya untuk mengungat pencemaran udara di indonesia maka saya men download nya untuk mengetahui informasi pencemaran udara,5,0,5.2.0-9.24,2019-09-21 02:20:36,,,5.2.0-9.24
855dd49a-bed1-4f27-9dc0-5a11ce78d7a4,Pengguna Google,https://play-lh.googleusercontent.com/EGemoI2NTXmTsBVtJqk8jxF9rh8ApRWfsIMQSt2uE4OcpQqbFu7f7NbTK05lx80nuSijCz7sc3a277R67g,Saat asap2 sangat penting Asap hilang mgkn d unistall ☺ Jazakalahu khair,4,0,5.2.0-9.24,2019-09-21 01:32:20,,,5.2.0-9.24
18d69596-0446-4206-9abd-480757e14dbf,Pengguna Google,https://play-lh.googleusercontent.com/EGemoI2NTXmTsBVtJqk8jxF9rh8ApRWfsIMQSt2uE4OcpQqbFu7f7NbTK05lx80nuSijCz7sc3a277R67g,Aplikasi ini sangat membantu,5,0,5.2.0-9.24,2019-09-21 00:44:39,,,5.2.0-9.24
325af3d9-14a1-4d65-8714-0c9f958aa566,Pengguna Google,https://play-lh.googleusercontent.com/EGemoI2NTXmTsBVtJqk8jxF9rh8ApRWfsIMQSt2uE4OcpQqbFu7f7NbTK05lx80nuSijCz7sc3a277R67g,Sangat membantu saya dalam menjalani aktivitas sehari-hari,5,0,5.2.0-9.24,2019-09-21 00:14:22,,,5.2.0-9.24
821ec8bd-9fea-4b0f-9c5a-548bf85de246,Pengguna Google,https://play-lh.googleusercontent.com/EGemoI2NTXmTsBVtJqk8jxF9rh8ApRWfsIMQSt2uE4OcpQqbFu7f7NbTK05lx80nuSijCz7sc3a277R67g,"Jadi tau keadaan kualitas udara saat ini, sangat membantu",5,0,5.2.0-9.24,2019-09-20 23:07:10,,,5.2.0-9.24
76264bc7-8d8b-47e8-91c4-ee9051da4313,Pengguna Google,https://play-lh.googleusercontent.com/EGemoI2NTXmTsBVtJqk8jxF9rh8ApRWfsIMQSt2uE4OcpQqbFu7f7NbTK05lx80nuSijCz7sc3a277R67g,"Sangat membatu kami yg sdang d landa kabut asap d RIAU, semoga aplikasai terukur kekurasian nya..",5,0,5.2.0-9.24,2019-09-20 22:40:39,,,5.2.0-9.24
30bc754e-8c39-4920-8a01-601731f7a454,Pengguna Google,https://play-lh.googleusercontent.com/EGemoI2NTXmTsBVtJqk8jxF9rh8ApRWfsIMQSt2uE4OcpQqbFu7f7NbTK05lx80nuSijCz7sc3a277R67g,Sejauh ini membantu untuk menginformasikan kondisi udara di daerah,4,0,5.2.0-9.24,2019-09-20 18:44:25,,,5.2.0-9.24
c9fb16db-099e-4bfa-ac28-4486d378450c,Pengguna Google,https://play-lh.googleusercontent.com/EGemoI2NTXmTsBVtJqk8jxF9rh8ApRWfsIMQSt2uE4OcpQqbFu7f7NbTK05lx80nuSijCz7sc3a277R67g,"Bagus sekali, karna bisa mengecek kadar polusi udara di sekitar kita",5,0,5.2.0-9.24,2019-09-20 17:48:25,,,5.2.0-9.24
80c3a6bb-7ac5-4a8b-ac37-1705f92ea45d,Pengguna Google,https://play-lh.googleusercontent.com/EGemoI2NTXmTsBVtJqk8jxF9rh8ApRWfsIMQSt2uE4OcpQqbFu7f7NbTK05lx80nuSijCz7sc3a277R67g,Membantu saya mengetahui kualitas udara daerah saya,3,0,5.2.0-9.24,2019-09-20 13:13:55,"Hi Ajang,
Thank you for your message. We're continuously deploying new sensors to improve air quality data and to share this data freely with everyone. Can you tell us in which areas you would like to access more air quality data? We will try to expand more coverage there.
The AirVisual team",2019-09-23 17:06:07,5.2.0-9.24
5ce54254-fc06-489d-98d3-3dfc16e3bccb,Pengguna Google,https://play-lh.googleusercontent.com/EGemoI2NTXmTsBVtJqk8jxF9rh8ApRWfsIMQSt2uE4OcpQqbFu7f7NbTK05lx80nuSijCz7sc3a277R67g,"Bagus , sebagai pengingat agar bersiap dgn masker apabila kluar rumah.",5,0,5.2.0-9.24,2019-09-20 12:34:07,,,5.2.0-9.24
a0e52eb5-7b81-4bf5-9272-97f9e0e84803,Pengguna Google,https://play-lh.googleusercontent.com/EGemoI2NTXmTsBVtJqk8jxF9rh8ApRWfsIMQSt2uE4OcpQqbFu7f7NbTK05lx80nuSijCz7sc3a277R67g,"Bagus, sangat membantu",5,0,5.2.0-9.24,2019-09-20 11:16:38,,,5.2.0-9.24
53555029-0dd7-4ba3-878e-e4328aa71adb,Pengguna Google,https://play-lh.googleusercontent.com/EGemoI2NTXmTsBVtJqk8jxF9rh8ApRWfsIMQSt2uE4OcpQqbFu7f7NbTK05lx80nuSijCz7sc3a277R67g,Sangat membantu 🙏🙏🙏,5,0,5.2.0-9.24,2019-09-20 10:47:49,,,5.2.0-9.24
278806e2-2561-4cce-8925-643ab5f8fc6b,Pengguna Google,https://play-lh.googleusercontent.com/EGemoI2NTXmTsBVtJqk8jxF9rh8ApRWfsIMQSt2uE4OcpQqbFu7f7NbTK05lx80nuSijCz7sc3a277R67g,Aplikasi yang sangat memabantu sekali memantau kualitas udara. Apalagi musim kemarau di kota kami sering terjadi karhutla.,5,17,5.2.0-9.24,2019-09-20 10:29:51,,,5.2.0-9.24
16625c64-c6b6-4021-b41d-40cf0b269da2,Pengguna Google,https://play-lh.googleusercontent.com/EGemoI2NTXmTsBVtJqk8jxF9rh8ApRWfsIMQSt2uE4OcpQqbFu7f7NbTK05lx80nuSijCz7sc3a277R67g,Sangat membantu pada saat bencana asap,5,0,5.2.0-9.24,2019-09-20 10:29:11,,,5.2.0-9.24
d6c315c8-74d0-4afd-adf6-e0ac2d10d092,Pengguna Google,https://play-lh.googleusercontent.com/EGemoI2NTXmTsBVtJqk8jxF9rh8ApRWfsIMQSt2uE4OcpQqbFu7f7NbTK05lx80nuSijCz7sc3a277R67g,Sangat membantu,5,0,5.2.0-9.24,2019-09-20 09:47:08,,,5.2.0-9.24
0d8e6f2a-a913-4c7f-83a7-ec28d80b9172,Pengguna Google,https://play-lh.googleusercontent.com/EGemoI2NTXmTsBVtJqk8jxF9rh8ApRWfsIMQSt2uE4OcpQqbFu7f7NbTK05lx80nuSijCz7sc3a277R67g,Sangat membantu,5,0,5.2.0-9.24,2019-09-20 07:29:44,,,5.2.0-9.24
9668dcb0-fb37-454a-8b72-6942bb8223dc,Pengguna Google,https://play-lh.googleusercontent.com/EGemoI2NTXmTsBVtJqk8jxF9rh8ApRWfsIMQSt2uE4OcpQqbFu7f7NbTK05lx80nuSijCz7sc3a277R67g,Sangat membantu,4,0,5.2.0-9.24,2019-09-20 06:37:17,,,5.2.0-9.24
76fba394-55ff-4e69-831e-b48c2f120c15,Pengguna Google,https://play-lh.googleusercontent.com/EGemoI2NTXmTsBVtJqk8jxF9rh8ApRWfsIMQSt2uE4OcpQqbFu7f7NbTK05lx80nuSijCz7sc3a277R67g,"Sangat membantu, terima kasih",5,0,5.2.0-9.24,2019-09-20 05:06:59,,,5.2.0-9.24
39aaf1c9-6876-4a31-a063-bc8dd60a011e,Pengguna Google,https://play-lh.googleusercontent.com/EGemoI2NTXmTsBVtJqk8jxF9rh8ApRWfsIMQSt2uE4OcpQqbFu7f7NbTK05lx80nuSijCz7sc3a277R67g,Baik untuk dapat memonitor kualitas udara serta sumber data yang dapat dipercaya.,4,0,5.2.0-9.24,2019-09-20 02:50:53,,,5.2.0-9.24
1f8960c9-57dd-4fa5-926c-76bb366c3c8c,Pengguna Google,https://play-lh.googleusercontent.com/EGemoI2NTXmTsBVtJqk8jxF9rh8ApRWfsIMQSt2uE4OcpQqbFu7f7NbTK05lx80nuSijCz7sc3a277R67g,Sangat membantu,5,0,5.2.0-9.24,2019-09-20 02:37:26,,,5.2.0-9.24
2690c785-ce51-4132-9034-cd8006782609,Pengguna Google,https://play-lh.googleusercontent.com/EGemoI2NTXmTsBVtJqk8jxF9rh8ApRWfsIMQSt2uE4OcpQqbFu7f7NbTK05lx80nuSijCz7sc3a277R67g,Sangat membantu,4,0,5.2.0-9.24,2019-09-20 01:59:43,,,5.2.0-9.24
6a3b1621-a196-4704-8918-4186d24182ac,Pengguna Google,https://play-lh.googleusercontent.com/EGemoI2NTXmTsBVtJqk8jxF9rh8ApRWfsIMQSt2uE4OcpQqbFu7f7NbTK05lx80nuSijCz7sc3a277R67g,Sangat membantu disaat musim kemarau,4,0,5.2.0-9.24,2019-09-20 01:43:29,,,5.2.0-9.24
2d832600-4f44-457f-99dc-753d36f30294,Pengguna Google,https://play-lh.googleusercontent.com/EGemoI2NTXmTsBVtJqk8jxF9rh8ApRWfsIMQSt2uE4OcpQqbFu7f7NbTK05lx80nuSijCz7sc3a277R67g,Sangat membantu,5,0,5.2.0-9.24,2019-09-20 01:03:56,,,5.2.0-9.24
f4103e62-de7c-401d-a2fc-150bf6015d53,Pengguna Google,https://play-lh.googleusercontent.com/EGemoI2NTXmTsBVtJqk8jxF9rh8ApRWfsIMQSt2uE4OcpQqbFu7f7NbTK05lx80nuSijCz7sc3a277R67g,Sangat membantu apalagi dalam musim panas dan rawan kebakaran hutan. Bisa juga dijadikan patokan untuk keperluan penerbangan,5,4,5.2.0-9.24,2019-09-20 00:46:49,,,5.2.0-9.24
a782555f-f8ce-4167-9c7b-c35987e62fcf,Pengguna Google,https://play-lh.googleusercontent.com/EGemoI2NTXmTsBVtJqk8jxF9rh8ApRWfsIMQSt2uE4OcpQqbFu7f7NbTK05lx80nuSijCz7sc3a277R67g,Sangat membantu informasi udara,5,0,5.2.0-9.24,2019-09-19 23:45:52,,,5.2.0-9.24
90bac327-1f5d-49f5-a232-5bdd7a9a66a2,Pengguna Google,https://play-lh.googleusercontent.com/EGemoI2NTXmTsBVtJqk8jxF9rh8ApRWfsIMQSt2uE4OcpQqbFu7f7NbTK05lx80nuSijCz7sc3a277R67g,Terima kasih atas bantuannya utk mendeteksi udara sekitar,5,0,5.2.0-9.24,2019-09-19 23:38:25,,,5.2.0-9.24
13375cd6-fedd-4b51-b750-b1beab4501c3,Pengguna Google,https://play-lh.googleusercontent.com/EGemoI2NTXmTsBVtJqk8jxF9rh8ApRWfsIMQSt2uE4OcpQqbFu7f7NbTK05lx80nuSijCz7sc3a277R67g,sangat membantu,2,0,5.2.0-9.24,2019-09-19 23:33:13,"Hi Syah,
Thank you for your feedback. We always try to improve the app. Please tell us 1 area for improvement so that we can earn your 5 stars review next time! Thanks.
The AirVisual team",2019-09-23 17:08:27,5.2.0-9.24
d57784dd-4c7c-4dd7-8e46-651839b7ecce,Pengguna Google,https://play-lh.googleusercontent.com/EGemoI2NTXmTsBVtJqk8jxF9rh8ApRWfsIMQSt2uE4OcpQqbFu7f7NbTK05lx80nuSijCz7sc3a277R67g,Sangat membantu,4,0,5.2.0-9.24,2019-09-19 19:08:21,,,5.2.0-9.24
9859c99d-5362-4338-be56-8f0c7461781f,Pengguna Google,https://play-lh.googleusercontent.com/EGemoI2NTXmTsBVtJqk8jxF9rh8ApRWfsIMQSt2uE4OcpQqbFu7f7NbTK05lx80nuSijCz7sc3a277R67g,Sangat membantu utk mengetahui Qualitas Udara....thank's...,4,0,5.2.0-9.24,2019-09-19 17:51:25,,,5.2.0-9.24
36f4b279-ff19-4299-a534-3924eabb666e,Pengguna Google,https://play-lh.googleusercontent.com/EGemoI2NTXmTsBVtJqk8jxF9rh8ApRWfsIMQSt2uE4OcpQqbFu7f7NbTK05lx80nuSijCz7sc3a277R67g,"Sangat membantu untuk mengetahui kualitas udara di Riau,, khususnya Pekanbaru dan Duri 😇 terimakasih Air Quality | AirVisual",5,1,,2019-09-19 15:51:31,,,
904f6198-182e-49e4-8abc-482a3a7f8f1a,Pengguna Google,https://play-lh.googleusercontent.com/EGemoI2NTXmTsBVtJqk8jxF9rh8ApRWfsIMQSt2uE4OcpQqbFu7f7NbTK05lx80nuSijCz7sc3a277R67g,Membantu mengetahui kondisi udara apakah sehat atau tidak sehat atau justru berbahaya hanya melalui aplikasi ini,5,0,5.2.0-9.24,2019-09-19 15:13:16,,,5.2.0-9.24
1a3f080e-c7d2-41c8-abbe-b7a142b7ad13,Pengguna Google,https://play-lh.googleusercontent.com/EGemoI2NTXmTsBVtJqk8jxF9rh8ApRWfsIMQSt2uE4OcpQqbFu7f7NbTK05lx80nuSijCz7sc3a277R67g,Aplikasi ini sangat pas dalam mendeskripsi kan keadaan udara di sekitar kita.. Buat yg lain wajib donlot aplikasi ini.. 👍👍👍,5,3,5.2.0-9.24,2019-09-19 14:37:56,,,5.2.0-9.24
1c232b48-78c8-405e-a347-68e5fe88dd23,Pengguna Google,https://play-lh.googleusercontent.com/EGemoI2NTXmTsBVtJqk8jxF9rh8ApRWfsIMQSt2uE4OcpQqbFu7f7NbTK05lx80nuSijCz7sc3a277R67g,Sangat membantu bagi saya apalagi daerah saya khususnya daerah pekanbaru riau yang terkena dampak polusi kabut asap akibat karhutla yang kian meluas,4,2,5.2.0-9.24,2019-09-19 13:41:11,,,5.2.0-9.24
e4cd0bbd-2626-4267-97ac-9cc04ab20764,Pengguna Google,https://play-lh.googleusercontent.com/EGemoI2NTXmTsBVtJqk8jxF9rh8ApRWfsIMQSt2uE4OcpQqbFu7f7NbTK05lx80nuSijCz7sc3a277R67g,Sangat membantu untuk membuat kita sadar betapa pentingnya menjaga kesehatan udara,4,0,5.2.0-9.24,2019-09-19 13:37:46,,,5.2.0-9.24
e86bd041-6a3d-47d1-a962-43d823a198d6,Pengguna Google,https://play-lh.googleusercontent.com/EGemoI2NTXmTsBVtJqk8jxF9rh8ApRWfsIMQSt2uE4OcpQqbFu7f7NbTK05lx80nuSijCz7sc3a277R67g,Sangat membantu disaat udara lagi tidak bagus ini.,5,0,5.2.0-9.24,2019-09-19 11:48:31,,,5.2.0-9.24
2e2a716d-3ce0-4125-a919-de86e6a031b5,Pengguna Google,https://play-lh.googleusercontent.com/EGemoI2NTXmTsBVtJqk8jxF9rh8ApRWfsIMQSt2uE4OcpQqbFu7f7NbTK05lx80nuSijCz7sc3a277R67g,Informasi yang membantu,4,0,5.2.0-9.24,2019-09-19 11:35:18,,,5.2.0-9.24
fe0647c9-f593-4a16-852f-52a85592e4c9,Pengguna Google,https://play-lh.googleusercontent.com/EGemoI2NTXmTsBVtJqk8jxF9rh8ApRWfsIMQSt2uE4OcpQqbFu7f7NbTK05lx80nuSijCz7sc3a277R67g,Sangat membantu,5,0,5.2.0-9.24,2019-09-19 09:33:01,,,5.2.0-9.24
344b7016-c10e-4380-bd7c-a9eeea850993,Pengguna Google,https://play-lh.googleusercontent.com/EGemoI2NTXmTsBVtJqk8jxF9rh8ApRWfsIMQSt2uE4OcpQqbFu7f7NbTK05lx80nuSijCz7sc3a277R67g,Sangat membantu,5,0,5.2.0-9.24,2019-09-19 09:12:44,,,5.2.0-9.24
8822ce17-9cab-4319-afff-87816a7938ec,Pengguna Google,https://play-lh.googleusercontent.com/EGemoI2NTXmTsBVtJqk8jxF9rh8ApRWfsIMQSt2uE4OcpQqbFu7f7NbTK05lx80nuSijCz7sc3a277R67g,Air visual sangat membantu untuk mengukur seberapa bahaya nya asap pada hari itu,5,0,5.2.0-9.24,2019-09-19 08:07:24,,,5.2.0-9.24
e2f03d75-92f4-4915-b36f-8ad06f82e0c1,Pengguna Google,https://play-lh.googleusercontent.com/EGemoI2NTXmTsBVtJqk8jxF9rh8ApRWfsIMQSt2uE4OcpQqbFu7f7NbTK05lx80nuSijCz7sc3a277R67g,Aplikasi yang sangat membantu,5,0,5.2.0-9.24,2019-09-19 07:08:10,,,5.2.0-9.24
b71123a5-1010-4fb7-a1a4-2f68036e308a,Pengguna Google,https://play-lh.googleusercontent.com/EGemoI2NTXmTsBVtJqk8jxF9rh8ApRWfsIMQSt2uE4OcpQqbFu7f7NbTK05lx80nuSijCz7sc3a277R67g,Sangat membantu memeriksa kualitas udara di berbagai daerah 👍,5,0,5.2.0-9.24,2019-09-19 05:36:05,,,5.2.0-9.24
5bc40f91-92f4-4774-af2f-fca1c4eebac4,Pengguna Google,https://play-lh.googleusercontent.com/EGemoI2NTXmTsBVtJqk8jxF9rh8ApRWfsIMQSt2uE4OcpQqbFu7f7NbTK05lx80nuSijCz7sc3a277R67g,Sangat membantu,5,0,5.2.0-9.24,2019-09-19 05:28:00,,,5.2.0-9.24
0073a1e4-9499-49b5-ac02-32652629138a,Pengguna Google,https://play-lh.googleusercontent.com/EGemoI2NTXmTsBVtJqk8jxF9rh8ApRWfsIMQSt2uE4OcpQqbFu7f7NbTK05lx80nuSijCz7sc3a277R67g,"Terimakasih, aplikasi yg sangat membantu dalam menentukan kualitas dan tindakan preventif terhadap kondisi udara terkini.",5,1,5.2.0-9.24,2019-09-19 04:52:52,,,5.2.0-9.24
da722444-bd7d-45b1-841d-f19fcce1499d,Pengguna Google,https://play-lh.googleusercontent.com/EGemoI2NTXmTsBVtJqk8jxF9rh8ApRWfsIMQSt2uE4OcpQqbFu7f7NbTK05lx80nuSijCz7sc3a277R67g,Sangat membantu bosku,5,0,5.2.0-9.24,2019-09-19 04:15:03,,,5.2.0-9.24
9156b6d3-b0f9-41bf-b82c-839c854ac30d,Pengguna Google,https://play-lh.googleusercontent.com/EGemoI2NTXmTsBVtJqk8jxF9rh8ApRWfsIMQSt2uE4OcpQqbFu7f7NbTK05lx80nuSijCz7sc3a277R67g,Bermanfaat untuk mengetahui kualitas udara disekitar kita,5,0,5.2.0-9.24,2019-09-19 04:11:00,,,5.2.0-9.24
ab11e10f-52a6-45b6-b5c5-6738c1ab7ed2,Pengguna Google,https://play-lh.googleusercontent.com/EGemoI2NTXmTsBVtJqk8jxF9rh8ApRWfsIMQSt2uE4OcpQqbFu7f7NbTK05lx80nuSijCz7sc3a277R67g,Infonya sangat membantu,5,0,5.2.0-9.24,2019-09-19 03:45:13,,,5.2.0-9.24
5083913c-8e43-4604-bc71-3ed223e1bf3d,Pengguna Google,https://play-lh.googleusercontent.com/EGemoI2NTXmTsBVtJqk8jxF9rh8ApRWfsIMQSt2uE4OcpQqbFu7f7NbTK05lx80nuSijCz7sc3a277R67g,Sangt membantu dan mantul,5,0,5.2.0-9.24,2019-09-19 02:55:39,,,5.2.0-9.24
ee6b00d0-2cd7-4f49-a080-74b9bc381f30,Pengguna Google,https://play-lh.googleusercontent.com/EGemoI2NTXmTsBVtJqk8jxF9rh8ApRWfsIMQSt2uE4OcpQqbFu7f7NbTK05lx80nuSijCz7sc3a277R67g,Sangat membantu saya yang di Palangkaraya,5,0,5.2.0-9.24,2019-09-19 00:51:32,,,5.2.0-9.24
597c4d48-ddbc-42be-84c9-235c338273f1,Pengguna Google,https://play-lh.googleusercontent.com/EGemoI2NTXmTsBVtJqk8jxF9rh8ApRWfsIMQSt2uE4OcpQqbFu7f7NbTK05lx80nuSijCz7sc3a277R67g,Sangat membantu di saat bencana asap skr ini,5,0,5.2.0-9.24,2019-09-19 00:50:48,,,5.2.0-9.24
74cf78c5-2160-4031-9965-fe930143449b,Pengguna Google,https://play-lh.googleusercontent.com/EGemoI2NTXmTsBVtJqk8jxF9rh8ApRWfsIMQSt2uE4OcpQqbFu7f7NbTK05lx80nuSijCz7sc3a277R67g,Membantu di saat musim asap di jambi...,5,0,,2019-09-19 00:03:32,,,
fad2877f-15ff-4276-8871-c9f5705c5573,Pengguna Google,https://play-lh.googleusercontent.com/EGemoI2NTXmTsBVtJqk8jxF9rh8ApRWfsIMQSt2uE4OcpQqbFu7f7NbTK05lx80nuSijCz7sc3a277R67g,sangat terbantu,5,0,5.2.0-9.24,2019-09-18 23:49:26,,,5.2.0-9.24
a32feb77-4c8f-4d33-9e2e-6a277e0b325d,Pengguna Google,https://play-lh.googleusercontent.com/EGemoI2NTXmTsBVtJqk8jxF9rh8ApRWfsIMQSt2uE4OcpQqbFu7f7NbTK05lx80nuSijCz7sc3a277R67g,Membantu,4,0,5.2.0-9.24,2019-09-18 16:12:57,,,5.2.0-9.24
942eb1ed-f8c3-4796-9a76-d0d6147a6aa5,Pengguna Google,https://play-lh.googleusercontent.com/EGemoI2NTXmTsBVtJqk8jxF9rh8ApRWfsIMQSt2uE4OcpQqbFu7f7NbTK05lx80nuSijCz7sc3a277R67g,Sangat membantu sekali,5,0,5.2.0-9.24,2019-09-18 14:02:12,,,5.2.0-9.24
52f5bfac-e48c-44bd-82a5-f294e077ea24,Pengguna Google,https://play-lh.googleusercontent.com/EGemoI2NTXmTsBVtJqk8jxF9rh8ApRWfsIMQSt2uE4OcpQqbFu7f7NbTK05lx80nuSijCz7sc3a277R67g,Terbantu sekali,5,0,5.2.0-9.24,2019-09-18 13:52:54,,,5.2.0-9.24
3118afab-34c1-42f1-8924-7a898232d78a,Pengguna Google,https://play-lh.googleusercontent.com/EGemoI2NTXmTsBVtJqk8jxF9rh8ApRWfsIMQSt2uE4OcpQqbFu7f7NbTK05lx80nuSijCz7sc3a277R67g,Thanks membantu dimusim berasap ini,5,0,5.2.0-9.24,2019-09-18 13:09:02,,,5.2.0-9.24
bf74d334-1fbc-4783-b86d-643d40a206d8,Pengguna Google,https://play-lh.googleusercontent.com/EGemoI2NTXmTsBVtJqk8jxF9rh8ApRWfsIMQSt2uE4OcpQqbFu7f7NbTK05lx80nuSijCz7sc3a277R67g,Sangat membantu untuk mengetahui kwalitas udara diseluruh Indonesia,5,0,5.2.0-9.24,2019-09-18 12:54:06,,,5.2.0-9.24
dd5736b9-8786-4f39-8da8-901caae0ebb5,Pengguna Google,https://play-lh.googleusercontent.com/EGemoI2NTXmTsBVtJqk8jxF9rh8ApRWfsIMQSt2uE4OcpQqbFu7f7NbTK05lx80nuSijCz7sc3a277R67g,Sangat membantu,5,0,5.2.0-9.24,2019-09-18 12:14:41,,,5.2.0-9.24
af3d9686-ebba-4bcd-b51a-2ebbd0a987f8,Pengguna Google,https://play-lh.googleusercontent.com/EGemoI2NTXmTsBVtJqk8jxF9rh8ApRWfsIMQSt2uE4OcpQqbFu7f7NbTK05lx80nuSijCz7sc3a277R67g,"Bagus, sangat membantu!",5,0,,2019-09-18 12:11:39,,,
a3ee42ea-425a-45db-b499-f4a079045ea1,Pengguna Google,https://play-lh.googleusercontent.com/EGemoI2NTXmTsBVtJqk8jxF9rh8ApRWfsIMQSt2uE4OcpQqbFu7f7NbTK05lx80nuSijCz7sc3a277R67g,Sangat membantu,5,0,5.2.0-9.24,2019-09-18 11:57:01,,,5.2.0-9.24
bc9889d7-1f26-4731-b998-d135a9ec7a3f,Pengguna Google,https://play-lh.googleusercontent.com/EGemoI2NTXmTsBVtJqk8jxF9rh8ApRWfsIMQSt2uE4OcpQqbFu7f7NbTK05lx80nuSijCz7sc3a277R67g,Alhamdulillah sangat membantu...,4,0,5.2.0-9.24,2019-09-18 10:49:58,,,5.2.0-9.24
c1eaf1e1-685e-4331-bd31-b18c6b085bb0,Pengguna Google,https://play-lh.googleusercontent.com/EGemoI2NTXmTsBVtJqk8jxF9rh8ApRWfsIMQSt2uE4OcpQqbFu7f7NbTK05lx80nuSijCz7sc3a277R67g,Sangat membantu,5,0,5.2.0-9.24,2019-09-18 10:15:28,,,5.2.0-9.24
d0f78a8b-5c7e-426a-b602-4dc8c91b6501,Pengguna Google,https://play-lh.googleusercontent.com/EGemoI2NTXmTsBVtJqk8jxF9rh8ApRWfsIMQSt2uE4OcpQqbFu7f7NbTK05lx80nuSijCz7sc3a277R67g,Jd tahu kwalitas udara di kota tempatku tinggal,5,0,5.2.0-9.24,2019-09-18 09:57:02,,,5.2.0-9.24
6876f617-5478-4efd-ae22-f9d8abfd2853,Pengguna Google,https://play-lh.googleusercontent.com/EGemoI2NTXmTsBVtJqk8jxF9rh8ApRWfsIMQSt2uE4OcpQqbFu7f7NbTK05lx80nuSijCz7sc3a277R67g,"Mantap, tapi kalau bisa sebutkan kandungan berbahaya dari udara yang tidak sehat di lokasi masing-masing,",4,1,5.2.0-9.24,2019-09-18 07:03:52,,,5.2.0-9.24
3818b9e2-d27c-4bba-a78b-b5d1c115a9fc,Pengguna Google,https://play-lh.googleusercontent.com/EGemoI2NTXmTsBVtJqk8jxF9rh8ApRWfsIMQSt2uE4OcpQqbFu7f7NbTK05lx80nuSijCz7sc3a277R67g,Sangat membantu,4,0,5.2.0-9.24,2019-09-18 06:27:58,,,5.2.0-9.24
c79dc6a0-a2d9-4999-9666-0bb02c3cdf3a,Pengguna Google,https://play-lh.googleusercontent.com/EGemoI2NTXmTsBVtJqk8jxF9rh8ApRWfsIMQSt2uE4OcpQqbFu7f7NbTK05lx80nuSijCz7sc3a277R67g,Bagus banget saya jadi tau kwalitas udara d kota saya singgahi,5,0,5.2.0-9.24,2019-09-18 05:45:25,,,5.2.0-9.24
b4e4bd5a-dc43-4144-a0f8-774e208c9d7f,Pengguna Google,https://play-lh.googleusercontent.com/EGemoI2NTXmTsBVtJqk8jxF9rh8ApRWfsIMQSt2uE4OcpQqbFu7f7NbTK05lx80nuSijCz7sc3a277R67g,Bagus bisa mendeteksi kabut asap di berbagai daerah sampai negara,5,0,5.2.0-9.24,2019-09-18 05:26:05,,,5.2.0-9.24
03855bd7-54fe-4284-a974-e76fd1952aff,Pengguna Google,https://play-lh.googleusercontent.com/EGemoI2NTXmTsBVtJqk8jxF9rh8ApRWfsIMQSt2uE4OcpQqbFu7f7NbTK05lx80nuSijCz7sc3a277R67g,"Aplikasi ini sangat membantu kita, untuk mengetahui, udara yang kita hirup sehat / berbahaya bagi kesehatan",5,1,5.2.0-9.24,2019-09-18 05:15:24,,,5.2.0-9.24
5c375c56-9ede-47d9-9911-c6a541c540a4,Pengguna Google,https://play-lh.googleusercontent.com/EGemoI2NTXmTsBVtJqk8jxF9rh8ApRWfsIMQSt2uE4OcpQqbFu7f7NbTK05lx80nuSijCz7sc3a277R67g,sangat membantu,5,0,5.2.0-9.24,2019-09-18 04:39:11,,,5.2.0-9.24
a866ca82-329b-4bad-ab20-e88b5dc4d8ae,Pengguna Google,https://play-lh.googleusercontent.com/EGemoI2NTXmTsBVtJqk8jxF9rh8ApRWfsIMQSt2uE4OcpQqbFu7f7NbTK05lx80nuSijCz7sc3a277R67g,Sangat membantu udara kita adalah untuk kesehatan kita,5,0,5.2.0-9.24,2019-09-18 04:02:38,,,5.2.0-9.24
dbd63f76-8d02-401d-a4f8-4c7c8c7fad4a,Pengguna Google,https://play-lh.googleusercontent.com/EGemoI2NTXmTsBVtJqk8jxF9rh8ApRWfsIMQSt2uE4OcpQqbFu7f7NbTK05lx80nuSijCz7sc3a277R67g,Sangat membantu,5,0,5.2.0-9.24,2019-09-18 02:54:07,,,5.2.0-9.24
502371ce-f4a0-42f3-b5c6-82012162635f,Pengguna Google,https://play-lh.googleusercontent.com/EGemoI2NTXmTsBVtJqk8jxF9rh8ApRWfsIMQSt2uE4OcpQqbFu7f7NbTK05lx80nuSijCz7sc3a277R67g,Sangat membantu untuk siklus udara,5,0,5.2.0-9.24,2019-09-18 01:53:08,,,5.2.0-9.24
2b70e8f1-a2e6-40ad-af9d-d7cabfa27465,Pengguna Google,https://play-lh.googleusercontent.com/EGemoI2NTXmTsBVtJqk8jxF9rh8ApRWfsIMQSt2uE4OcpQqbFu7f7NbTK05lx80nuSijCz7sc3a277R67g,Sangat membantu,5,0,5.2.0-9.24,2019-09-18 01:51:43,,,5.2.0-9.24
3adb963e-3c63-466f-822d-d576fa3e1b01,Pengguna Google,https://play-lh.googleusercontent.com/EGemoI2NTXmTsBVtJqk8jxF9rh8ApRWfsIMQSt2uE4OcpQqbFu7f7NbTK05lx80nuSijCz7sc3a277R67g,Jadi bisa memantau perkembangan udara,5,0,5.2.0-9.24,2019-09-18 01:24:50,,,5.2.0-9.24
ffe2c066-d98a-49d7-a092-41281e527eeb,Pengguna Google,https://play-lh.googleusercontent.com/EGemoI2NTXmTsBVtJqk8jxF9rh8ApRWfsIMQSt2uE4OcpQqbFu7f7NbTK05lx80nuSijCz7sc3a277R67g,Sangat sangat membantu dalam informasi kami di pulau terluar,5,0,5.2.0-9.24,2019-09-18 01:03:48,,,5.2.0-9.24
2d9be61a-f551-474f-ac64-b2f6376b113e,Pengguna Google,https://play-lh.googleusercontent.com/EGemoI2NTXmTsBVtJqk8jxF9rh8ApRWfsIMQSt2uE4OcpQqbFu7f7NbTK05lx80nuSijCz7sc3a277R67g,Sangat membantu,5,0,,2019-09-18 00:40:51,,,
046271c3-3fc8-4268-85f0-6a80c6d1effe,Pengguna Google,https://play-lh.googleusercontent.com/EGemoI2NTXmTsBVtJqk8jxF9rh8ApRWfsIMQSt2uE4OcpQqbFu7f7NbTK05lx80nuSijCz7sc3a277R67g,Sangat Membantu Sekali,5,0,5.2.0-9.24,2019-09-18 00:38:09,,,5.2.0-9.24
f449a4c6-18f3-40b3-8969-8db126cc1843,Pengguna Google,https://play-lh.googleusercontent.com/EGemoI2NTXmTsBVtJqk8jxF9rh8ApRWfsIMQSt2uE4OcpQqbFu7f7NbTK05lx80nuSijCz7sc3a277R67g,"Sangat membantu, keep it up !!!",5,0,5.2.0-9.24,2019-09-17 18:45:50,,,5.2.0-9.24
a317f686-2731-4eb6-9850-d43cb2abf003,Pengguna Google,https://play-lh.googleusercontent.com/EGemoI2NTXmTsBVtJqk8jxF9rh8ApRWfsIMQSt2uE4OcpQqbFu7f7NbTK05lx80nuSijCz7sc3a277R67g,Sangat membantu,5,0,5.2.0-9.24,2019-09-17 16:34:26,,,5.2.0-9.24
22d4c1a2-841c-46b4-9d96-fa97b6e27c68,Pengguna Google,https://play-lh.googleusercontent.com/EGemoI2NTXmTsBVtJqk8jxF9rh8ApRWfsIMQSt2uE4OcpQqbFu7f7NbTK05lx80nuSijCz7sc3a277R67g,Sangat membantu,5,0,5.2.0-9.24,2019-09-17 15:00:59,,,5.2.0-9.24
f431c48d-f9d6-48ab-9b52-c584e2ab38b8,Pengguna Google,https://play-lh.googleusercontent.com/EGemoI2NTXmTsBVtJqk8jxF9rh8ApRWfsIMQSt2uE4OcpQqbFu7f7NbTK05lx80nuSijCz7sc3a277R67g,Bagus sekali untuk mengetahui keadaan udara yang ada di daerah tersebut,5,0,5.2.0-9.24,2019-09-17 14:20:44,,,5.2.0-9.24
35b35501-2765-42fb-99d2-c8dff3b50187,Pengguna Google,https://play-lh.googleusercontent.com/EGemoI2NTXmTsBVtJqk8jxF9rh8ApRWfsIMQSt2uE4OcpQqbFu7f7NbTK05lx80nuSijCz7sc3a277R67g,Lebih detail dalam memberikan informasi ttg kualitas udara...,5,0,5.2.0-9.24,2019-09-17 13:05:13,,,5.2.0-9.24
444d202f-4105-4f3e-88e4-370b91357d67,Pengguna Google,https://play-lh.googleusercontent.com/EGemoI2NTXmTsBVtJqk8jxF9rh8ApRWfsIMQSt2uE4OcpQqbFu7f7NbTK05lx80nuSijCz7sc3a277R67g,Sangat membantu,5,0,5.2.0-9.24,2019-09-17 12:43:48,,,5.2.0-9.24
1649d4be-6c99-48ee-a5e9-2309defd68f3,Pengguna Google,https://play-lh.googleusercontent.com/EGemoI2NTXmTsBVtJqk8jxF9rh8ApRWfsIMQSt2uE4OcpQqbFu7f7NbTK05lx80nuSijCz7sc3a277R67g,Lumayan membantu saat darurat asap,5,0,5.2.0-9.24,2019-09-17 12:19:11,,,5.2.0-9.24
07183fa5-7f26-4b46-b716-955562ff7772,Pengguna Google,https://play-lh.googleusercontent.com/EGemoI2NTXmTsBVtJqk8jxF9rh8ApRWfsIMQSt2uE4OcpQqbFu7f7NbTK05lx80nuSijCz7sc3a277R67g,Sangat membantu,4,0,5.2.0-9.24,2019-09-17 12:17:48,,,5.2.0-9.24
5d40d0c9-0dbe-414d-bd0e-e795859f6fe7,Pengguna Google,https://play-lh.googleusercontent.com/EGemoI2NTXmTsBVtJqk8jxF9rh8ApRWfsIMQSt2uE4OcpQqbFu7f7NbTK05lx80nuSijCz7sc3a277R67g,Sangat membantu,5,0,5.2.0-9.24,2019-09-17 12:16:17,,,5.2.0-9.24
45a87eb6-42d0-4481-8c48-ab2f04777d37,Pengguna Google,https://play-lh.googleusercontent.com/EGemoI2NTXmTsBVtJqk8jxF9rh8ApRWfsIMQSt2uE4OcpQqbFu7f7NbTK05lx80nuSijCz7sc3a277R67g,"sangat membantu, tingkatkan lagi untuk versi gratis 😊",5,0,5.2.0-9.24,2019-09-17 11:50:09,,,5.2.0-9.24
2c266621-4e0e-4a8b-ae26-e63d29853643,Pengguna Google,https://play-lh.googleusercontent.com/EGemoI2NTXmTsBVtJqk8jxF9rh8ApRWfsIMQSt2uE4OcpQqbFu7f7NbTK05lx80nuSijCz7sc3a277R67g,Sangat membantu pada saat bencana asap,5,0,5.2.0-9.24,2019-09-17 11:28:50,,,5.2.0-9.24
c13a8431-6807-4f77-ac05-c8d9fcacb25b,Pengguna Google,https://play-lh.googleusercontent.com/EGemoI2NTXmTsBVtJqk8jxF9rh8ApRWfsIMQSt2uE4OcpQqbFu7f7NbTK05lx80nuSijCz7sc3a277R67g,Aplikasi ini sangat membantu. Hanya perlu ditingkatkan datanya menjadi real Time per jam,4,2,5.2.0-9.24,2019-09-17 10:14:26,,,5.2.0-9.24
3aba1e4a-c64f-4d27-8b99-e6c38f216666,Pengguna Google,https://play-lh.googleusercontent.com/EGemoI2NTXmTsBVtJqk8jxF9rh8ApRWfsIMQSt2uE4OcpQqbFu7f7NbTK05lx80nuSijCz7sc3a277R67g,Sangat membantu.,4,0,5.2.0-9.24,2019-09-17 09:56:11,,,5.2.0-9.24
8311b1a9-ae01-4c76-bbf2-18269a8dedc9,Pengguna Google,https://play-lh.googleusercontent.com/EGemoI2NTXmTsBVtJqk8jxF9rh8ApRWfsIMQSt2uE4OcpQqbFu7f7NbTK05lx80nuSijCz7sc3a277R67g,Aplikasi ini sangat membantu saya dalam beraktifitas,5,0,5.2.0-9.24,2019-09-17 09:18:48,,,5.2.0-9.24
7b29c262-827a-45af-80a3-04638469f1a7,Pengguna Google,https://play-lh.googleusercontent.com/EGemoI2NTXmTsBVtJqk8jxF9rh8ApRWfsIMQSt2uE4OcpQqbFu7f7NbTK05lx80nuSijCz7sc3a277R67g,Sgt membantu,5,0,5.2.0-9.24,2019-09-17 09:00:31,,,5.2.0-9.24
65093ad0-a59b-4df9-948e-c62d111219a6,Pengguna Google,https://play-lh.googleusercontent.com/EGemoI2NTXmTsBVtJqk8jxF9rh8ApRWfsIMQSt2uE4OcpQqbFu7f7NbTK05lx80nuSijCz7sc3a277R67g,"Sangat membantu,kalau bisa ditingkatkan ke yang lebih baik",5,0,5.2.0-9.24,2019-09-17 08:46:43,,,5.2.0-9.24
0df55672-f607-41e2-9893-c99165292dd7,Pengguna Google,https://play-lh.googleusercontent.com/EGemoI2NTXmTsBVtJqk8jxF9rh8ApRWfsIMQSt2uE4OcpQqbFu7f7NbTK05lx80nuSijCz7sc3a277R67g,App ini sangat mmbantu..thx,5,0,5.2.0-9.24,2019-09-17 08:28:56,,,5.2.0-9.24
7aa04506-a205-4378-aa8b-cded2ff5320f,Pengguna Google,https://play-lh.googleusercontent.com/EGemoI2NTXmTsBVtJqk8jxF9rh8ApRWfsIMQSt2uE4OcpQqbFu7f7NbTK05lx80nuSijCz7sc3a277R67g,Good sangat membantu,5,0,5.2.0-9.24,2019-09-17 06:51:34,,,5.2.0-9.24
880c53ae-4760-452e-b2d5-f7495396ca55,Pengguna Google,https://play-lh.googleusercontent.com/EGemoI2NTXmTsBVtJqk8jxF9rh8ApRWfsIMQSt2uE4OcpQqbFu7f7NbTK05lx80nuSijCz7sc3a277R67g,"Nice apps, membantu untuk persiapan olahraga dan ke kantor",5,1,5.2.0-9.24,2019-09-17 06:00:48,,,5.2.0-9.24
d7a6eb11-c120-4d7f-88bf-0ab197c44dd6,Pengguna Google,https://play-lh.googleusercontent.com/EGemoI2NTXmTsBVtJqk8jxF9rh8ApRWfsIMQSt2uE4OcpQqbFu7f7NbTK05lx80nuSijCz7sc3a277R67g,Sangat membantu apalagi saat diserang kabut asap begini,5,1,5.2.0-9.24,2019-09-17 04:47:05,,,5.2.0-9.24
facc67aa-6711-4229-8fee-f97f21c203a5,Pengguna Google,https://play-lh.googleusercontent.com/EGemoI2NTXmTsBVtJqk8jxF9rh8ApRWfsIMQSt2uE4OcpQqbFu7f7NbTK05lx80nuSijCz7sc3a277R67g,Sangat membantu. Klo bisa sampai ke kecamatan di pantau,5,0,5.2.0-9.24,2019-09-17 04:46:24,,,5.2.0-9.24
8a3c91ea-f887-44ac-89bd-1a62260acfbb,Pengguna Google,https://play-lh.googleusercontent.com/EGemoI2NTXmTsBVtJqk8jxF9rh8ApRWfsIMQSt2uE4OcpQqbFu7f7NbTK05lx80nuSijCz7sc3a277R67g,Sangat membantu,5,0,5.2.0-9.24,2019-09-17 02:58:01,,,5.2.0-9.24
451f2558-7904-4206-84f4-e741b6dfa782,Pengguna Google,https://play-lh.googleusercontent.com/EGemoI2NTXmTsBVtJqk8jxF9rh8ApRWfsIMQSt2uE4OcpQqbFu7f7NbTK05lx80nuSijCz7sc3a277R67g,Sangat membantu apalagi di musim kebakaran saat ini,5,0,5.2.0-9.24,2019-09-17 02:32:33,,,5.2.0-9.24
9b1f6fa8-91fb-4220-b5ec-5cb047b864b9,Pengguna Google,https://play-lh.googleusercontent.com/EGemoI2NTXmTsBVtJqk8jxF9rh8ApRWfsIMQSt2uE4OcpQqbFu7f7NbTK05lx80nuSijCz7sc3a277R67g,"Sangatbmembantu melihat kualitas udara disekitar, sehingga bisa mengambil langkah yang prepentif untuk keluarga",5,1,5.2.0-9.24,2019-09-17 02:18:41,,,5.2.0-9.24
88c6b9d0-e5dd-4908-a387-43524c5fed42,Pengguna Google,https://play-lh.googleusercontent.com/EGemoI2NTXmTsBVtJqk8jxF9rh8ApRWfsIMQSt2uE4OcpQqbFu7f7NbTK05lx80nuSijCz7sc3a277R67g,Sangat membantu sekali,4,0,5.2.0-9.24,2019-09-17 01:04:58,,,5.2.0-9.24
3b206af8-2707-4f75-8fe1-0e313c444391,Pengguna Google,https://play-lh.googleusercontent.com/EGemoI2NTXmTsBVtJqk8jxF9rh8ApRWfsIMQSt2uE4OcpQqbFu7f7NbTK05lx80nuSijCz7sc3a277R67g,Good untuk daerahku yang berasapppp,5,0,5.2.0-9.24,2019-09-17 00:56:13,,,5.2.0-9.24
938e9e91-9e5e-41bf-bfa1-6d329578cbf5,Pengguna Google,https://play-lh.googleusercontent.com/EGemoI2NTXmTsBVtJqk8jxF9rh8ApRWfsIMQSt2uE4OcpQqbFu7f7NbTK05lx80nuSijCz7sc3a277R67g,"Sangat membantu, dan dgn cept mengetahui kualitas udara di kota kita. Semoga smkin maju dan akurat",5,0,5.2.0-9.24,2019-09-17 00:13:54,,,5.2.0-9.24
108041e9-5f90-40c7-8ed9-f3e47cb042c7,Pengguna Google,https://play-lh.googleusercontent.com/EGemoI2NTXmTsBVtJqk8jxF9rh8ApRWfsIMQSt2uE4OcpQqbFu7f7NbTK05lx80nuSijCz7sc3a277R67g,Bagus Supaya Tau Perkembangan Udara Setiap Harinya.,5,0,5.2.0-9.24,2019-09-16 23:56:17,,,5.2.0-9.24
84e1710d-bd94-40a4-8a9a-9289888d6d5f,Pengguna Google,https://play-lh.googleusercontent.com/EGemoI2NTXmTsBVtJqk8jxF9rh8ApRWfsIMQSt2uE4OcpQqbFu7f7NbTK05lx80nuSijCz7sc3a277R67g,Sangat membantu,4,0,5.2.0-9.24,2019-09-16 21:57:33,"Hi Usdiansyah, 
Thank you for your feedback. We always try to improve the app. Please tell us 1 area for improvement so that we can get your 5 stars review next time! Thanks.
The AirVisual team",2019-09-17 08:50:00,5.2.0-9.24
b491044e-8dff-4825-b0df-289274f452f2,Pengguna Google,https://play-lh.googleusercontent.com/EGemoI2NTXmTsBVtJqk8jxF9rh8ApRWfsIMQSt2uE4OcpQqbFu7f7NbTK05lx80nuSijCz7sc3a277R67g,Memudahkan dapetin data kualitas udara setempat,5,0,5.2.0-9.24,2019-09-16 20:15:57,,,5.2.0-9.24
9f1861b3-06a5-4a02-8ae5-a7b85f09b7a5,Pengguna Google,https://play-lh.googleusercontent.com/EGemoI2NTXmTsBVtJqk8jxF9rh8ApRWfsIMQSt2uE4OcpQqbFu7f7NbTK05lx80nuSijCz7sc3a277R67g,Sangat membantu untuk melihat kualitas udara,5,0,5.2.0-9.24,2019-09-16 15:37:45,,,5.2.0-9.24
0e5110ce-1655-4e27-9462-959bdeb0d1f7,Pengguna Google,https://play-lh.googleusercontent.com/EGemoI2NTXmTsBVtJqk8jxF9rh8ApRWfsIMQSt2uE4OcpQqbFu7f7NbTK05lx80nuSijCz7sc3a277R67g,Sangat membantu informasi,5,0,,2019-09-16 15:03:46,,,
3f8433b0-850a-40b4-8550-7e8f57c89a1d,Pengguna Google,https://play-lh.googleusercontent.com/EGemoI2NTXmTsBVtJqk8jxF9rh8ApRWfsIMQSt2uE4OcpQqbFu7f7NbTK05lx80nuSijCz7sc3a277R67g,Aplikasi ini sangat membantu dengan fitur-fitur yang mudah digunakan dan tampilan menarik..,5,1,5.2.0-9.24,2019-09-16 14:49:16,,,5.2.0-9.24
340379a5-051f-4c28-abc3-39ebd3423444,Pengguna Google,https://play-lh.googleusercontent.com/EGemoI2NTXmTsBVtJqk8jxF9rh8ApRWfsIMQSt2uE4OcpQqbFu7f7NbTK05lx80nuSijCz7sc3a277R67g,Bagus sekali dan sangat membantu dalam menilai kondisi polusi udara,5,0,5.2.0-9.24,2019-09-16 13:30:42,,,5.2.0-9.24
ac466afb-ed7d-498f-9c29-f48c9c78ccf3,Pengguna Google,https://play-lh.googleusercontent.com/EGemoI2NTXmTsBVtJqk8jxF9rh8ApRWfsIMQSt2uE4OcpQqbFu7f7NbTK05lx80nuSijCz7sc3a277R67g,Sangat membantu dalam hal udara,5,0,5.2.0-9.24,2019-09-16 13:23:26,,,5.2.0-9.24
467111c2-adc9-4061-8403-a42e97c94eaa,Pengguna Google,https://play-lh.googleusercontent.com/EGemoI2NTXmTsBVtJqk8jxF9rh8ApRWfsIMQSt2uE4OcpQqbFu7f7NbTK05lx80nuSijCz7sc3a277R67g,Sangat membantu untuk mengetahui kualitas udara,5,0,5.2.0-9.24,2019-09-16 12:41:51,,,5.2.0-9.24
2d900030-f6b0-4f55-bec7-acc93ada4ab0,Pengguna Google,https://play-lh.googleusercontent.com/EGemoI2NTXmTsBVtJqk8jxF9rh8ApRWfsIMQSt2uE4OcpQqbFu7f7NbTK05lx80nuSijCz7sc3a277R67g,Sangat membantu,5,0,5.2.0-9.24,2019-09-16 12:15:28,,,5.2.0-9.24
0a233250-0c9a-4fbb-98f0-ab34422f54ca,Pengguna Google,https://play-lh.googleusercontent.com/EGemoI2NTXmTsBVtJqk8jxF9rh8ApRWfsIMQSt2uE4OcpQqbFu7f7NbTK05lx80nuSijCz7sc3a277R67g,Ok.. Sangat membantu 👍,5,0,5.2.0-9.24,2019-09-16 11:19:20,,,5.2.0-9.24
ca7995b4-228e-4f2f-8e96-f463b21b5858,Pengguna Google,https://play-lh.googleusercontent.com/EGemoI2NTXmTsBVtJqk8jxF9rh8ApRWfsIMQSt2uE4OcpQqbFu7f7NbTK05lx80nuSijCz7sc3a277R67g,Sangat membantu untuk melihat kondisi udara di suatu tmpt,5,0,5.2.0-9.24,2019-09-16 10:56:06,,,5.2.0-9.24
616a42f0-1588-4763-a7b8-da560febe1c7,Pengguna Google,https://play-lh.googleusercontent.com/EGemoI2NTXmTsBVtJqk8jxF9rh8ApRWfsIMQSt2uE4OcpQqbFu7f7NbTK05lx80nuSijCz7sc3a277R67g,sangat membantu,5,0,5.2.0-9.24,2019-09-16 10:34:14,,,5.2.0-9.24
f15b8ea7-50e6-48f5-b7ab-7a513f3b1217,Pengguna Google,https://play-lh.googleusercontent.com/EGemoI2NTXmTsBVtJqk8jxF9rh8ApRWfsIMQSt2uE4OcpQqbFu7f7NbTK05lx80nuSijCz7sc3a277R67g,Sangat membantu,5,0,5.2.0-9.24,2019-09-16 09:35:41,,,5.2.0-9.24
1e0084f2-578d-4f8c-ad69-ed4e8b439a91,Pengguna Google,https://play-lh.googleusercontent.com/EGemoI2NTXmTsBVtJqk8jxF9rh8ApRWfsIMQSt2uE4OcpQqbFu7f7NbTK05lx80nuSijCz7sc3a277R67g,Rupanya Palangkaraya kota berbahaya :( #savepalangkaraya,5,0,5.2.0-9.24,2019-09-16 09:16:38,,,5.2.0-9.24
8e619e30-cd8a-467b-8774-541807c7607c,Pengguna Google,https://play-lh.googleusercontent.com/EGemoI2NTXmTsBVtJqk8jxF9rh8ApRWfsIMQSt2uE4OcpQqbFu7f7NbTK05lx80nuSijCz7sc3a277R67g,Aplikasi ini sangat membantu apalagi buat pengguna yang tempat tinggalnya terkena kabut asap,5,0,5.2.0-9.24,2019-09-16 08:35:09,,,5.2.0-9.24
4a70306d-fcb3-40a1-84d9-c9342bf46138,Pengguna Google,https://play-lh.googleusercontent.com/EGemoI2NTXmTsBVtJqk8jxF9rh8ApRWfsIMQSt2uE4OcpQqbFu7f7NbTK05lx80nuSijCz7sc3a277R67g,Dengan adanya aplikasi air visual ini bisa membantu mengetahui kondisi udara di sekitar lingkungan..kita.cuma 1 lokasinya klo bisa automatis..,2,24,5.2.0-9.24,2019-09-16 07:44:58,"Hi Noufal, thanks for your message. We are always looking for ways to deploy more sensors and expand more air quality monitoring coverage. Can you tell us which location you are in? We will be happy to look into this. 
Thanks! The AirVisual team",2019-09-16 09:16:45,5.2.0-9.24
0742cc75-49f6-4100-9b42-c96194158b77,Pengguna Google,https://play-lh.googleusercontent.com/EGemoI2NTXmTsBVtJqk8jxF9rh8ApRWfsIMQSt2uE4OcpQqbFu7f7NbTK05lx80nuSijCz7sc3a277R67g,App ini sangat membantu banget,5,0,5.2.0-9.24,2019-09-16 07:17:34,,,5.2.0-9.24
bd6168be-d530-4880-b456-90265482e9ca,Pengguna Google,https://play-lh.googleusercontent.com/EGemoI2NTXmTsBVtJqk8jxF9rh8ApRWfsIMQSt2uE4OcpQqbFu7f7NbTK05lx80nuSijCz7sc3a277R67g,Pengguna baru tp melihat aplikasi ini sangat membantu 👍,5,0,5.2.0-9.24,2019-09-16 07:14:58,,,5.2.0-9.24
c1aa47f6-8cb2-47b8-b54b-2eeec48ac972,Pengguna Google,https://play-lh.googleusercontent.com/EGemoI2NTXmTsBVtJqk8jxF9rh8ApRWfsIMQSt2uE4OcpQqbFu7f7NbTK05lx80nuSijCz7sc3a277R67g,Cukup membantu,3,0,5.2.0-9.24,2019-09-16 05:22:19,,,5.2.0-9.24
375934e7-721b-46e1-9a4d-a6f1c3766aa4,Pengguna Google,https://play-lh.googleusercontent.com/EGemoI2NTXmTsBVtJqk8jxF9rh8ApRWfsIMQSt2uE4OcpQqbFu7f7NbTK05lx80nuSijCz7sc3a277R67g,"Good app, sangat membantu. Dengan udara yg sekarang tdk begitu bagus untuk di hirup aplikasi membantu dengan memberithu kita apakah kualitas udara aman untuk dihirup atau tidak, dan akan ada langkah penanganan nya. Terima kasih☺️",5,9,,2019-09-16 03:24:00,,,
baf007cc-0c74-45af-87d8-66e1633f5db1,Pengguna Google,https://play-lh.googleusercontent.com/EGemoI2NTXmTsBVtJqk8jxF9rh8ApRWfsIMQSt2uE4OcpQqbFu7f7NbTK05lx80nuSijCz7sc3a277R67g,Sangat membantu disaat kabut asap begini dan sumbernya terpercaya. Thank u,5,0,5.2.0-9.24,2019-09-16 02:30:58,,,5.2.0-9.24
f649ff19-86a8-4026-be70-9475b5bfc5e9,Pengguna Google,https://play-lh.googleusercontent.com/EGemoI2NTXmTsBVtJqk8jxF9rh8ApRWfsIMQSt2uE4OcpQqbFu7f7NbTK05lx80nuSijCz7sc3a277R67g,Sangat membantu dalam mendapatkan infornasi kualitas udara,5,0,5.2.0-9.24,2019-09-16 02:15:04,,,5.2.0-9.24
08a080dd-8474-45fd-a2a3-88802b18ec2c,Pengguna Google,https://play-lh.googleusercontent.com/EGemoI2NTXmTsBVtJqk8jxF9rh8ApRWfsIMQSt2uE4OcpQqbFu7f7NbTK05lx80nuSijCz7sc3a277R67g,Sangat membantu,5,0,,2019-09-16 01:09:57,,,
18dd2121-06f8-4b2b-9e19-014829f9f047,Pengguna Google,https://play-lh.googleusercontent.com/EGemoI2NTXmTsBVtJqk8jxF9rh8ApRWfsIMQSt2uE4OcpQqbFu7f7NbTK05lx80nuSijCz7sc3a277R67g,Sangat membantu. Lebih baik lagi jika ditambahkan untuk ibu kota kecamatan.,5,0,5.2.0-9.24,2019-09-16 01:09:18,,,5.2.0-9.24
0efd596a-575d-49b5-a1fd-3eef47101c98,Pengguna Google,https://play-lh.googleusercontent.com/EGemoI2NTXmTsBVtJqk8jxF9rh8ApRWfsIMQSt2uE4OcpQqbFu7f7NbTK05lx80nuSijCz7sc3a277R67g,Sangat membantu,5,0,5.2.0-9.24,2019-09-16 00:53:22,,,5.2.0-9.24
c816e9be-4232-4ac7-bb35-228ad7f78edf,Pengguna Google,https://play-lh.googleusercontent.com/EGemoI2NTXmTsBVtJqk8jxF9rh8ApRWfsIMQSt2uE4OcpQqbFu7f7NbTK05lx80nuSijCz7sc3a277R67g,Sangat membantu utk mengetahui kondisi udara,5,0,5.2.0-9.24,2019-09-16 00:52:58,,,5.2.0-9.24
b121c965-78d1-4635-86dd-8991c91b45d5,Pengguna Google,https://play-lh.googleusercontent.com/EGemoI2NTXmTsBVtJqk8jxF9rh8ApRWfsIMQSt2uE4OcpQqbFu7f7NbTK05lx80nuSijCz7sc3a277R67g,Sangat membantu,5,0,5.2.0-9.24,2019-09-16 00:18:42,,,5.2.0-9.24
06bec363-231a-4e84-9841-215ac677309e,Pengguna Google,https://play-lh.googleusercontent.com/EGemoI2NTXmTsBVtJqk8jxF9rh8ApRWfsIMQSt2uE4OcpQqbFu7f7NbTK05lx80nuSijCz7sc3a277R67g,Bisa membantu membuat keputusan meliburkan anak karna dampak kabut asap.,5,1,5.2.0-9.24,2019-09-15 23:09:26,,,5.2.0-9.24
328406bf-e840-49b7-84d4-ddd33b91ee46,Pengguna Google,https://play-lh.googleusercontent.com/EGemoI2NTXmTsBVtJqk8jxF9rh8ApRWfsIMQSt2uE4OcpQqbFu7f7NbTK05lx80nuSijCz7sc3a277R67g,Sangat membantu,5,0,5.2.0-9.24,2019-09-15 20:42:24,,,5.2.0-9.24
9fdb3533-ab6a-4f3d-8367-abdf6fabc4e0,Pengguna Google,https://play-lh.googleusercontent.com/EGemoI2NTXmTsBVtJqk8jxF9rh8ApRWfsIMQSt2uE4OcpQqbFu7f7NbTK05lx80nuSijCz7sc3a277R67g,"Aplikasi yg sangat membantu dalam mengetahui kualitas udara, perlu ditingkatkan untuk informasi kualitas udara kota2 lainnya di indonesia",5,1,5.2.0-9.24,2019-09-15 19:51:48,,,5.2.0-9.24
6274e635-7174-4973-9ac7-7f83ac52a823,Pengguna Google,https://play-lh.googleusercontent.com/EGemoI2NTXmTsBVtJqk8jxF9rh8ApRWfsIMQSt2uE4OcpQqbFu7f7NbTK05lx80nuSijCz7sc3a277R67g,Sangat membantu,5,0,5.2.0-9.24,2019-09-15 15:47:25,,,5.2.0-9.24
e59779c0-fe53-4ace-b324-e829c3527674,Pengguna Google,https://play-lh.googleusercontent.com/EGemoI2NTXmTsBVtJqk8jxF9rh8ApRWfsIMQSt2uE4OcpQqbFu7f7NbTK05lx80nuSijCz7sc3a277R67g,"Aplikasi ini sangat membantu, terutama di Wilayah saya, Palangka Raya",5,1,5.2.0-9.24,2019-09-15 14:45:37,,,5.2.0-9.24
08fba7f7-5960-4e16-b9ac-9baa4496850b,Pengguna Google,https://play-lh.googleusercontent.com/EGemoI2NTXmTsBVtJqk8jxF9rh8ApRWfsIMQSt2uE4OcpQqbFu7f7NbTK05lx80nuSijCz7sc3a277R67g,Ya cukup membantu,5,0,5.2.0-9.24,2019-09-15 14:35:19,,,5.2.0-9.24
a8a86598-ce73-4b86-88b7-f3d7f3e15dbf,Pengguna Google,https://play-lh.googleusercontent.com/EGemoI2NTXmTsBVtJqk8jxF9rh8ApRWfsIMQSt2uE4OcpQqbFu7f7NbTK05lx80nuSijCz7sc3a277R67g,Sangat sangat membantu terimakasihhh❤️❤️,5,0,5.2.0-9.24,2019-09-15 14:03:12,,,5.2.0-9.24
9e522d25-6627-4e35-9bde-cd84262c6b7c,Pengguna Google,https://play-lh.googleusercontent.com/EGemoI2NTXmTsBVtJqk8jxF9rh8ApRWfsIMQSt2uE4OcpQqbFu7f7NbTK05lx80nuSijCz7sc3a277R67g,Good membantu sekali,5,0,5.2.0-9.24,2019-09-15 13:44:27,,,5.2.0-9.24
afd405bb-b9d6-438b-a072-502d95967cd1,Pengguna Google,https://play-lh.googleusercontent.com/EGemoI2NTXmTsBVtJqk8jxF9rh8ApRWfsIMQSt2uE4OcpQqbFu7f7NbTK05lx80nuSijCz7sc3a277R67g,Bagus bgt...sgt membantu...,5,0,5.2.0-9.24,2019-09-15 13:42:19,,,5.2.0-9.24
763881f1-69a4-4971-9f2c-cb49bc478a07,Pengguna Google,https://play-lh.googleusercontent.com/EGemoI2NTXmTsBVtJqk8jxF9rh8ApRWfsIMQSt2uE4OcpQqbFu7f7NbTK05lx80nuSijCz7sc3a277R67g,Asap di kalimantan luar biasa ya 😷,5,0,5.2.0-9.24,2019-09-15 13:29:25,,,5.2.0-9.24
f2ec1cf3-8fff-495f-b5e0-a5279f84372a,Pengguna Google,https://play-lh.googleusercontent.com/EGemoI2NTXmTsBVtJqk8jxF9rh8ApRWfsIMQSt2uE4OcpQqbFu7f7NbTK05lx80nuSijCz7sc3a277R67g,Sangat membantu,5,0,5.2.0-9.24,2019-09-15 13:17:11,,,5.2.0-9.24
2f486ba0-713b-4af7-8af3-addfffb8443f,Pengguna Google,https://play-lh.googleusercontent.com/EGemoI2NTXmTsBVtJqk8jxF9rh8ApRWfsIMQSt2uE4OcpQqbFu7f7NbTK05lx80nuSijCz7sc3a277R67g,Good...sangat membantu,5,0,5.2.0-9.24,2019-09-15 12:45:01,,,5.2.0-9.24
14feef95-bfc9-402f-a6e7-78ba9447912f,Pengguna Google,https://play-lh.googleusercontent.com/EGemoI2NTXmTsBVtJqk8jxF9rh8ApRWfsIMQSt2uE4OcpQqbFu7f7NbTK05lx80nuSijCz7sc3a277R67g,Sangat membantu untuk memantau udara yang bagus buat jalan keluar atau tidak..,5,3,5.2.0-9.24,2019-09-15 12:35:54,,,5.2.0-9.24
57fcad2e-9adc-444a-aac0-88cbb0e510d5,Pengguna Google,https://play-lh.googleusercontent.com/EGemoI2NTXmTsBVtJqk8jxF9rh8ApRWfsIMQSt2uE4OcpQqbFu7f7NbTK05lx80nuSijCz7sc3a277R67g,Thank's sangat membantu,5,0,5.2.0-9.24,2019-09-15 12:09:41,,,5.2.0-9.24
7c2d5859-c2db-44c9-ad12-eddb4e2abafd,Pengguna Google,https://play-lh.googleusercontent.com/EGemoI2NTXmTsBVtJqk8jxF9rh8ApRWfsIMQSt2uE4OcpQqbFu7f7NbTK05lx80nuSijCz7sc3a277R67g,Bagus utk mengetahui udara disetisp lokasi,5,0,,2019-09-15 11:49:07,,,
d06ada68-b85b-4363-8a1f-db286100041d,Pengguna Google,https://play-lh.googleusercontent.com/EGemoI2NTXmTsBVtJqk8jxF9rh8ApRWfsIMQSt2uE4OcpQqbFu7f7NbTK05lx80nuSijCz7sc3a277R67g,Sangat membantu memantau asap sekitar...,5,0,5.2.0-9.24,2019-09-15 11:35:31,,,5.2.0-9.24
fc2669d2-51b2-4ac0-aff6-5731e81f262e,Pengguna Google,https://play-lh.googleusercontent.com/EGemoI2NTXmTsBVtJqk8jxF9rh8ApRWfsIMQSt2uE4OcpQqbFu7f7NbTK05lx80nuSijCz7sc3a277R67g,Benar benar membantu kita tau keadaan udara di sekitar kita dan di tempat lain,3,0,5.2.0-9.24,2019-09-15 11:10:07,"Hi Rusly, 
Thank you for your feedback. We always try to improve the app. Please tell us 1 area for improvement so that we can get your 5 stars review next time! Thanks.
The AirVisual team",2019-09-15 18:39:03,5.2.0-9.24
98387abb-48f8-4452-9500-aea5d41641d8,Pengguna Google,https://play-lh.googleusercontent.com/EGemoI2NTXmTsBVtJqk8jxF9rh8ApRWfsIMQSt2uE4OcpQqbFu7f7NbTK05lx80nuSijCz7sc3a277R67g,Hebat saya jadi tahu ada polusi atau tidak,5,0,5.2.0-9.24,2019-09-15 10:53:51,,,5.2.0-9.24
8bccb6a0-f105-47a5-b399-cbc23df6d958,Pengguna Google,https://play-lh.googleusercontent.com/EGemoI2NTXmTsBVtJqk8jxF9rh8ApRWfsIMQSt2uE4OcpQqbFu7f7NbTK05lx80nuSijCz7sc3a277R67g,"Sangat akurat, dan membantu masyarakat untuk ketersediaan informasi tentang kuakitas udara di kota mana saja. Terima Kasih.",5,10,5.2.0-9.24,2019-09-15 10:39:42,,,5.2.0-9.24
837efb99-7a0b-493f-b747-1ce7370929b5,Pengguna Google,https://play-lh.googleusercontent.com/EGemoI2NTXmTsBVtJqk8jxF9rh8ApRWfsIMQSt2uE4OcpQqbFu7f7NbTK05lx80nuSijCz7sc3a277R67g,Membantu,5,0,,2019-09-15 09:16:13,,,
dc626f38-5602-4bc7-aa11-1fcbd60a4a31,Pengguna Google,https://play-lh.googleusercontent.com/EGemoI2NTXmTsBVtJqk8jxF9rh8ApRWfsIMQSt2uE4OcpQqbFu7f7NbTK05lx80nuSijCz7sc3a277R67g,Aplikasi yang membantu,5,0,5.2.0-9.24,2019-09-15 08:55:22,,,5.2.0-9.24
f3427e9e-0bd8-49e1-b213-5bb3e4506f32,Pengguna Google,https://play-lh.googleusercontent.com/EGemoI2NTXmTsBVtJqk8jxF9rh8ApRWfsIMQSt2uE4OcpQqbFu7f7NbTK05lx80nuSijCz7sc3a277R67g,Sangat membantu sekali...,5,0,5.2.0-9.24,2019-09-15 07:36:45,,,5.2.0-9.24
486c3374-b2dc-4722-8fce-2b22fbea8940,Pengguna Google,https://play-lh.googleusercontent.com/EGemoI2NTXmTsBVtJqk8jxF9rh8ApRWfsIMQSt2uE4OcpQqbFu7f7NbTK05lx80nuSijCz7sc3a277R67g,Sangat membantu mencek kualitas udara,5,0,5.2.0-9.24,2019-09-15 05:39:17,,,5.2.0-9.24
beea0d98-3d21-46ad-a5ca-eaa84cdea01b,Pengguna Google,https://play-lh.googleusercontent.com/EGemoI2NTXmTsBVtJqk8jxF9rh8ApRWfsIMQSt2uE4OcpQqbFu7f7NbTK05lx80nuSijCz7sc3a277R67g,Sangat membantu,5,0,5.2.0-9.24,2019-09-15 05:31:06,,,5.2.0-9.24
c8c50939-4806-4b4d-9ef4-8713aacdc6f0,Pengguna Google,https://play-lh.googleusercontent.com/EGemoI2NTXmTsBVtJqk8jxF9rh8ApRWfsIMQSt2uE4OcpQqbFu7f7NbTK05lx80nuSijCz7sc3a277R67g,Sangat memuaskan hanya saja selalu uang coba beri gratis masker,5,0,5.2.0-9.24,2019-09-15 04:17:46,,,5.2.0-9.24
deb5604a-214c-42b5-922a-d2d341634026,Pengguna Google,https://play-lh.googleusercontent.com/EGemoI2NTXmTsBVtJqk8jxF9rh8ApRWfsIMQSt2uE4OcpQqbFu7f7NbTK05lx80nuSijCz7sc3a277R67g,Membantu,4,0,,2019-09-15 03:40:53,,,
b06cce82-16ba-4c16-a6c6-ba494eb80dec,Pengguna Google,https://play-lh.googleusercontent.com/EGemoI2NTXmTsBVtJqk8jxF9rh8ApRWfsIMQSt2uE4OcpQqbFu7f7NbTK05lx80nuSijCz7sc3a277R67g,Apps yang sangat berguna untuk saya melihat kondisi udara,5,0,5.2.0-9.24,2019-09-15 01:01:17,,,5.2.0-9.24
f60672e1-7a71-4434-a00b-0fe678e9527d,Pengguna Google,https://play-lh.googleusercontent.com/EGemoI2NTXmTsBVtJqk8jxF9rh8ApRWfsIMQSt2uE4OcpQqbFu7f7NbTK05lx80nuSijCz7sc3a277R67g,Sangat membantu dalam memantau kondisi udara,5,0,5.2.0-9.24,2019-09-15 00:41:16,,,5.2.0-9.24
d460627f-9516-4bf0-87bb-befe57858c81,Pengguna Google,https://play-lh.googleusercontent.com/EGemoI2NTXmTsBVtJqk8jxF9rh8ApRWfsIMQSt2uE4OcpQqbFu7f7NbTK05lx80nuSijCz7sc3a277R67g,Sangat membantu,5,0,5.2.0-9.24,2019-09-15 00:37:35,,,5.2.0-9.24
5fd92e19-6955-45cc-9717-ddf231dec265,Pengguna Google,https://play-lh.googleusercontent.com/EGemoI2NTXmTsBVtJqk8jxF9rh8ApRWfsIMQSt2uE4OcpQqbFu7f7NbTK05lx80nuSijCz7sc3a277R67g,sangat membantu,5,0,5.2.0-9.24,2019-09-14 22:54:04,,,5.2.0-9.24
1732ae1e-10ba-401f-b196-52619c10e6cd,Pengguna Google,https://play-lh.googleusercontent.com/EGemoI2NTXmTsBVtJqk8jxF9rh8ApRWfsIMQSt2uE4OcpQqbFu7f7NbTK05lx80nuSijCz7sc3a277R67g,Sangat membantu sekali,5,0,5.2.0-9.24,2019-09-14 21:04:51,,,5.2.0-9.24
86df5c7e-5c4b-40b0-96ea-fb952e54bd21,Pengguna Google,https://play-lh.googleusercontent.com/EGemoI2NTXmTsBVtJqk8jxF9rh8ApRWfsIMQSt2uE4OcpQqbFu7f7NbTK05lx80nuSijCz7sc3a277R67g,Sangat membantu 🤗,5,0,5.2.0-9.24,2019-09-14 17:39:56,,,5.2.0-9.24
d59f71bf-c57d-4fdc-be65-1ba916e8829c,Pengguna Google,https://play-lh.googleusercontent.com/EGemoI2NTXmTsBVtJqk8jxF9rh8ApRWfsIMQSt2uE4OcpQqbFu7f7NbTK05lx80nuSijCz7sc3a277R67g,Aplikasi yang cukup membantu untuk kehidupan sehari-hari,5,0,5.2.0-9.24,2019-09-14 17:22:18,,,5.2.0-9.24
9ee401b6-f944-42a4-a8ef-9ec0c46db35a,Pengguna Google,https://play-lh.googleusercontent.com/EGemoI2NTXmTsBVtJqk8jxF9rh8ApRWfsIMQSt2uE4OcpQqbFu7f7NbTK05lx80nuSijCz7sc3a277R67g,sangat membantu,5,0,5.2.0-9.24,2019-09-14 14:56:15,,,5.2.0-9.24
0b06f978-ddb6-4e1d-939b-947404f6feef,Pengguna Google,https://play-lh.googleusercontent.com/EGemoI2NTXmTsBVtJqk8jxF9rh8ApRWfsIMQSt2uE4OcpQqbFu7f7NbTK05lx80nuSijCz7sc3a277R67g,Jadi tau seberapa buruk kualitas udara di Kalteng karna kabut asap karhutla. Thanks.,5,1,5.2.0-9.24,2019-09-14 13:35:37,,,5.2.0-9.24
36c52187-71e0-44de-9881-1ca2b6eeafcd,Pengguna Google,https://play-lh.googleusercontent.com/EGemoI2NTXmTsBVtJqk8jxF9rh8ApRWfsIMQSt2uE4OcpQqbFu7f7NbTK05lx80nuSijCz7sc3a277R67g,Sangat membantu.. semoga bisa ditingkatkan lg kedepannya..,5,0,5.2.0-9.24,2019-09-14 13:06:30,,,5.2.0-9.24
d436df6f-ba31-42ef-975d-534a27253905,Pengguna Google,https://play-lh.googleusercontent.com/EGemoI2NTXmTsBVtJqk8jxF9rh8ApRWfsIMQSt2uE4OcpQqbFu7f7NbTK05lx80nuSijCz7sc3a277R67g,"Tidak membantu bernafas lbh baik,hanya saja mengetahui kualitas udaranya",5,0,5.2.0-9.24,2019-09-14 12:54:27,,,5.2.0-9.24
9c24ff3c-eb1d-4eb4-ac93-c91a4ce8cf73,Pengguna Google,https://play-lh.googleusercontent.com/EGemoI2NTXmTsBVtJqk8jxF9rh8ApRWfsIMQSt2uE4OcpQqbFu7f7NbTK05lx80nuSijCz7sc3a277R67g,sangat membantu,5,0,5.2.0-9.24,2019-09-14 12:03:41,,,5.2.0-9.24
63744dd3-4c41-4e68-9ca0-3a740902129f,Pengguna Google,https://play-lh.googleusercontent.com/EGemoI2NTXmTsBVtJqk8jxF9rh8ApRWfsIMQSt2uE4OcpQqbFu7f7NbTK05lx80nuSijCz7sc3a277R67g,Sangat membantu dan akurat,5,0,5.2.0-9.24,2019-09-14 10:48:45,,,5.2.0-9.24
746e834d-e91a-47f6-91bc-896f76b8d2a1,Pengguna Google,https://play-lh.googleusercontent.com/EGemoI2NTXmTsBVtJqk8jxF9rh8ApRWfsIMQSt2uE4OcpQqbFu7f7NbTK05lx80nuSijCz7sc3a277R67g,Sangat membantu,5,0,5.2.0-9.24,2019-09-14 10:44:16,,,5.2.0-9.24
edcfdfa1-e87a-42d8-823a-3a24eb86b172,Pengguna Google,https://play-lh.googleusercontent.com/EGemoI2NTXmTsBVtJqk8jxF9rh8ApRWfsIMQSt2uE4OcpQqbFu7f7NbTK05lx80nuSijCz7sc3a277R67g,Aplikasi membantu kualitas udara disekitar Kita,4,0,5.2.0-9.24,2019-09-14 08:28:08,,,5.2.0-9.24
c5b7db20-b0d9-4a69-bdf4-1e7643605697,Pengguna Google,https://play-lh.googleusercontent.com/EGemoI2NTXmTsBVtJqk8jxF9rh8ApRWfsIMQSt2uE4OcpQqbFu7f7NbTK05lx80nuSijCz7sc3a277R67g,Sangat membantu,5,0,5.2.0-9.24,2019-09-14 06:13:00,,,5.2.0-9.24
e2a60a29-95df-432a-8176-4d591adda5a0,Pengguna Google,https://play-lh.googleusercontent.com/EGemoI2NTXmTsBVtJqk8jxF9rh8ApRWfsIMQSt2uE4OcpQqbFu7f7NbTK05lx80nuSijCz7sc3a277R67g,Sangat membantu,5,0,5.2.0-9.24,2019-09-14 05:40:55,,,5.2.0-9.24
8cc7443c-9b9f-4225-bc49-4b7af7133ddb,Pengguna Google,https://play-lh.googleusercontent.com/EGemoI2NTXmTsBVtJqk8jxF9rh8ApRWfsIMQSt2uE4OcpQqbFu7f7NbTK05lx80nuSijCz7sc3a277R67g,Sangat membantu saya untuk mengetahui kualitas udara,5,0,5.2.0-9.24,2019-09-14 05:32:03,,,5.2.0-9.24
4f3c58b3-7e99-485a-ba3d-7de70a992d8c,Pengguna Google,https://play-lh.googleusercontent.com/EGemoI2NTXmTsBVtJqk8jxF9rh8ApRWfsIMQSt2uE4OcpQqbFu7f7NbTK05lx80nuSijCz7sc3a277R67g,Sangat membantu,5,0,5.2.0-9.24,2019-09-14 05:31:41,,,5.2.0-9.24
a54a7840-cc23-43c5-8f3b-ea211c816271,Pengguna Google,https://play-lh.googleusercontent.com/EGemoI2NTXmTsBVtJqk8jxF9rh8ApRWfsIMQSt2uE4OcpQqbFu7f7NbTK05lx80nuSijCz7sc3a277R67g,Sangat membantu,5,0,5.2.0-9.24,2019-09-14 03:51:16,,,5.2.0-9.24
fdf882f5-3350-4ce4-850c-d79bab8711e0,Pengguna Google,https://play-lh.googleusercontent.com/EGemoI2NTXmTsBVtJqk8jxF9rh8ApRWfsIMQSt2uE4OcpQqbFu7f7NbTK05lx80nuSijCz7sc3a277R67g,Aplikasi sangat membantu untuk mengetahui kualitas udara,5,0,5.2.0-9.24,2019-09-14 02:39:20,,,5.2.0-9.24
04357cb8-9f3b-42eb-a381-0b1c5a79614c,Pengguna Google,https://play-lh.googleusercontent.com/EGemoI2NTXmTsBVtJqk8jxF9rh8ApRWfsIMQSt2uE4OcpQqbFu7f7NbTK05lx80nuSijCz7sc3a277R67g,Sangat membantu melihat kualitas udara,5,0,5.2.0-9.24,2019-09-14 01:50:14,,,5.2.0-9.24
52245c65-b7db-43f0-8b7d-8dad04873aa0,Pengguna Google,https://play-lh.googleusercontent.com/EGemoI2NTXmTsBVtJqk8jxF9rh8ApRWfsIMQSt2uE4OcpQqbFu7f7NbTK05lx80nuSijCz7sc3a277R67g,Aplikasi yang sangat membantu untuk kondisi udara kurang baik di daerah saya,5,0,5.2.0-9.24,2019-09-14 01:02:25,,,5.2.0-9.24
8be06cc7-dae1-47d2-9942-2f8d2f716c94,Pengguna Google,https://play-lh.googleusercontent.com/EGemoI2NTXmTsBVtJqk8jxF9rh8ApRWfsIMQSt2uE4OcpQqbFu7f7NbTK05lx80nuSijCz7sc3a277R67g,Lebih tahu kondisi udara di wilayah saya,4,0,5.2.0-9.24,2019-09-13 22:19:56,,,5.2.0-9.24
6a1f6ad7-3e9f-465d-bb59-2be9677815f0,Pengguna Google,https://play-lh.googleusercontent.com/EGemoI2NTXmTsBVtJqk8jxF9rh8ApRWfsIMQSt2uE4OcpQqbFu7f7NbTK05lx80nuSijCz7sc3a277R67g,Sangat membantu,4,0,5.2.0-9.24,2019-09-13 15:43:55,,,5.2.0-9.24
bad8d67b-7e71-4885-96f2-b8b78d2d6d15,Pengguna Google,https://play-lh.googleusercontent.com/EGemoI2NTXmTsBVtJqk8jxF9rh8ApRWfsIMQSt2uE4OcpQqbFu7f7NbTK05lx80nuSijCz7sc3a277R67g,Sangat membantu,5,0,5.2.0-9.24,2019-09-13 15:06:09,,,5.2.0-9.24
ccfff997-3b8a-4b0b-88b4-97ef58d0f148,Pengguna Google,https://play-lh.googleusercontent.com/EGemoI2NTXmTsBVtJqk8jxF9rh8ApRWfsIMQSt2uE4OcpQqbFu7f7NbTK05lx80nuSijCz7sc3a277R67g,"Cukup akurat, jadi bisa memonitor kondisi udara terlebih lagi ini banyak kejadian kebakaran lahan yang asapnya menganggu aktivitas",5,16,5.2.0-9.24,2019-09-13 14:09:48,,,5.2.0-9.24
7dc08a34-0df2-42aa-ad86-dc390c272934,Pengguna Google,https://play-lh.googleusercontent.com/EGemoI2NTXmTsBVtJqk8jxF9rh8ApRWfsIMQSt2uE4OcpQqbFu7f7NbTK05lx80nuSijCz7sc3a277R67g,"Mantul, sangat nembantu dan bermanfaat apk ini",5,0,5.2.0-9.24,2019-09-13 11:14:22,,,5.2.0-9.24
11ee9000-64f4-419c-9a82-c0eb1ff82248,Pengguna Google,https://play-lh.googleusercontent.com/EGemoI2NTXmTsBVtJqk8jxF9rh8ApRWfsIMQSt2uE4OcpQqbFu7f7NbTK05lx80nuSijCz7sc3a277R67g,Sangat membantu apalagi saat ini sedang musim ASAP di indonesia tercinta,5,0,5.2.0-9.24,2019-09-13 11:03:48,,,5.2.0-9.24
07bdc9e4-f990-44e2-a0d8-8f3a1b33110c,Pengguna Google,https://play-lh.googleusercontent.com/EGemoI2NTXmTsBVtJqk8jxF9rh8ApRWfsIMQSt2uE4OcpQqbFu7f7NbTK05lx80nuSijCz7sc3a277R67g,Karena aplikasi ini lebih bnyak tau tentang kondisi udara sekarang..,5,0,5.2.0-9.24,2019-09-13 07:05:23,,,5.2.0-9.24
4b4d7d57-1fdd-4253-bb22-e1d3a95c3edf,Pengguna Google,https://play-lh.googleusercontent.com/EGemoI2NTXmTsBVtJqk8jxF9rh8ApRWfsIMQSt2uE4OcpQqbFu7f7NbTK05lx80nuSijCz7sc3a277R67g,Sangat bagus untuk mengukur sebeeapa asap yg dihirup org riau. (Saya tinggal di Riau),5,2,5.2.0-9.24,2019-09-13 06:43:00,,,5.2.0-9.24
6ec98840-3e9c-4fb1-890a-4165e4c691cf,Pengguna Google,https://play-lh.googleusercontent.com/EGemoI2NTXmTsBVtJqk8jxF9rh8ApRWfsIMQSt2uE4OcpQqbFu7f7NbTK05lx80nuSijCz7sc3a277R67g,Sangat membantu sayaaa,5,0,5.2.0-9.24,2019-09-13 05:35:55,,,5.2.0-9.24
31afb2a2-80c3-4970-a77a-945eaba68f75,Pengguna Google,https://play-lh.googleusercontent.com/EGemoI2NTXmTsBVtJqk8jxF9rh8ApRWfsIMQSt2uE4OcpQqbFu7f7NbTK05lx80nuSijCz7sc3a277R67g,Terima kasih. Aplikasinya sangat membantu,5,0,5.2.0-9.24,2019-09-13 05:23:58,,,5.2.0-9.24
94c5d51a-a620-44b8-a677-f53ed3e24d45,Pengguna Google,https://play-lh.googleusercontent.com/EGemoI2NTXmTsBVtJqk8jxF9rh8ApRWfsIMQSt2uE4OcpQqbFu7f7NbTK05lx80nuSijCz7sc3a277R67g,sangat membantu sekali !!,5,0,5.2.0-9.24,2019-09-13 04:34:37,,,5.2.0-9.24
a9aa32cb-33c1-4888-9e56-c77017785df8,Pengguna Google,https://play-lh.googleusercontent.com/EGemoI2NTXmTsBVtJqk8jxF9rh8ApRWfsIMQSt2uE4OcpQqbFu7f7NbTK05lx80nuSijCz7sc3a277R67g,Sangat membantu..,4,0,5.2.0-9.24,2019-09-13 02:19:18,,,5.2.0-9.24
6ea910cc-4a7a-4c40-81b6-ae46f193393e,Pengguna Google,https://play-lh.googleusercontent.com/EGemoI2NTXmTsBVtJqk8jxF9rh8ApRWfsIMQSt2uE4OcpQqbFu7f7NbTK05lx80nuSijCz7sc3a277R67g,Tingkatkan lagi..beberapa tempat tidak ada indikator udaranya,4,0,5.2.0-9.24,2019-09-13 02:16:03,,,5.2.0-9.24
c9ca9111-82b7-42a7-9830-b6c74cc4b3fa,Pengguna Google,https://play-lh.googleusercontent.com/EGemoI2NTXmTsBVtJqk8jxF9rh8ApRWfsIMQSt2uE4OcpQqbFu7f7NbTK05lx80nuSijCz7sc3a277R67g,Sanvaf membantu,5,0,5.2.0-9.24,2019-09-13 01:30:06,,,5.2.0-9.24
922a4870-197e-4823-a066-ae7bbbf5d77d,Pengguna Google,https://play-lh.googleusercontent.com/EGemoI2NTXmTsBVtJqk8jxF9rh8ApRWfsIMQSt2uE4OcpQqbFu7f7NbTK05lx80nuSijCz7sc3a277R67g,BantuBanget😀,5,0,5.2.0-9.24,2019-09-13 00:29:54,,,5.2.0-9.24
e27b2c9d-af10-4b42-9bcb-0af88dea2d7d,Pengguna Google,https://play-lh.googleusercontent.com/EGemoI2NTXmTsBVtJqk8jxF9rh8ApRWfsIMQSt2uE4OcpQqbFu7f7NbTK05lx80nuSijCz7sc3a277R67g,Lumayan bisa memantau kualitas udara,5,0,5.2.0-9.24,2019-09-12 23:14:54,,,5.2.0-9.24
d7356bad-fe2c-4d3c-b0ec-a48bc75481d2,Pengguna Google,https://play-lh.googleusercontent.com/EGemoI2NTXmTsBVtJqk8jxF9rh8ApRWfsIMQSt2uE4OcpQqbFu7f7NbTK05lx80nuSijCz7sc3a277R67g,Mantap.... apalagi musim polusi dan kebakaran hutan dimana2,5,0,5.0.0-16,2019-09-12 15:29:02,,,5.0.0-16
a9998520-d1cf-495c-9495-388d990580df,Pengguna Google,https://play-lh.googleusercontent.com/EGemoI2NTXmTsBVtJqk8jxF9rh8ApRWfsIMQSt2uE4OcpQqbFu7f7NbTK05lx80nuSijCz7sc3a277R67g,Jadi tau kualitas udara terkini 👍,5,0,5.2.0-9.24,2019-09-12 12:42:31,,,5.2.0-9.24
ba2202dc-03e2-46cd-9887-ee40eab9d6cf,Pengguna Google,https://play-lh.googleusercontent.com/EGemoI2NTXmTsBVtJqk8jxF9rh8ApRWfsIMQSt2uE4OcpQqbFu7f7NbTK05lx80nuSijCz7sc3a277R67g,sangat membantu tuk mengetahui kwalitas dan lefel udara.,3,0,5.2.0-9.24,2019-09-12 08:17:00,"Hi Ichwan, 
Thank you for your feedback. We always try to improve the app. Please give us 1 area for improvement so that we can get your 5 stars review next time! Thanks.
The AirVisual team",2019-09-13 11:06:02,5.2.0-9.24
99a4cd95-3ee5-406a-87fd-fd05f29bf048,Pengguna Google,https://play-lh.googleusercontent.com/EGemoI2NTXmTsBVtJqk8jxF9rh8ApRWfsIMQSt2uE4OcpQqbFu7f7NbTK05lx80nuSijCz7sc3a277R67g,Sangat membantu kita untuk mengetahui tingkat kebersihan udara disekitar kita..,4,1,5.2.0-9.24,2019-09-12 05:01:09,,,5.2.0-9.24
1d412760-6644-47e3-b404-660a5991b57d,Pengguna Google,https://play-lh.googleusercontent.com/EGemoI2NTXmTsBVtJqk8jxF9rh8ApRWfsIMQSt2uE4OcpQqbFu7f7NbTK05lx80nuSijCz7sc3a277R67g,Lumayan membantu,4,0,5.2.0-9.24,2019-09-12 00:07:21,,,5.2.0-9.24
006a049c-eeab-4a7e-b160-9912454a8f30,Pengguna Google,https://play-lh.googleusercontent.com/EGemoI2NTXmTsBVtJqk8jxF9rh8ApRWfsIMQSt2uE4OcpQqbFu7f7NbTK05lx80nuSijCz7sc3a277R67g,Sangat membantu,4,0,5.2.0-9.24,2019-09-11 22:48:09,,,5.2.0-9.24
e0aaa970-1109-4176-b262-ed8b4dc1779e,Pengguna Google,https://play-lh.googleusercontent.com/EGemoI2NTXmTsBVtJqk8jxF9rh8ApRWfsIMQSt2uE4OcpQqbFu7f7NbTK05lx80nuSijCz7sc3a277R67g,Untuk saat ini sangat penting krn lg berkabut asap,5,0,5.2.0-9.24,2019-09-11 17:30:28,,,5.2.0-9.24
ac536594-0f61-420f-8e7e-7134113bb92b,Pengguna Google,https://play-lh.googleusercontent.com/EGemoI2NTXmTsBVtJqk8jxF9rh8ApRWfsIMQSt2uE4OcpQqbFu7f7NbTK05lx80nuSijCz7sc3a277R67g,"Aplikasi ini sangat berguna,keadaan udara bisa kita setiap waktu...",5,0,5.2.0-9.24,2019-09-11 16:50:12,,,5.2.0-9.24
07effa4f-b0e7-4005-979e-bdb78ce627f5,Pengguna Google,https://play-lh.googleusercontent.com/EGemoI2NTXmTsBVtJqk8jxF9rh8ApRWfsIMQSt2uE4OcpQqbFu7f7NbTK05lx80nuSijCz7sc3a277R67g,Aplikasi Air Quality membantu saya untuk melihat polusi udara saat terjadinya kebakaran hutan di kalimantan. Terima kasih..,5,17,5.2.0-9.24,2019-09-11 13:33:15,,,5.2.0-9.24
9c9dbd5c-b466-4ffb-94c3-48409e4f7733,Pengguna Google,https://play-lh.googleusercontent.com/EGemoI2NTXmTsBVtJqk8jxF9rh8ApRWfsIMQSt2uE4OcpQqbFu7f7NbTK05lx80nuSijCz7sc3a277R67g,Membantu sekali apk ini,5,0,5.2.0-9.24,2019-09-11 01:35:50,,,5.2.0-9.24
67573a2c-f4e3-4d82-9e08-d5efd5a69ff6,Pengguna Google,https://play-lh.googleusercontent.com/EGemoI2NTXmTsBVtJqk8jxF9rh8ApRWfsIMQSt2uE4OcpQqbFu7f7NbTK05lx80nuSijCz7sc3a277R67g,sangat membantu karna rumahku dpinggir jalan,4,0,5.2.0-9.24,2019-09-10 10:28:55,,,5.2.0-9.24
c47f93f5-26a3-4e22-9a7d-7e83de7c6143,Pengguna Google,https://play-lh.googleusercontent.com/EGemoI2NTXmTsBVtJqk8jxF9rh8ApRWfsIMQSt2uE4OcpQqbFu7f7NbTK05lx80nuSijCz7sc3a277R67g,sangat membantu aplikasi Air Quality Air Visual ini bagi kehidupan sehari hari kami dan masyarakat ...agar bisa lebih mencintai dan menjaga lingkungan sekitar,3,1,5.2.0-9.24,2019-09-10 09:48:48,"Hi AMRUR, 
Thank you for your message. We always try to improve the app. Please tell us 1 thing for improvement so that we can get your 5 stars review next time! Thanks.
The AirVisual team",2019-09-11 02:45:40,5.2.0-9.24
54555efe-cb8d-4fae-9eeb-4e62006b9542,Pengguna Google,https://play-lh.googleusercontent.com/EGemoI2NTXmTsBVtJqk8jxF9rh8ApRWfsIMQSt2uE4OcpQqbFu7f7NbTK05lx80nuSijCz7sc3a277R67g,sangat membantu,4,0,5.2.0-9.24,2019-09-10 08:54:31,,,5.2.0-9.24
137f8a8c-4678-4bf6-9bbc-11bd13747b9f,Pengguna Google,https://play-lh.googleusercontent.com/EGemoI2NTXmTsBVtJqk8jxF9rh8ApRWfsIMQSt2uE4OcpQqbFu7f7NbTK05lx80nuSijCz7sc3a277R67g,Sangat membantu,5,0,5.2.0-9.24,2019-09-10 03:33:44,,,5.2.0-9.24
1703815e-4688-4627-917b-fe5bcb8239e4,Pengguna Google,https://play-lh.googleusercontent.com/EGemoI2NTXmTsBVtJqk8jxF9rh8ApRWfsIMQSt2uE4OcpQqbFu7f7NbTK05lx80nuSijCz7sc3a277R67g,Sangat membantu dan sangat bermanfaat,5,0,5.2.0-9.24,2019-09-10 00:43:49,,,5.2.0-9.24
cfb8e39e-62fc-473e-9971-f460a28d5c96,Pengguna Google,https://play-lh.googleusercontent.com/EGemoI2NTXmTsBVtJqk8jxF9rh8ApRWfsIMQSt2uE4OcpQqbFu7f7NbTK05lx80nuSijCz7sc3a277R67g,Terima Kasih telah membantu saya yang berada di Pekanbaru.,5,1,5.2.0-9.24,2019-09-09 10:06:54,,,5.2.0-9.24
4dfbd93f-7a16-45d0-bc0f-58d1476cca5e,Pengguna Google,https://play-lh.googleusercontent.com/EGemoI2NTXmTsBVtJqk8jxF9rh8ApRWfsIMQSt2uE4OcpQqbFu7f7NbTK05lx80nuSijCz7sc3a277R67g,"Saat ini udara bersih di Jabodetabek sangat mahal harganya. Termasuk untuk mendapatkan indikatornya melalui alat ini. Alat ini dijual seharga USD 295/unit org itu berarti seseorg di Indonesia (Tangsel) hrs bekerja 1 bulan/160 jam* lebih utk membeli ini. (Acuan UMR Tangsel 2018 IDR 3,8jt) Sedangkan, di negara asalnya (Swiss) alat ini bs didapatkan hny dengan bekerja 5 jam* saja (unskilled labour). Kontras sekali perbedaannya.",3,21,5.2.0-9.24,2019-09-09 03:44:23,,,5.2.0-9.24
373c14a7-3c66-4121-a8d2-89e918f15e69,Pengguna Google,https://play-lh.googleusercontent.com/EGemoI2NTXmTsBVtJqk8jxF9rh8ApRWfsIMQSt2uE4OcpQqbFu7f7NbTK05lx80nuSijCz7sc3a277R67g,"Dipalembang sedang kabut asap, tp.kata aplikasinya udara bagus",1,4,5.2.0-9.24,2019-09-05 02:26:29,"Hello Azkademy,
Thanks for your feedback. It's because the data for Dipalembang stopped updating. The data comes from government monitoring station. It might stop for maintenance reasons and usually will come back after a few days.
The AirVisual team",2019-09-11 03:06:15,5.2.0-9.24
0feeb0fe-448c-4688-8a45-017430d06aea,Pengguna Google,https://play-lh.googleusercontent.com/EGemoI2NTXmTsBVtJqk8jxF9rh8ApRWfsIMQSt2uE4OcpQqbFu7f7NbTK05lx80nuSijCz7sc3a277R67g,Sangat membantu untuk mengetahui kualitas udara yg tercemar di riau akibat karhutla,5,1,5.2.0-9.24,2019-09-04 01:02:08,,,5.2.0-9.24
448e5707-1bb3-4fbc-8691-aaf1881cefc9,Pengguna Google,https://play-lh.googleusercontent.com/EGemoI2NTXmTsBVtJqk8jxF9rh8ApRWfsIMQSt2uE4OcpQqbFu7f7NbTK05lx80nuSijCz7sc3a277R67g,Menambah pengetahuan saya dalam hal menjaga kebersihan udara,5,0,5.2.0-9.24,2019-09-02 11:54:49,,,5.2.0-9.24
eba521f3-2353-49d2-b87b-f3a9b117b220,Pengguna Google,https://play-lh.googleusercontent.com/EGemoI2NTXmTsBVtJqk8jxF9rh8ApRWfsIMQSt2uE4OcpQqbFu7f7NbTK05lx80nuSijCz7sc3a277R67g,Sangat membantu sekali aplikasi ini dalam melihat seberapa bagus udara disekitar,5,1,5.2.0-9.24,2019-09-02 11:34:56,,,5.2.0-9.24
66ee6568-b973-4fd4-96a3-026ead2e7c60,Pengguna Google,https://play-lh.googleusercontent.com/EGemoI2NTXmTsBVtJqk8jxF9rh8ApRWfsIMQSt2uE4OcpQqbFu7f7NbTK05lx80nuSijCz7sc3a277R67g,Padahal lokasi saya masih bagus eh malah sama kayak Jakarta,1,2,5.2.0-9.24,2019-09-01 13:29:46,"Hi Natan,
Thank you for your feedback. In which city/country are you located in? We'd like to find the reason of this problem.
Alternatively, please make sure your phone GPS is turned on and the AirVisual app is allowed to use it. 
The AirVisual team",2019-09-02 07:42:42,5.2.0-9.24
f144b0c2-b018-42aa-8a22-b6237c8621e9,Pengguna Google,https://play-lh.googleusercontent.com/EGemoI2NTXmTsBVtJqk8jxF9rh8ApRWfsIMQSt2uE4OcpQqbFu7f7NbTK05lx80nuSijCz7sc3a277R67g,Sangat membantu,5,0,5.2.0-9.15,2019-09-01 04:47:12,,,5.2.0-9.15
363c3e2e-8419-451e-8e4a-b89840b0ec6c,Pengguna Google,https://play-lh.googleusercontent.com/EGemoI2NTXmTsBVtJqk8jxF9rh8ApRWfsIMQSt2uE4OcpQqbFu7f7NbTK05lx80nuSijCz7sc3a277R67g,"Sangat membantu utk mengetahui tingkat polusi di tiap kota, sangat jelas dan mudah utk dimengerti",5,4,5.2.0-9.24,2019-08-28 02:54:38,,,5.2.0-9.24
651ca3e1-af5d-40c1-ac3f-cfde850c01ea,Pengguna Google,https://play-lh.googleusercontent.com/EGemoI2NTXmTsBVtJqk8jxF9rh8ApRWfsIMQSt2uE4OcpQqbFu7f7NbTK05lx80nuSijCz7sc3a277R67g,Membuat kita tahu tentang udara di sekitar tempat tinggal kita,5,0,5.2.0-9.24,2019-08-27 11:27:29,,,5.2.0-9.24
eeebd2cf-8381-4f50-9461-d8e20eacf3d0,Pengguna Google,https://play-lh.googleusercontent.com/EGemoI2NTXmTsBVtJqk8jxF9rh8ApRWfsIMQSt2uE4OcpQqbFu7f7NbTK05lx80nuSijCz7sc3a277R67g,"jangan hanya jakarta aja dong yang masuk ranking, tapi daerah bogor,depok,tangerang dan bekasinya juga,,soalnya ada yang polusinya paling buruk dari jakarta dan harusnya jadi tugas pemerintah daerah tersebut untuk menangani..",3,5,5.2.0-9.15,2019-08-20 06:30:30,"Hello Fiko,
Thanks for your message. The ranking include major cities around the world. We will consider adding more cities in Jakarta in the ranking. 
The AirVisual team",2019-08-20 07:53:36,5.2.0-9.15
426f5d4b-56d0-4d2d-8266-2449d9784338,Pengguna Google,https://play-lh.googleusercontent.com/EGemoI2NTXmTsBVtJqk8jxF9rh8ApRWfsIMQSt2uE4OcpQqbFu7f7NbTK05lx80nuSijCz7sc3a277R67g,panduan by Aplikasi u Kualitas udara.,5,0,5.2.0-9.18,2019-08-19 14:26:41,,,5.2.0-9.18
7a9bed4f-85df-473f-ad4e-9fb4abbbb34e,Pengguna Google,https://play-lh.googleusercontent.com/EGemoI2NTXmTsBVtJqk8jxF9rh8ApRWfsIMQSt2uE4OcpQqbFu7f7NbTK05lx80nuSijCz7sc3a277R67g,"Terimakasih, semoga pemerintah akan jauh lebih perhatikan lagi tetang polusi udara",4,0,5.2.0-9.18,2019-08-19 03:13:40,,,5.2.0-9.18
3b2ac00d-76bb-43a3-b156-824ebc683717,Pengguna Google,https://play-lh.googleusercontent.com/EGemoI2NTXmTsBVtJqk8jxF9rh8ApRWfsIMQSt2uE4OcpQqbFu7f7NbTK05lx80nuSijCz7sc3a277R67g,Aplikasi sangat membantu untuk melihat kondisi cuaca di sekitar kita.,5,0,5.0.0-16,2019-08-18 14:37:31,,,5.0.0-16
33fc0ddc-3f7a-4525-8ee1-2aa973fe3a09,Pengguna Google,https://play-lh.googleusercontent.com/EGemoI2NTXmTsBVtJqk8jxF9rh8ApRWfsIMQSt2uE4OcpQqbFu7f7NbTK05lx80nuSijCz7sc3a277R67g,sangat membantu,5,0,5.2.0-9.18,2019-08-18 04:01:27,,,5.2.0-9.18
e51cee66-200a-4b75-91c1-7020eabb997b,Pengguna Google,https://play-lh.googleusercontent.com/EGemoI2NTXmTsBVtJqk8jxF9rh8ApRWfsIMQSt2uE4OcpQqbFu7f7NbTK05lx80nuSijCz7sc3a277R67g,Sangat Membantu Dalam Pemantauan Kondisi Udara Dimusim Kabut Asap,5,0,5.2.0-9.15,2019-08-17 17:50:08,,,5.2.0-9.15
16b4e55c-a955-4eed-b3e1-9ddc2c2d9990,Pengguna Google,https://play-lh.googleusercontent.com/EGemoI2NTXmTsBVtJqk8jxF9rh8ApRWfsIMQSt2uE4OcpQqbFu7f7NbTK05lx80nuSijCz7sc3a277R67g,App ini sangat membantu terutama saya yg tinggal di kota kecil terutama mengenai AQI.,5,0,5.2.0-9.18,2019-08-17 14:03:01,,,5.2.0-9.18
05ac6d39-c712-41b2-934a-955c598979fe,Pengguna Google,https://play-lh.googleusercontent.com/EGemoI2NTXmTsBVtJqk8jxF9rh8ApRWfsIMQSt2uE4OcpQqbFu7f7NbTK05lx80nuSijCz7sc3a277R67g,sangat membantu untuk aktivitas out door,5,0,5.2.0-9.18,2019-08-17 01:42:13,,,5.2.0-9.18
3297e796-dfd3-43cb-8cd9-8bb34c7c9e99,Pengguna Google,https://play-lh.googleusercontent.com/EGemoI2NTXmTsBVtJqk8jxF9rh8ApRWfsIMQSt2uE4OcpQqbFu7f7NbTK05lx80nuSijCz7sc3a277R67g,sangat membantu,5,0,5.2.0-9.18,2019-08-16 22:51:30,,,5.2.0-9.18
1d87ccb6-97bb-4cc4-aff2-3cdff1b5d99b,Pengguna Google,https://play-lh.googleusercontent.com/EGemoI2NTXmTsBVtJqk8jxF9rh8ApRWfsIMQSt2uE4OcpQqbFu7f7NbTK05lx80nuSijCz7sc3a277R67g,"jadi lebih tau kapan harus bernafas, kapan harus pake masker.",5,0,5.2.0-9.15,2019-08-16 14:10:41,,,5.2.0-9.15
7f3d123a-48f4-4ab2-8c8a-755265f0dc5c,Pengguna Google,https://play-lh.googleusercontent.com/EGemoI2NTXmTsBVtJqk8jxF9rh8ApRWfsIMQSt2uE4OcpQqbFu7f7NbTK05lx80nuSijCz7sc3a277R67g,kita bisa tau kualitas udara yang ada di sekitar kita,5,0,5.2.0-9.15,2019-08-16 13:53:20,,,5.2.0-9.15
b2cde121-4b98-44ce-9875-9216dcf08c0c,Pengguna Google,https://play-lh.googleusercontent.com/EGemoI2NTXmTsBVtJqk8jxF9rh8ApRWfsIMQSt2uE4OcpQqbFu7f7NbTK05lx80nuSijCz7sc3a277R67g,Membantu saya yg allergi untuk mengetahui kondisi udara di tempat yg akan saya tuju,3,0,5.0.0-16,2019-08-16 10:34:47,"Hi Song wie,
Thank you for your feedback. In which city are you located in? We'd like to find the reason of this problem.
Alternatively, please make sure your phone GPS is turned on and the AirVisual app is allowed to use it. 
The AirVisual team",2019-08-19 05:36:40,5.0.0-16
d5fe50e4-5914-4943-8dba-00db3c85f2ea,Pengguna Google,https://play-lh.googleusercontent.com/EGemoI2NTXmTsBVtJqk8jxF9rh8ApRWfsIMQSt2uE4OcpQqbFu7f7NbTK05lx80nuSijCz7sc3a277R67g,"Langsung uninstall. Aplikasi gak bener. Saya tinggal dikota kecil di dataran tinggi. Gak ada pabrik. Daerah hijau (pertanian dan kebun juga hutannya masih bagus, cantik). Kendaraan tidak banyak, Mall aja nggak ada, Air masih jernih dan deras, kok dibilang tingkat polusi tinggi. Gak bener banget.",1,103,5.2.0-9.15,2019-08-15 02:41:59,"Hi Moh,
Thank you for your feedback. In which city/country are you located in? We'd like to find the reason of this problem.
Alternatively, please make sure your phone GPS is turned on and the AirVisual app is allowed to use it. 
The AirVisual team",2019-08-15 06:47:05,5.2.0-9.15
3b939327-6c3e-49b9-9fbf-8a99c595c3ac,Pengguna Google,https://play-lh.googleusercontent.com/EGemoI2NTXmTsBVtJqk8jxF9rh8ApRWfsIMQSt2uE4OcpQqbFu7f7NbTK05lx80nuSijCz7sc3a277R67g,sangat membantu,5,0,5.0.0-16,2019-08-15 02:39:17,,,5.0.0-16
b7e74afa-3703-4fee-a8bf-41c95978a2f7,Pengguna Google,https://play-lh.googleusercontent.com/EGemoI2NTXmTsBVtJqk8jxF9rh8ApRWfsIMQSt2uE4OcpQqbFu7f7NbTK05lx80nuSijCz7sc3a277R67g,Sangat membantu,5,0,5.2.0-9.17,2019-08-14 23:57:49,,,5.2.0-9.17
1baf5b51-ff6e-49ba-9563-85455cbe1001,Pengguna Google,https://play-lh.googleusercontent.com/EGemoI2NTXmTsBVtJqk8jxF9rh8ApRWfsIMQSt2uE4OcpQqbFu7f7NbTK05lx80nuSijCz7sc3a277R67g,membantumu mencari udara segar,5,0,5.2.0-9.15,2019-08-14 14:20:06,,,5.2.0-9.15
0b67f881-56fb-4777-bec3-833c325cfef3,Pengguna Google,https://play-lh.googleusercontent.com/EGemoI2NTXmTsBVtJqk8jxF9rh8ApRWfsIMQSt2uE4OcpQqbFu7f7NbTK05lx80nuSijCz7sc3a277R67g,sangat menbantu untuk kesehatan,5,0,,2019-08-14 06:04:21,,,
19d656c0-e31c-42dc-bfcc-5e44af944d02,Pengguna Google,https://play-lh.googleusercontent.com/EGemoI2NTXmTsBVtJqk8jxF9rh8ApRWfsIMQSt2uE4OcpQqbFu7f7NbTK05lx80nuSijCz7sc3a277R67g,sangat membantu,5,0,5.2.0-9.15,2019-08-13 17:36:58,,,5.2.0-9.15
7f29fb11-d9b8-4b4c-a7e9-ee1dc4f496ef,Pengguna Google,https://play-lh.googleusercontent.com/EGemoI2NTXmTsBVtJqk8jxF9rh8ApRWfsIMQSt2uE4OcpQqbFu7f7NbTK05lx80nuSijCz7sc3a277R67g,Sangat membantu,5,0,5.2.0-9.15,2019-08-13 06:06:05,,,5.2.0-9.15
e713261d-04f4-4027-8655-82734057300c,Pengguna Google,https://play-lh.googleusercontent.com/EGemoI2NTXmTsBVtJqk8jxF9rh8ApRWfsIMQSt2uE4OcpQqbFu7f7NbTK05lx80nuSijCz7sc3a277R67g,Sangat membantu,5,0,5.0.0-16,2019-08-13 00:53:31,,,5.0.0-16
38d95061-492a-4b91-a36c-3173d6fb2e15,Pengguna Google,https://play-lh.googleusercontent.com/EGemoI2NTXmTsBVtJqk8jxF9rh8ApRWfsIMQSt2uE4OcpQqbFu7f7NbTK05lx80nuSijCz7sc3a277R67g,"sangat membantu,apalg d pekanbaru lg kabut asap",5,0,5.2.0-9.11,2019-08-12 01:38:37,,,5.2.0-9.11
1d3f61f8-737a-4753-8554-d0fe0948bc7d,Pengguna Google,https://play-lh.googleusercontent.com/EGemoI2NTXmTsBVtJqk8jxF9rh8ApRWfsIMQSt2uE4OcpQqbFu7f7NbTK05lx80nuSijCz7sc3a277R67g,Sebagai acuan utk berolahraga dengan melihat kualitas udara yg bagus dan sehat,5,2,5.0.0-16,2019-08-11 05:48:23,,,5.0.0-16
6cb9f840-3209-4bac-b99d-dcc0d07d3d69,Pengguna Google,https://play-lh.googleusercontent.com/EGemoI2NTXmTsBVtJqk8jxF9rh8ApRWfsIMQSt2uE4OcpQqbFu7f7NbTK05lx80nuSijCz7sc3a277R67g,baik dan membantu memantau kualitas udara secara mobile 😊,4,0,5.2.0-9.15,2019-08-11 04:51:51,,,5.2.0-9.15
c3311e21-2451-4774-892d-0ed1b0809721,Pengguna Google,https://play-lh.googleusercontent.com/EGemoI2NTXmTsBVtJqk8jxF9rh8ApRWfsIMQSt2uE4OcpQqbFu7f7NbTK05lx80nuSijCz7sc3a277R67g,membantu memantau kualitas udara,4,0,5.2.0-9.15,2019-08-10 23:36:31,,,5.2.0-9.15
ac2d07ad-83dc-468d-af5c-503f9fb34170,Pengguna Google,https://play-lh.googleusercontent.com/EGemoI2NTXmTsBVtJqk8jxF9rh8ApRWfsIMQSt2uE4OcpQqbFu7f7NbTK05lx80nuSijCz7sc3a277R67g,"detail dalam mendeskripsikan keadaan udara, cuaca, bahkan detail sampai ke hal apa saja yang harus dilakukan jika kandungan udara tidak sehat, misal polusi berlebihan",5,24,5.2.0-9.15,2019-08-10 09:43:22,,,5.2.0-9.15
8c9ad568-1e4a-42f0-8f27-3f784742c26d,Pengguna Google,https://play-lh.googleusercontent.com/EGemoI2NTXmTsBVtJqk8jxF9rh8ApRWfsIMQSt2uE4OcpQqbFu7f7NbTK05lx80nuSijCz7sc3a277R67g,sangat membantu,5,0,5.0.0-16,2019-08-10 08:10:05,,,5.0.0-16
451cacb0-5221-4ad7-961c-5bb71b2a7893,Pengguna Google,https://play-lh.googleusercontent.com/EGemoI2NTXmTsBVtJqk8jxF9rh8ApRWfsIMQSt2uE4OcpQqbFu7f7NbTK05lx80nuSijCz7sc3a277R67g,app ini sangat2 membantu,5,0,5.0.0-16,2019-08-10 05:52:15,,,5.0.0-16
456ff507-6e8c-4c3a-b28b-fe83289dec83,Pengguna Google,https://play-lh.googleusercontent.com/EGemoI2NTXmTsBVtJqk8jxF9rh8ApRWfsIMQSt2uE4OcpQqbFu7f7NbTK05lx80nuSijCz7sc3a277R67g,"Membantu saya yang alergi dengan debu dan asap kendaraan, tq air visual luv it♥",5,0,5.2.0-9.15,2019-08-10 05:33:35,,,5.2.0-9.15
ecd2f3cd-84b6-4fe3-b364-8418fde8a633,Pengguna Google,https://play-lh.googleusercontent.com/EGemoI2NTXmTsBVtJqk8jxF9rh8ApRWfsIMQSt2uE4OcpQqbFu7f7NbTK05lx80nuSijCz7sc3a277R67g,sangat informatif dan membantu mengecek kualitas udara di lingkungan tempat tinggal,5,1,5.0.0-16,2019-08-09 22:46:30,,,5.0.0-16
c90ef3f9-2cf2-412e-bce7-b941d57c0925,Pengguna Google,https://play-lh.googleusercontent.com/EGemoI2NTXmTsBVtJqk8jxF9rh8ApRWfsIMQSt2uE4OcpQqbFu7f7NbTK05lx80nuSijCz7sc3a277R67g,Membuatku tahu kualitas udara sekitar kita.,4,0,5.2.0-9.15,2019-08-09 20:47:59,,,5.2.0-9.15
eb2b1a92-0687-4f8d-ab24-f5a129ed660e,Pengguna Google,https://play-lh.googleusercontent.com/EGemoI2NTXmTsBVtJqk8jxF9rh8ApRWfsIMQSt2uE4OcpQqbFu7f7NbTK05lx80nuSijCz7sc3a277R67g,Sangat membantu mengetahui tingkat polusi udara di daerah sekitar,5,3,5.2.0-9.13,2019-08-08 23:56:11,,,5.2.0-9.13
524e4f55-9101-4de7-bf2d-5996e5d1a572,Pengguna Google,https://play-lh.googleusercontent.com/EGemoI2NTXmTsBVtJqk8jxF9rh8ApRWfsIMQSt2uE4OcpQqbFu7f7NbTK05lx80nuSijCz7sc3a277R67g,SANGAT MEMBANTU MENENTUKAN UDARA BERKWALITAS,5,0,5.0.0-16,2019-08-08 22:33:13,,,5.0.0-16
2f9bf2ba-9bfc-4e18-98c9-07a9f68d0ee4,Pengguna Google,https://play-lh.googleusercontent.com/EGemoI2NTXmTsBVtJqk8jxF9rh8ApRWfsIMQSt2uE4OcpQqbFu7f7NbTK05lx80nuSijCz7sc3a277R67g,sangat membantu mengetahui kualitas udara,5,0,5.2.0-9.13,2019-08-08 22:05:30,,,5.2.0-9.13
3466fb3c-f7f7-41e8-b5fc-a23c6e2b2a0c,Pengguna Google,https://play-lh.googleusercontent.com/EGemoI2NTXmTsBVtJqk8jxF9rh8ApRWfsIMQSt2uE4OcpQqbFu7f7NbTK05lx80nuSijCz7sc3a277R67g,sangat menbantu aplikasi ini,4,0,,2019-08-08 14:25:29,,,
42b5372c-ad0e-49f2-9b73-59acfe9d2da1,Pengguna Google,https://play-lh.googleusercontent.com/EGemoI2NTXmTsBVtJqk8jxF9rh8ApRWfsIMQSt2uE4OcpQqbFu7f7NbTK05lx80nuSijCz7sc3a277R67g,sangat membantu sekali untuk mengetahui keadaan cuaca. thanks!,5,0,5.0.0-16,2019-08-08 03:57:06,,,5.0.0-16
740d0447-97b9-41d3-9472-2e80a3b3a72e,Pengguna Google,https://play-lh.googleusercontent.com/EGemoI2NTXmTsBVtJqk8jxF9rh8ApRWfsIMQSt2uE4OcpQqbFu7f7NbTK05lx80nuSijCz7sc3a277R67g,aplokasi yg sangat membantu. thanks,5,0,5.0.0-16,2019-08-07 23:30:27,,,5.0.0-16
6583cc23-8287-42dc-946e-3bcc3394b72a,Pengguna Google,https://play-lh.googleusercontent.com/EGemoI2NTXmTsBVtJqk8jxF9rh8ApRWfsIMQSt2uE4OcpQqbFu7f7NbTK05lx80nuSijCz7sc3a277R67g,sangattt membantuuuu!❤❤❤,5,0,5.0.0-16,2019-08-07 12:54:19,,,5.0.0-16
0c289039-4f89-4fd7-a0cc-07847c48cd4e,Pengguna Google,https://play-lh.googleusercontent.com/EGemoI2NTXmTsBVtJqk8jxF9rh8ApRWfsIMQSt2uE4OcpQqbFu7f7NbTK05lx80nuSijCz7sc3a277R67g,applikasi ini sangat membantu,4,0,5.0.0-16,2019-08-07 07:31:24,,,5.0.0-16
98da3f2e-b391-4b54-8eb3-0edc4c2a4bd3,Pengguna Google,https://play-lh.googleusercontent.com/EGemoI2NTXmTsBVtJqk8jxF9rh8ApRWfsIMQSt2uE4OcpQqbFu7f7NbTK05lx80nuSijCz7sc3a277R67g,keren.sangat membantu dalam memantau kualitas udara.serta ada anjuran anjuran dalam menyikapinya.minusnya harusnya ada penjelasan lebih rinci.misal kode ini maksudnya kelembaban udara.dan maksudnya apa.range sehat ukirannya berapa.kalo kurang harus bagaimana dan dampak buruknya apa.dan simbol mata angin maksudnya apa dan efeknya apa.,5,4,5.0.0-16,2019-08-07 06:37:34,,,5.0.0-16
bdd50c7f-0f4f-42d0-ab24-5320977aa4e5,Pengguna Google,https://play-lh.googleusercontent.com/EGemoI2NTXmTsBVtJqk8jxF9rh8ApRWfsIMQSt2uE4OcpQqbFu7f7NbTK05lx80nuSijCz7sc3a277R67g,Membantu,4,0,5.0.0-16,2019-08-07 00:21:42,,,5.0.0-16
4c2cfdc8-388d-4646-9aaa-5eb4512b3258,Pengguna Google,https://play-lh.googleusercontent.com/EGemoI2NTXmTsBVtJqk8jxF9rh8ApRWfsIMQSt2uE4OcpQqbFu7f7NbTK05lx80nuSijCz7sc3a277R67g,"aplikasi bagus, sangat bermanfaat dan membantu untuk menjaga kesehatan dan lingkungan",5,2,5.2.0-9.13,2019-08-06 14:14:03,,,5.2.0-9.13
869aced0-58ce-4f29-9b66-5e38601d5200,Pengguna Google,https://play-lh.googleusercontent.com/EGemoI2NTXmTsBVtJqk8jxF9rh8ApRWfsIMQSt2uE4OcpQqbFu7f7NbTK05lx80nuSijCz7sc3a277R67g,Sangat membantu 👍,5,0,5.0.0-16,2019-08-06 05:10:06,,,5.0.0-16
372596b8-afdc-463e-8125-f2b18fb1dd81,Pengguna Google,https://play-lh.googleusercontent.com/EGemoI2NTXmTsBVtJqk8jxF9rh8ApRWfsIMQSt2uE4OcpQqbFu7f7NbTK05lx80nuSijCz7sc3a277R67g,membantu sekali,5,0,5.0.0-16,2019-08-06 01:58:26,,,5.0.0-16
9eb8e337-60d1-452c-a313-47a8168cd93f,Pengguna Google,https://play-lh.googleusercontent.com/EGemoI2NTXmTsBVtJqk8jxF9rh8ApRWfsIMQSt2uE4OcpQqbFu7f7NbTK05lx80nuSijCz7sc3a277R67g,sangat membantu,5,0,5.0.0-16,2019-08-06 01:39:47,,,5.0.0-16
8ae2e01d-efc3-42aa-9b3e-698a4cb05463,Pengguna Google,https://play-lh.googleusercontent.com/EGemoI2NTXmTsBVtJqk8jxF9rh8ApRWfsIMQSt2uE4OcpQqbFu7f7NbTK05lx80nuSijCz7sc3a277R67g,Sangat membantu dalam mengetahui kualitas udara saat ingin beraktivitas keluar ruangan,5,1,5.0.0-16,2019-08-06 01:03:41,,,5.0.0-16
db558b1a-5690-460c-bda2-aff4d829cf6e,Pengguna Google,https://play-lh.googleusercontent.com/EGemoI2NTXmTsBVtJqk8jxF9rh8ApRWfsIMQSt2uE4OcpQqbFu7f7NbTK05lx80nuSijCz7sc3a277R67g,Sangat membantu untuk yang beraktifitas di luar rumah.,4,0,5.2.0-9.13,2019-08-06 00:04:01,,,5.2.0-9.13
f2680ed9-ffbe-4a9b-8fbf-632c84dfcb61,Pengguna Google,https://play-lh.googleusercontent.com/EGemoI2NTXmTsBVtJqk8jxF9rh8ApRWfsIMQSt2uE4OcpQqbFu7f7NbTK05lx80nuSijCz7sc3a277R67g,bagus aplikasinya bisa membantu,5,0,5.2.0-9.13,2019-08-05 23:21:55,,,5.2.0-9.13
c4f5ab08-4ddb-46ef-a67c-3dd1f7439e2c,Pengguna Google,https://play-lh.googleusercontent.com/EGemoI2NTXmTsBVtJqk8jxF9rh8ApRWfsIMQSt2uE4OcpQqbFu7f7NbTK05lx80nuSijCz7sc3a277R67g,aplikasi yang sangat membantu. bravo,4,0,5.0.0-16,2019-08-05 06:31:05,,,5.0.0-16
4d12b9dc-f5ac-4105-993f-649912517b0c,Pengguna Google,https://play-lh.googleusercontent.com/EGemoI2NTXmTsBVtJqk8jxF9rh8ApRWfsIMQSt2uE4OcpQqbFu7f7NbTK05lx80nuSijCz7sc3a277R67g,sangat membantu dan akurat,5,0,5.0.0-16,2019-08-05 06:17:38,,,5.0.0-16
e4860cf6-2f96-4466-a3f5-99262edaf9d7,Pengguna Google,https://play-lh.googleusercontent.com/EGemoI2NTXmTsBVtJqk8jxF9rh8ApRWfsIMQSt2uE4OcpQqbFu7f7NbTK05lx80nuSijCz7sc3a277R67g,Sangat membantu..,3,1,5.2.0-9.13,2019-08-05 06:05:03,"Hi Shofa, 
Thank you for your message. We always try to improve the app. Please tell us 1 thing for improvement so that we can get your 5 stars review next time! Thanks.
The AirVisual team",2019-08-05 05:07:08,5.2.0-9.13
753bb29e-4141-4854-8323-63ea324d7bee,Pengguna Google,https://play-lh.googleusercontent.com/EGemoI2NTXmTsBVtJqk8jxF9rh8ApRWfsIMQSt2uE4OcpQqbFu7f7NbTK05lx80nuSijCz7sc3a277R67g,cukup membantu dlm memberikan informasi kondisi udara saat ini,4,0,5.0.0-16,2019-08-05 03:40:46,,,5.0.0-16
c9b2177f-eabe-4e7e-9546-854fa145231e,Pengguna Google,https://play-lh.googleusercontent.com/EGemoI2NTXmTsBVtJqk8jxF9rh8ApRWfsIMQSt2uE4OcpQqbFu7f7NbTK05lx80nuSijCz7sc3a277R67g,diberikan tambahan informasi tntg cara pengurangan polusinya,4,0,5.2.0-9.13,2019-08-04 23:56:47,,,5.2.0-9.13
62c8fc72-8ae9-4233-974e-f07636b83dd7,Pengguna Google,https://play-lh.googleusercontent.com/EGemoI2NTXmTsBVtJqk8jxF9rh8ApRWfsIMQSt2uE4OcpQqbFu7f7NbTK05lx80nuSijCz7sc3a277R67g,jadi tau kondisi udara yg kita hirup 1x24jam seperti apa. indeks dg realita sesuai kok,5,0,5.0.0-16,2019-08-04 17:06:40,,,5.0.0-16
ee76fd34-1cbe-461f-8496-203d6981501d,Pengguna Google,https://play-lh.googleusercontent.com/EGemoI2NTXmTsBVtJqk8jxF9rh8ApRWfsIMQSt2uE4OcpQqbFu7f7NbTK05lx80nuSijCz7sc3a277R67g,sangat membantu mengetahui kualitas udara,5,0,,2019-08-04 10:18:07,,,
82c2eff3-aca9-490a-ab79-e55e84426313,Pengguna Google,https://play-lh.googleusercontent.com/EGemoI2NTXmTsBVtJqk8jxF9rh8ApRWfsIMQSt2uE4OcpQqbFu7f7NbTK05lx80nuSijCz7sc3a277R67g,bisa tahu dimana polusi yang tinggi dan mencegahnya,5,0,5.0.0-16,2019-08-04 04:42:05,,,5.0.0-16
b906db64-daf5-447b-ac42-73d52aa1f8f3,Pengguna Google,https://play-lh.googleusercontent.com/EGemoI2NTXmTsBVtJqk8jxF9rh8ApRWfsIMQSt2uE4OcpQqbFu7f7NbTK05lx80nuSijCz7sc3a277R67g,"Terimakasih, sangat membantu kami mengetahui kondisi udara di sekitar",5,0,5.0.0-16,2019-08-04 01:28:07,,,5.0.0-16
344a8e09-f4ce-46fd-a974-16b51c6e3f5d,Pengguna Google,https://play-lh.googleusercontent.com/EGemoI2NTXmTsBVtJqk8jxF9rh8ApRWfsIMQSt2uE4OcpQqbFu7f7NbTK05lx80nuSijCz7sc3a277R67g,bagus sangat membantu,4,0,5.0.0-16,2019-08-03 06:06:28,,,5.0.0-16
b71b39ab-e693-4d21-b0ba-dc8c11eac7f5,Pengguna Google,https://play-lh.googleusercontent.com/EGemoI2NTXmTsBVtJqk8jxF9rh8ApRWfsIMQSt2uE4OcpQqbFu7f7NbTK05lx80nuSijCz7sc3a277R67g,terimakasih sangat membantu,5,0,5.0.0-16,2019-08-02 12:58:03,,,5.0.0-16
afa71d69-cc0c-4159-8af9-fe29639c2073,Pengguna Google,https://play-lh.googleusercontent.com/EGemoI2NTXmTsBVtJqk8jxF9rh8ApRWfsIMQSt2uE4OcpQqbFu7f7NbTK05lx80nuSijCz7sc3a277R67g,aplikasi ini membantu...tapi...tetap pakai masker ya ☺,5,0,5.0.0-16,2019-08-02 00:31:37,,,5.0.0-16
c8e53db8-bd61-427e-9d27-a6c4720fdfe1,Pengguna Google,https://play-lh.googleusercontent.com/EGemoI2NTXmTsBVtJqk8jxF9rh8ApRWfsIMQSt2uE4OcpQqbFu7f7NbTK05lx80nuSijCz7sc3a277R67g,aplikasi ini membantu banget,5,0,5.2.0-9.11,2019-08-02 00:28:54,,,5.2.0-9.11
bc5d5d17-0073-4dd9-aefc-fb035e41520c,Pengguna Google,https://play-lh.googleusercontent.com/EGemoI2NTXmTsBVtJqk8jxF9rh8ApRWfsIMQSt2uE4OcpQqbFu7f7NbTK05lx80nuSijCz7sc3a277R67g,aplikasi yg sangat membantu utk mengetahui apakah aman beraktifitas diluar atau tidak.,5,1,5.0.0-16,2019-08-01 23:38:40,,,5.0.0-16
84d20325-0908-48bd-a685-efdec2f00538,Pengguna Google,https://play-lh.googleusercontent.com/EGemoI2NTXmTsBVtJqk8jxF9rh8ApRWfsIMQSt2uE4OcpQqbFu7f7NbTK05lx80nuSijCz7sc3a277R67g,"sangat membantu,👍",5,0,5.0.0-16,2019-08-01 11:45:02,,,5.0.0-16
c36aedc1-71f6-45a4-8e30-38cc52a560fd,Pengguna Google,https://play-lh.googleusercontent.com/EGemoI2NTXmTsBVtJqk8jxF9rh8ApRWfsIMQSt2uE4OcpQqbFu7f7NbTK05lx80nuSijCz7sc3a277R67g,"lumayan biar bisa antisipasi klo kluar rumah, tentang keadaan udara di sekitarnya",2,0,5.0.0-16,2019-08-01 04:02:04,,,5.0.0-16
05f53ce5-d825-4ad9-9912-c9cb6a9a041b,Pengguna Google,https://play-lh.googleusercontent.com/EGemoI2NTXmTsBVtJqk8jxF9rh8ApRWfsIMQSt2uE4OcpQqbFu7f7NbTK05lx80nuSijCz7sc3a277R67g,Sangat Membantu,5,0,,2019-07-31 22:39:46,,,
ff52a959-e313-445a-afc4-a435243998d5,Pengguna Google,https://play-lh.googleusercontent.com/EGemoI2NTXmTsBVtJqk8jxF9rh8ApRWfsIMQSt2uE4OcpQqbFu7f7NbTK05lx80nuSijCz7sc3a277R67g,membantu sekali,5,0,5.0.0-16,2019-07-31 11:59:03,,,5.0.0-16
30cbcbc8-7f92-4fe7-b9ef-53294d97aa4d,Pengguna Google,https://play-lh.googleusercontent.com/EGemoI2NTXmTsBVtJqk8jxF9rh8ApRWfsIMQSt2uE4OcpQqbFu7f7NbTK05lx80nuSijCz7sc3a277R67g,sangat menbantu,5,0,5.0.0-16,2019-07-31 05:18:33,,,5.0.0-16
f3b38bc1-4881-4871-8aa8-eeec26c202da,Pengguna Google,https://play-lh.googleusercontent.com/EGemoI2NTXmTsBVtJqk8jxF9rh8ApRWfsIMQSt2uE4OcpQqbFu7f7NbTK05lx80nuSijCz7sc3a277R67g,membantu info polusi,5,0,5.0.0-16,2019-07-31 03:46:21,,,5.0.0-16
5c3f905b-b3cc-44fc-ad97-48bfdbf6e1b8,Pengguna Google,https://play-lh.googleusercontent.com/EGemoI2NTXmTsBVtJqk8jxF9rh8ApRWfsIMQSt2uE4OcpQqbFu7f7NbTK05lx80nuSijCz7sc3a277R67g,Cukup membantu dalam mengetahui kadar polutan di kota saya,5,0,5.0.0-16,2019-07-31 01:41:30,,,5.0.0-16
9e6b85c6-6afc-4565-98f7-3a808f769081,Pengguna Google,https://play-lh.googleusercontent.com/EGemoI2NTXmTsBVtJqk8jxF9rh8ApRWfsIMQSt2uE4OcpQqbFu7f7NbTK05lx80nuSijCz7sc3a277R67g,sangat membantu aktivitas traveling saya,4,0,5.0.0-16,2019-07-31 00:58:08,,,5.0.0-16
159d145b-7485-49fd-a486-839f0a2d8fc9,Pengguna Google,https://play-lh.googleusercontent.com/EGemoI2NTXmTsBVtJqk8jxF9rh8ApRWfsIMQSt2uE4OcpQqbFu7f7NbTK05lx80nuSijCz7sc3a277R67g,aplikasi sangat membantu mohon di tambahkan kota di indonesia,5,0,5.0.0-16,2019-07-30 22:56:10,,,5.0.0-16
5d8f8dad-59ce-44ba-95ef-8b61a44d2988,Pengguna Google,https://play-lh.googleusercontent.com/EGemoI2NTXmTsBVtJqk8jxF9rh8ApRWfsIMQSt2uE4OcpQqbFu7f7NbTK05lx80nuSijCz7sc3a277R67g,"suka ga jelas, masa diwilayah bandung khususnya daerah ciwidey jam 22:00 polusinya 117. ngacau ini",5,0,5.0.0-16,2019-07-30 14:55:05,,,5.0.0-16
4c6fdd46-b1e0-4828-ab63-c327334ee7fe,Pengguna Google,https://play-lh.googleusercontent.com/EGemoI2NTXmTsBVtJqk8jxF9rh8ApRWfsIMQSt2uE4OcpQqbFu7f7NbTK05lx80nuSijCz7sc3a277R67g,bandung udaranya udah gak sebersih dulu -_-,5,0,5.0.0-16,2019-07-30 12:20:12,,,5.0.0-16
4de42777-af7c-44c3-9ab6-b32bde8f463f,Pengguna Google,https://play-lh.googleusercontent.com/EGemoI2NTXmTsBVtJqk8jxF9rh8ApRWfsIMQSt2uE4OcpQqbFu7f7NbTK05lx80nuSijCz7sc3a277R67g,Kita mengantisipasi dg pakai masker jika naik sepeda motor,5,0,5.0.0-16,2019-07-30 11:15:51,,,5.0.0-16
41d27cd9-eefb-4e3f-97aa-9fe4b1884681,Pengguna Google,https://play-lh.googleusercontent.com/EGemoI2NTXmTsBVtJqk8jxF9rh8ApRWfsIMQSt2uE4OcpQqbFu7f7NbTK05lx80nuSijCz7sc3a277R67g,Sangat membantu memantau kualitas udara di tempat saya tinggal,4,0,5.0.0-16,2019-07-30 06:39:56,,,5.0.0-16
ae40028c-a101-42c0-91de-2344d288a8c9,Pengguna Google,https://play-lh.googleusercontent.com/EGemoI2NTXmTsBVtJqk8jxF9rh8ApRWfsIMQSt2uE4OcpQqbFu7f7NbTK05lx80nuSijCz7sc3a277R67g,"Hmm, sangat membantu",4,0,5.0.0-16,2019-07-30 05:47:38,,,5.0.0-16
a054a945-e3f8-48ab-acde-6301b4188a9f,Pengguna Google,https://play-lh.googleusercontent.com/EGemoI2NTXmTsBVtJqk8jxF9rh8ApRWfsIMQSt2uE4OcpQqbFu7f7NbTK05lx80nuSijCz7sc3a277R67g,sangat membantu,5,0,5.0.0-16,2019-07-30 03:32:45,,,5.0.0-16
b5aff447-1b4f-4b58-94bd-4397ef056ff2,Pengguna Google,https://play-lh.googleusercontent.com/EGemoI2NTXmTsBVtJqk8jxF9rh8ApRWfsIMQSt2uE4OcpQqbFu7f7NbTK05lx80nuSijCz7sc3a277R67g,sangat membantu,5,0,5.0.0-16,2019-07-30 01:09:13,,,5.0.0-16
691d26ef-2ce7-41c3-97fd-1034e9f4837d,Pengguna Google,https://play-lh.googleusercontent.com/EGemoI2NTXmTsBVtJqk8jxF9rh8ApRWfsIMQSt2uE4OcpQqbFu7f7NbTK05lx80nuSijCz7sc3a277R67g,sangat membantu untuk beraktivitas,5,0,5.0.0-16,2019-07-30 00:03:32,,,5.0.0-16
a78bf1f3-3501-4a65-b3a5-79d599ee29e5,Pengguna Google,https://play-lh.googleusercontent.com/EGemoI2NTXmTsBVtJqk8jxF9rh8ApRWfsIMQSt2uE4OcpQqbFu7f7NbTK05lx80nuSijCz7sc3a277R67g,app yg sangat bagus utk mengetahui keadaan udara di lingkungan kita,5,5,5.2.0-9.11,2019-07-29 15:27:34,,,5.2.0-9.11
8d68ff2e-5c87-4e2e-9227-c82655cabccd,Pengguna Google,https://play-lh.googleusercontent.com/EGemoI2NTXmTsBVtJqk8jxF9rh8ApRWfsIMQSt2uE4OcpQqbFu7f7NbTK05lx80nuSijCz7sc3a277R67g,sangat membantu untuk saya,5,0,5.0.0-16,2019-07-29 13:57:12,,,5.0.0-16
8e821b83-3081-44b0-b458-bfb92930eb25,Pengguna Google,https://play-lh.googleusercontent.com/EGemoI2NTXmTsBVtJqk8jxF9rh8ApRWfsIMQSt2uE4OcpQqbFu7f7NbTK05lx80nuSijCz7sc3a277R67g,senang bisa tapi stress juga liat udara jakarta no. 1 didunia🥵😷😷😷,5,0,5.0.0-16,2019-07-28 09:19:17,,,5.0.0-16
62ec031b-a849-4d98-9a7d-ac1143c8399f,Pengguna Google,https://play-lh.googleusercontent.com/EGemoI2NTXmTsBVtJqk8jxF9rh8ApRWfsIMQSt2uE4OcpQqbFu7f7NbTK05lx80nuSijCz7sc3a277R67g,Kita bisa mengetahui kondisi udara di sekitar kita atau kota tertentu dari kontributor yg memiliki alat pengukur polusi udara,5,0,5.0.0-16,2019-07-28 08:14:00,,,5.0.0-16
41f5338f-a9db-4776-98f2-f466b220135b,Pengguna Google,https://play-lh.googleusercontent.com/EGemoI2NTXmTsBVtJqk8jxF9rh8ApRWfsIMQSt2uE4OcpQqbFu7f7NbTK05lx80nuSijCz7sc3a277R67g,sangat membantu,5,0,5.0.0-16,2019-07-27 23:53:56,,,5.0.0-16
dee1f36b-a962-46d3-b0ea-9a8671ee4f13,Pengguna Google,https://play-lh.googleusercontent.com/EGemoI2NTXmTsBVtJqk8jxF9rh8ApRWfsIMQSt2uE4OcpQqbFu7f7NbTK05lx80nuSijCz7sc3a277R67g,Sangat membantu.,5,0,5.0.0-16,2019-07-27 20:46:22,,,5.0.0-16
61805251-edc4-4232-8835-dad6196f804c,Pengguna Google,https://play-lh.googleusercontent.com/EGemoI2NTXmTsBVtJqk8jxF9rh8ApRWfsIMQSt2uE4OcpQqbFu7f7NbTK05lx80nuSijCz7sc3a277R67g,bagus bgt utk mengetahui udara di sekitar lingkungan,5,0,5.0.0-16,2019-07-27 15:44:50,,,5.0.0-16
2d612461-6894-4fca-ab1c-6259021a4843,Pengguna Google,https://play-lh.googleusercontent.com/EGemoI2NTXmTsBVtJqk8jxF9rh8ApRWfsIMQSt2uE4OcpQqbFu7f7NbTK05lx80nuSijCz7sc3a277R67g,sangat membantu,5,0,5.0.0-16,2019-07-27 03:34:52,,,5.0.0-16
8b21a1e3-f529-42b4-ae0d-70ffb53f5700,Pengguna Google,https://play-lh.googleusercontent.com/EGemoI2NTXmTsBVtJqk8jxF9rh8ApRWfsIMQSt2uE4OcpQqbFu7f7NbTK05lx80nuSijCz7sc3a277R67g,aplikasi air quality ini memang sangat membantu saya dalam beraktifitas,5,0,5.0.0-16,2019-07-26 22:52:18,,,5.0.0-16
08857e9a-eab5-4ea3-b4f5-5823c7b41530,Pengguna Google,https://play-lh.googleusercontent.com/EGemoI2NTXmTsBVtJqk8jxF9rh8ApRWfsIMQSt2uE4OcpQqbFu7f7NbTK05lx80nuSijCz7sc3a277R67g,"Mohon maaf, mau tanya apakah data yang di keluarkan itu konkret ? di handphone saya kualitas udara di bogor lebih buruk daripada jakarta dan bandung yang terparah dibanding kedua lainnya.",3,0,5.0.0-16,2019-07-26 18:51:31,"Hi Aditya, 
The AQI for a city is calculated on the median average of the stations in that city. If there's only 1 station, then we use that station AQI for that city. This is why you may read a bigger air quality index in Bogor. 
Please contact us via this link so our team can help: https://www.airvisual.com/contact 
The AirVisual team",2019-07-29 07:32:34,5.0.0-16
0cff7b5d-98e8-4b31-8586-a030b2d78c27,Pengguna Google,https://play-lh.googleusercontent.com/EGemoI2NTXmTsBVtJqk8jxF9rh8ApRWfsIMQSt2uE4OcpQqbFu7f7NbTK05lx80nuSijCz7sc3a277R67g,"Jadi tau akan kondisi udara di luar rumah, dan berbagi kota di tanah air, Terimakasih",5,0,5.0.0-16,2019-07-26 02:02:40,,,5.0.0-16
9af957dc-b45d-4879-97a2-3bdfd0a17914,Pengguna Google,https://play-lh.googleusercontent.com/EGemoI2NTXmTsBVtJqk8jxF9rh8ApRWfsIMQSt2uE4OcpQqbFu7f7NbTK05lx80nuSijCz7sc3a277R67g,oke membantu,5,0,5.0.0-16,2019-07-23 05:42:08,,,5.0.0-16
c9ffb976-dad1-4a3f-94f2-3d03c6ed5713,Pengguna Google,https://play-lh.googleusercontent.com/EGemoI2NTXmTsBVtJqk8jxF9rh8ApRWfsIMQSt2uE4OcpQqbFu7f7NbTK05lx80nuSijCz7sc3a277R67g,Sangat membantu. mencegah dg memakai masker.,5,0,5.0.0-16,2019-07-22 01:59:11,,,5.0.0-16
77bdc85f-db77-469a-9799-78606aa13a31,Pengguna Google,https://play-lh.googleusercontent.com/EGemoI2NTXmTsBVtJqk8jxF9rh8ApRWfsIMQSt2uE4OcpQqbFu7f7NbTK05lx80nuSijCz7sc3a277R67g,sangat bagus untuk mengetahui kwalitas udara di kota tujuan,5,0,5.0.0-16,2019-07-20 21:47:38,,,5.0.0-16
d7afb285-9eb8-4c7d-938a-417d62fa4a3e,Pengguna Google,https://play-lh.googleusercontent.com/EGemoI2NTXmTsBVtJqk8jxF9rh8ApRWfsIMQSt2uE4OcpQqbFu7f7NbTK05lx80nuSijCz7sc3a277R67g,"sangat membantu saya, terlebih saya yang hobi traveling",5,0,5.0.0-16,2019-07-19 09:23:52,,,5.0.0-16
9502fe0d-1fd7-45a6-913b-a9a886211fe3,Pengguna Google,https://play-lh.googleusercontent.com/EGemoI2NTXmTsBVtJqk8jxF9rh8ApRWfsIMQSt2uE4OcpQqbFu7f7NbTK05lx80nuSijCz7sc3a277R67g,sangat membantu,5,0,5.0.0-16,2019-07-17 23:05:07,,,5.0.0-16
825cdcdb-abb0-4db1-afea-3459b719cca9,Pengguna Google,https://play-lh.googleusercontent.com/EGemoI2NTXmTsBVtJqk8jxF9rh8ApRWfsIMQSt2uE4OcpQqbFu7f7NbTK05lx80nuSijCz7sc3a277R67g,sangat membantu sekali tentang kesehatan udara,5,0,5.0.0-16,2019-07-17 13:46:09,,,5.0.0-16
9fe73c3b-3fce-4f7a-8a30-7c644d1943bb,Pengguna Google,https://play-lh.googleusercontent.com/EGemoI2NTXmTsBVtJqk8jxF9rh8ApRWfsIMQSt2uE4OcpQqbFu7f7NbTK05lx80nuSijCz7sc3a277R67g,sangat membantu untuk melihat kualitas udara disekitar kita,5,0,5.0.0-16,2019-07-17 12:46:12,,,5.0.0-16
376ed76d-027c-49fc-8b50-4730f905aaec,Pengguna Google,https://play-lh.googleusercontent.com/EGemoI2NTXmTsBVtJqk8jxF9rh8ApRWfsIMQSt2uE4OcpQqbFu7f7NbTK05lx80nuSijCz7sc3a277R67g,Sangat membantu untuk saya yang sering traveling,5,0,5.0.0-16,2019-07-16 01:29:43,,,5.0.0-16
e9a2253a-2d47-43cc-9d32-46631a8f1230,Pengguna Google,https://play-lh.googleusercontent.com/EGemoI2NTXmTsBVtJqk8jxF9rh8ApRWfsIMQSt2uE4OcpQqbFu7f7NbTK05lx80nuSijCz7sc3a277R67g,"sangad sangad sangad membantu, thankyou! :)",5,0,5.0.0-16,2019-07-15 02:03:19,,,5.0.0-16
224a4078-3d8c-4704-8939-62ece74ff3a7,Pengguna Google,https://play-lh.googleusercontent.com/EGemoI2NTXmTsBVtJqk8jxF9rh8ApRWfsIMQSt2uE4OcpQqbFu7f7NbTK05lx80nuSijCz7sc3a277R67g,cukup membantu melihat kondisi kualitas udara di berbagai daerah.,3,0,5.0.0-16,2019-07-14 23:46:26,"Hi mulyana 04, 
Thank you for your message. We always try to improve the app. Please give us 1 point for improvement so that we can get your 5 stars review next time! Thanks.
The AirVisual team",2019-07-15 04:17:01,5.0.0-16
50484e7c-7d29-4215-b445-a3614e16e71c,Pengguna Google,https://play-lh.googleusercontent.com/EGemoI2NTXmTsBVtJqk8jxF9rh8ApRWfsIMQSt2uE4OcpQqbFu7f7NbTK05lx80nuSijCz7sc3a277R67g,aplikasi yang sangat membantu di dalam melihat kondisi cuaca. terutama dalam menyesuaikan apabila hendak bepergian ke luar.,4,2,5.0.0-16,2019-07-14 19:20:14,,,5.0.0-16
8d65d696-6271-4fc8-b0a4-c5b9259b68d5,Pengguna Google,https://play-lh.googleusercontent.com/EGemoI2NTXmTsBVtJqk8jxF9rh8ApRWfsIMQSt2uE4OcpQqbFu7f7NbTK05lx80nuSijCz7sc3a277R67g,sangat baik dan membantu,5,0,5.0.0-16,2019-07-14 12:12:06,,,5.0.0-16
285ca331-fc09-4416-ad0e-99e3daf140ae,Pengguna Google,https://play-lh.googleusercontent.com/EGemoI2NTXmTsBVtJqk8jxF9rh8ApRWfsIMQSt2uE4OcpQqbFu7f7NbTK05lx80nuSijCz7sc3a277R67g,semoga pendeteksi udaranya bisa di pasang di seluruh kota di dunia,5,0,,2019-07-13 19:37:03,,,
288be3f8-4e42-4108-9389-d6307a8caa10,Pengguna Google,https://play-lh.googleusercontent.com/EGemoI2NTXmTsBVtJqk8jxF9rh8ApRWfsIMQSt2uE4OcpQqbFu7f7NbTK05lx80nuSijCz7sc3a277R67g,bagus banyak membantu,4,0,,2019-07-13 09:10:13,,,
4d601cf4-00af-4011-acb6-a569984aef16,Pengguna Google,https://play-lh.googleusercontent.com/EGemoI2NTXmTsBVtJqk8jxF9rh8ApRWfsIMQSt2uE4OcpQqbFu7f7NbTK05lx80nuSijCz7sc3a277R67g,sangat keren aplikasi nya. saya bisa check real time tingkat polusi di seluruh kota Indonesia dan sekitarnya.,5,5,5.0.0-16,2019-07-11 13:47:45,,,5.0.0-16
ae5c55d9-7c30-45f8-be90-820d3ac9037a,Pengguna Google,https://play-lh.googleusercontent.com/EGemoI2NTXmTsBVtJqk8jxF9rh8ApRWfsIMQSt2uE4OcpQqbFu7f7NbTK05lx80nuSijCz7sc3a277R67g,Sangat Membantu..,5,0,5.0.0-16,2019-07-09 07:19:21,,,5.0.0-16
5b3ab4cf-bf62-44f6-adca-cfe1c5fdb771,Pengguna Google,https://play-lh.googleusercontent.com/EGemoI2NTXmTsBVtJqk8jxF9rh8ApRWfsIMQSt2uE4OcpQqbFu7f7NbTK05lx80nuSijCz7sc3a277R67g,sangat membantu,5,0,5.0.0-16,2019-07-06 10:31:24,,,5.0.0-16
9b05f69c-da67-43ca-b8e0-e25a7d3e5d93,Pengguna Google,https://play-lh.googleusercontent.com/EGemoI2NTXmTsBVtJqk8jxF9rh8ApRWfsIMQSt2uE4OcpQqbFu7f7NbTK05lx80nuSijCz7sc3a277R67g,ntap... jadi tau udara mana yng bagus / ga bagus,5,0,5.0.0-16,2019-07-06 04:21:57,,,5.0.0-16
7c679b80-fe0e-4f65-b26a-c44ab1fd1b6d,Pengguna Google,https://play-lh.googleusercontent.com/EGemoI2NTXmTsBVtJqk8jxF9rh8ApRWfsIMQSt2uE4OcpQqbFu7f7NbTK05lx80nuSijCz7sc3a277R67g,Sangat membantu.Semoga memberikan yg lebih baik dan lebih bagus lagi 😃😃😃,5,0,5.0.0-16,2019-07-05 23:47:10,,,5.0.0-16
8cdb1163-f44f-4628-aa29-b9de883b3f0e,Pengguna Google,https://play-lh.googleusercontent.com/EGemoI2NTXmTsBVtJqk8jxF9rh8ApRWfsIMQSt2uE4OcpQqbFu7f7NbTK05lx80nuSijCz7sc3a277R67g,terima kasih sangat membantu memantau keadaan udara,5,0,5.0.0-16,2019-07-05 14:18:08,,,5.0.0-16
37b1f729-6c73-4a61-9750-391b9156b547,Pengguna Google,https://play-lh.googleusercontent.com/EGemoI2NTXmTsBVtJqk8jxF9rh8ApRWfsIMQSt2uE4OcpQqbFu7f7NbTK05lx80nuSijCz7sc3a277R67g,Informasi realtime cuaca dan polusi udara merupakan satu kesatuan yang tidak dapat dipisahkan saat ini dan wajib ditampilkan di layar utama / layar kunci smartphone.,5,0,5.0.0-16,2019-07-05 00:33:05,,,5.0.0-16
f4e2f31d-be62-466f-b442-ccc7d3c888b9,Pengguna Google,https://play-lh.googleusercontent.com/EGemoI2NTXmTsBVtJqk8jxF9rh8ApRWfsIMQSt2uE4OcpQqbFu7f7NbTK05lx80nuSijCz7sc3a277R67g,Sangat membantu sekali,5,0,5.0.0-16,2019-07-04 12:52:43,,,5.0.0-16
3f90c6cf-b87a-428a-89ac-f9d326b20ab8,Pengguna Google,https://play-lh.googleusercontent.com/EGemoI2NTXmTsBVtJqk8jxF9rh8ApRWfsIMQSt2uE4OcpQqbFu7f7NbTK05lx80nuSijCz7sc3a277R67g,"terima kasih air visual .. karena apps ini, skrg aku tahu berapa kadar udara di sekitarku ..",5,0,5.0.0-16,2019-07-04 07:44:55,,,5.0.0-16
f67c060d-e81d-4a6f-b0fe-72ca0a30b1dd,Pengguna Google,https://play-lh.googleusercontent.com/EGemoI2NTXmTsBVtJqk8jxF9rh8ApRWfsIMQSt2uE4OcpQqbFu7f7NbTK05lx80nuSijCz7sc3a277R67g,sangat membantu dlm menjaga kesehatan tubuh kita terutama dlm bidang kesehatan udara dilingkungan kita sendiri.,4,1,,2019-07-03 03:30:52,,,
4d87b67e-44d2-4854-8023-80c7f0f9c8d7,Pengguna Google,https://play-lh.googleusercontent.com/EGemoI2NTXmTsBVtJqk8jxF9rh8ApRWfsIMQSt2uE4OcpQqbFu7f7NbTK05lx80nuSijCz7sc3a277R67g,sangat membantu,5,0,5.0.0-16,2019-07-02 13:25:24,,,5.0.0-16
d8111953-2969-460c-9ac7-5ce4d444e14f,Pengguna Google,https://play-lh.googleusercontent.com/EGemoI2NTXmTsBVtJqk8jxF9rh8ApRWfsIMQSt2uE4OcpQqbFu7f7NbTK05lx80nuSijCz7sc3a277R67g,aps ini sangat membantu,5,0,5.0.0-16,2019-07-01 23:54:56,,,5.0.0-16
95d27293-276d-49c8-9ecf-1de56d459ef6,Pengguna Google,https://play-lh.googleusercontent.com/EGemoI2NTXmTsBVtJqk8jxF9rh8ApRWfsIMQSt2uE4OcpQqbFu7f7NbTK05lx80nuSijCz7sc3a277R67g,jadi ingin singgah ke daerah yg kualitas udaranya masih baik.,4,3,5.0.0-16,2019-07-01 08:15:16,,,5.0.0-16
23a18213-fafe-4c21-bca1-ff1d24c9c161,Pengguna Google,https://play-lh.googleusercontent.com/EGemoI2NTXmTsBVtJqk8jxF9rh8ApRWfsIMQSt2uE4OcpQqbFu7f7NbTK05lx80nuSijCz7sc3a277R67g,sangat membantu👍👍,5,0,5.0.0-16,2019-06-30 04:35:10,,,5.0.0-16
8f5fbd5c-971f-422d-ac9a-51e974e69c2d,Pengguna Google,https://play-lh.googleusercontent.com/EGemoI2NTXmTsBVtJqk8jxF9rh8ApRWfsIMQSt2uE4OcpQqbFu7f7NbTK05lx80nuSijCz7sc3a277R67g,Benar-benar membantu,5,0,5.0.0-16,2019-06-30 02:38:06,,,5.0.0-16
ac5d358a-af39-4a84-a80f-12e0e2615fd6,Pengguna Google,https://play-lh.googleusercontent.com/EGemoI2NTXmTsBVtJqk8jxF9rh8ApRWfsIMQSt2uE4OcpQqbFu7f7NbTK05lx80nuSijCz7sc3a277R67g,SEJAUH INI SANGAT BAIK. SEMOGA TERUS MEMBERIKAN INFORMASI SEPUTAR KONDISI TERKINI UDARA DISETIAP KOTA DAN SARAN SEMOGA BISA LEBIH BANYAK LAGI DAFTAR KOTA DI INDONESIA YANG BISA TERDAFTAR DI APLIKASI INI,5,19,5.0.0-16,2019-06-29 11:35:43,,,5.0.0-16
ff65cebb-5070-4636-a3cd-1a2ed94a8204,Pengguna Google,https://play-lh.googleusercontent.com/EGemoI2NTXmTsBVtJqk8jxF9rh8ApRWfsIMQSt2uE4OcpQqbFu7f7NbTK05lx80nuSijCz7sc3a277R67g,bisa cek kualitas udara berbagai kota dalam waktu berbeda. hanya deretan waktu meragukan. masa kualitas waktu subuh lebih jelek dari siang hari? perlu pengaturan zona waktu.,3,6,5.0.0-16,2019-06-29 06:56:16,,,5.0.0-16
d7dce654-982c-460c-aef4-1c6783968733,Pengguna Google,https://play-lh.googleusercontent.com/EGemoI2NTXmTsBVtJqk8jxF9rh8ApRWfsIMQSt2uE4OcpQqbFu7f7NbTK05lx80nuSijCz7sc3a277R67g,sangat bagus untuk menilai kualitas udara. mungkin bisa ditambah ttg penilaian kuakitas uv dlm 1 hari biar tau kpn sebaiknya kita menghindari sengatan matahari or uv,5,3,5.0.0-16,2019-06-28 03:36:14,,,5.0.0-16
e76c8f7e-ee66-4562-b22c-cb5207bfb578,Pengguna Google,https://play-lh.googleusercontent.com/EGemoI2NTXmTsBVtJqk8jxF9rh8ApRWfsIMQSt2uE4OcpQqbFu7f7NbTK05lx80nuSijCz7sc3a277R67g,Sangat membantu,5,0,5.0.0-16,2019-06-27 11:00:54,,,5.0.0-16
2c3334ed-fcd2-4dfc-bf3a-573c580d850a,Pengguna Google,https://play-lh.googleusercontent.com/EGemoI2NTXmTsBVtJqk8jxF9rh8ApRWfsIMQSt2uE4OcpQqbFu7f7NbTK05lx80nuSijCz7sc3a277R67g,"Sangat membantu terutama prakiraannya, sehingga kita bisa persiapan jika tbtb keadaan memburuk. Terus ada notifikasi juga untuk rencana aktifitas di luar. 👍",5,8,5.0.0-16,2019-06-27 05:08:03,,,5.0.0-16
e8b3cb65-e4d0-42de-93b4-7fce12ec1f8d,Pengguna Google,https://play-lh.googleusercontent.com/EGemoI2NTXmTsBVtJqk8jxF9rh8ApRWfsIMQSt2uE4OcpQqbFu7f7NbTK05lx80nuSijCz7sc3a277R67g,sangat membantu melihat radiasi di kota yang saya tinggali,5,0,5.0.0-16,2019-06-26 10:53:50,,,5.0.0-16
606ae30d-1878-4539-8d12-b65417282fb4,Pengguna Google,https://play-lh.googleusercontent.com/EGemoI2NTXmTsBVtJqk8jxF9rh8ApRWfsIMQSt2uE4OcpQqbFu7f7NbTK05lx80nuSijCz7sc3a277R67g,dapat mengetahui dan mengantisipasi dampak dari polusi udara,5,3,5.0.0-16,2019-06-26 08:52:05,,,5.0.0-16
3dd4b43f-7275-4cb0-aca3-4ca9ca5ee619,Pengguna Google,https://play-lh.googleusercontent.com/EGemoI2NTXmTsBVtJqk8jxF9rh8ApRWfsIMQSt2uE4OcpQqbFu7f7NbTK05lx80nuSijCz7sc3a277R67g,informasi sangat membantu,5,1,5.0.0-16,2019-06-18 04:16:41,,,5.0.0-16
5b44435e-0d7e-4656-938b-c62f6d69be58,Pengguna Google,https://play-lh.googleusercontent.com/EGemoI2NTXmTsBVtJqk8jxF9rh8ApRWfsIMQSt2uE4OcpQqbFu7f7NbTK05lx80nuSijCz7sc3a277R67g,Sangat membantu😂,5,0,5.0.0-16,2019-04-25 03:31:29,,,5.0.0-16
9a44610f-724f-4cff-88b5-ae7f251d1812,Pengguna Google,https://play-lh.googleusercontent.com/EGemoI2NTXmTsBVtJqk8jxF9rh8ApRWfsIMQSt2uE4OcpQqbFu7f7NbTK05lx80nuSijCz7sc3a277R67g,Sangat membantu,5,0,,2019-04-14 18:06:39,,,
21704f3a-68ba-42a8-aeed-802cb9b04526,Pengguna Google,https://play-lh.googleusercontent.com/EGemoI2NTXmTsBVtJqk8jxF9rh8ApRWfsIMQSt2uE4OcpQqbFu7f7NbTK05lx80nuSijCz7sc3a277R67g,bagus.. jd tau ternyata cuaca cerah belum tentu udaranya bagus apalagi,5,18,5.0.0-16,2019-04-03 01:40:09,,,5.0.0-16
6b432c35-045b-4829-9e57-71479a6e6625,Pengguna Google,https://play-lh.googleusercontent.com/EGemoI2NTXmTsBVtJqk8jxF9rh8ApRWfsIMQSt2uE4OcpQqbFu7f7NbTK05lx80nuSijCz7sc3a277R67g,mantapp sgt membantu,5,0,5.0.0-16,2019-03-25 10:25:23,,,5.0.0-16
fbf0e908-6411-4426-b078-4de939ab8f67,Pengguna Google,https://play-lh.googleusercontent.com/EGemoI2NTXmTsBVtJqk8jxF9rh8ApRWfsIMQSt2uE4OcpQqbFu7f7NbTK05lx80nuSijCz7sc3a277R67g,"cuman mau kasih tau aja. sia2 pakai aplikasi, dari pemerintah saja sebutkan bahwa kita belum punya alat PM 2.5 , masih PM 10 yang belum akurat buat kualitas udara kita",3,3,5.0.0-16,2019-02-20 19:28:10,,,5.0.0-16
e413029a-97ae-4f82-9c94-7e0f0d06d28e,Pengguna Google,https://play-lh.googleusercontent.com/EGemoI2NTXmTsBVtJqk8jxF9rh8ApRWfsIMQSt2uE4OcpQqbFu7f7NbTK05lx80nuSijCz7sc3a277R67g,sangat membantu 👍,5,1,5.0.0-16,2019-02-14 08:21:14,,,5.0.0-16
268e2eeb-30c0-4cce-8cee-d1ccdabb4e2c,Pengguna Google,https://play-lh.googleusercontent.com/EGemoI2NTXmTsBVtJqk8jxF9rh8ApRWfsIMQSt2uE4OcpQqbFu7f7NbTK05lx80nuSijCz7sc3a277R67g,sangat membantu untuk mengetahui udara diluar,5,3,5.0.0-16,2019-02-01 13:40:53,,,5.0.0-16
c178ae9a-ed75-47dd-a53e-670bfc5b8c01,Pengguna Google,https://play-lh.googleusercontent.com/EGemoI2NTXmTsBVtJqk8jxF9rh8ApRWfsIMQSt2uE4OcpQqbFu7f7NbTK05lx80nuSijCz7sc3a277R67g,"Aplikasi bagus untuk mengetahui seberapa bersih kualitas udara disekitar kita serta terdapat anjurannya juga ketika kualitas udara baik, sedang, buruk, dan buruk sekali. Sangat bermanfaat.. semoga tetap terupdate dan semakin maju.. 👏",5,2,4.2.1-19,2018-09-06 01:48:14,,,4.2.1-19
5edcaac1-5eb6-45aa-8ce1-e6ed4fb3a461,Pengguna Google,https://play-lh.googleusercontent.com/EGemoI2NTXmTsBVtJqk8jxF9rh8ApRWfsIMQSt2uE4OcpQqbFu7f7NbTK05lx80nuSijCz7sc3a277R67g,Bagus bisa tau kadar udara sehat dan tidaknya,5,1,4.2.1-19,2018-09-04 10:26:37,,,4.2.1-19
a4aae850-27b0-45a7-9bdb-cb00877233f7,Pengguna Google,https://play-lh.googleusercontent.com/EGemoI2NTXmTsBVtJqk8jxF9rh8ApRWfsIMQSt2uE4OcpQqbFu7f7NbTK05lx80nuSijCz7sc3a277R67g,Bagus utk mengetahui kadar polusi terutama dari visual map 👍,5,1,4.2.1-19,2018-07-01 06:24:10,,,4.2.1-19
62fb55eb-201a-45fa-b21d-5e51392e165d,Pengguna Google,https://play-lh.googleusercontent.com/EGemoI2NTXmTsBVtJqk8jxF9rh8ApRWfsIMQSt2uE4OcpQqbFu7f7NbTK05lx80nuSijCz7sc3a277R67g,"Aplikasi nya Bagus, btw apa si perbedaan US AQI sama CN AQI??",5,1,4.2.1-19,2018-06-12 09:51:01,"Halo,

Terima kasih telah menggunakan aplikasi kami.
Perbedaan antara US AQI dan CN AQI adalah:
1. US AQI: standar yang diterapkan oleh Amerika Serikat.
2. CN AQI: standar yang diterapkan oleh China.
3. Indeks US AQI lebih ketat dari CN AQI.

Jadi, kami sarankan anda untuk menggunakan US AQI dalam mengamati kualitas udara di sekitar anda.",2018-06-12 11:00:01,4.2.1-19
571e3549-c676-4ea3-ba3f-d7650e30b500,Pengguna Google,https://play-lh.googleusercontent.com/EGemoI2NTXmTsBVtJqk8jxF9rh8ApRWfsIMQSt2uE4OcpQqbFu7f7NbTK05lx80nuSijCz7sc3a277R67g,"Klau buat yg di tangerang gak ada ya? Atau pakai yg di jakarta selatan? 
Makasih..",3,2,4.0.0-62,2018-04-19 16:06:31,,,4.0.0-62
