conversation_id_str;created_at;favorite_count;full_text;id_str;image_url;in_reply_to_screen_name;lang;location;quote_count;reply_count;retweet_count;tweet_url;user_id_str;username
2,07207E+18;Tue Jun 30 22:19:17 +0000 2026;1;Polusi udara pagi hari ini pukul 6 am pasti akan baik pd waktu siang jg akan baik jika di pesisir laut utara Jakarta tdk mengeluarkan asap yg berlebih dari pabrik seperti pabrik Asahi tapical Smart PLTU tj priok Muara Karang karena di lautan tidak mungkin terjadi kebakaran hutan https://t.co/vvlCyCQymn;2,07208E+18;https://pbs.twimg.com/media/HMGEHiHaoAAnLrq.jpg;jakarta7268;in;;0;1;0;https://x.com/undefined/status/2072082573220548773;1,88109E+18;
2,07207E+18;Tue Jun 30 21:21:01 +0000 2026;1;https://t.co/LXpDCU6BnQ Data polusi udara Jakarta hari Selasa selama 24 jam yang di mana Di hari ini pada waktu subuh pabrik Wings terbakar dan mengakibatkan tanggal 1 hari Rabu Polisi Udara rendah banget di Jakut. Sudah ketahuan bukan sumber polusi udara dari mana asap pabrik;2,07207E+18;;jakarta7268;in;;0;1;0;https://x.com/undefined/status/2072067908260200744;1,88109E+18;
2,07201E+18;Tue Jun 30 17:33:20 +0000 2026;1;Gas asap beracun msh keluar ke udara tanpa di filter. Cerobong pembawa petakanya ini pass di seberangnya old shanghai agung sedayu city klp gading. Duh.. kejii bgt yaa pabrik inii.. tdk memiliki rasa kemanusiaan sama sekali. Gak peduli dgn keselamatan hidup jutaan warga jakarta;2,07201E+18;;;in;;0;1;0;https://x.com/undefined/status/2072010610154570096;2,01962E+18;
2,07197E+18;Tue Jun 30 15:53:43 +0000 2026;3;Tiga orang. Hari yang sama. Tiga lokasi kerusuhan berbeda di Jakarta. Pola yang sama: orang tak dikenal muncul di tengah kekacauan massa lalu korban lenyap tanpa jejak. Ini bukan kebetulan statistik. Ini operasi yang memanfaatkan kerusuhan sebagai tirai asap. https://t.co/t5a8AWc6T7;2,07199E+18;https://pbs.twimg.com/media/HMEr3OtW0AAj1N-.png;dimarsasongko98;in;;0;1;0;https://x.com/undefined/status/2071985541726572964;1,78162E+18;
2,07197E+18;Tue Jun 30 15:37:13 +0000 2026;1;@gintokiorder WKWKWKW IYAA di jakarta udaranya jelek bgt bikin org cepet sakit... aku di jogja sehat terus tp begitu ke jakarta ada ajalah tb tb meriang or batuk pilek Ga perlu ke lembang atau pangalengannn daerah pasteur sm itb aja udh sejuk pol ;2,07198E+18;;gintokiorder;in;;0;1;0;https://x.com/undefined/status/2071981387931062404;1,11981E+18;
2,07194E+18;Tue Jun 30 15:11:40 +0000 2026;1;@DPR_RI Terima kasih krn hari ini polusi udara level kuning bs terjadi. Setelah 29 hari tanpa hentik polusi udara Jakarta sgt buruk dan memprihatinkan keadaannya.. Tolong kawasan kelapa gading pegangsaan klender dlm pengawasan yg ketat masalah asap gas be;2,07197E+18;;DPR_RI;in;;0;0;0;https://x.com/undefined/status/2071974957937254824;2,01962E+18;
2,07165E+18;Tue Jun 30 05:54:40 +0000 2026;0;Polusi udara yang berasal dari Marunda ini terdorong angin masuk ke dalam kota Jakarta karena arah angin dari Timur menuju ke barat semua asap ini akan terdorong sampai ke Gambir Monas dan ke Istana Negara Tergantung kecepatan angin mendorongnya. Pelakunya dmn yg sakit dmn https://t.co/mkhLpj02OB;2,07183E+18;https://pbs.twimg.com/media/HMCiwQiWUAAfZp7.jpg;jakarta7268;in;;0;1;0;https://x.com/undefined/status/2071834785815679484;1,88109E+18;
2,07183E+18;Tue Jun 30 05:31:23 +0000 2026;1;12:29 pm polusi udara siang hari ini. Paling buruk dan kg menjadi sumber asapnya adalah di itu sesuai foto. Kawasan Marunda kasihan pekerja di gedung pelindo sedot asap beracun mulu. Tp gpp mereka bodoh inii gak ngerti juga mereka ituu apaan pemda jakarta mana ya ?? https://t.co/8KM319Tigd;2,07183E+18;https://pbs.twimg.com/media/HMCdaxTWIAE8KJX.jpg;;in;;0;1;1;https://x.com/undefined/status/2071828925102305371;2,01962E+18;
2,07182E+18;Tue Jun 30 05:25:31 +0000 2026;0;@akukinaaa Jakarta. Apapun ada termasuk kena ispa tbc dan penyakit penyakit mematikan lainnya.;2,07183E+18;;akukinaaa;in;;0;0;0;https://x.com/undefined/status/2071827451102282171;110090649;
2,07179E+18;Tue Jun 30 02:47:01 +0000 2026;1;Jakarta ini kenapa ya banyak galian terus Macet debu. Ampun deh;2,07179E+18;;;in;;0;1;0;https://x.com/undefined/status/2071787564466622547;1,98019E+18;
2,07178E+18;Tue Jun 30 02:15:24 +0000 2026;4;pagiii! semuaaa jastipan udah aman sampai jakarta ya guys untuk shipping aku share asap yaa thank you yang udah jastip korea sama akuuu semoga kapan kapan bisa open jastip korea lagi https://t.co/lQPFKawHpX;2,07178E+18;https://pbs.twimg.com/media/HMBwinpbkAA6NT7.jpg;;in;;2;1;0;https://x.com/undefined/status/2071779607813243342;1,29268E+18;
2,07176E+18;Tue Jun 30 01:07:52 +0000 2026;0;dear diary hari ini jakarta berembun tapi aku gatau itu embun apa asap. . . https://t.co/UtY168B0nA;2,07176E+18;https://pbs.twimg.com/media/HMBhHQ3bQAAWn0R.jpg;;in;;0;6;0;https://x.com/undefined/status/2071762612279533853;2,05855E+18;
2,07165E+18;Mon Jun 29 20:30:37 +0000 2026;0;3:30 am telah terjadi penurunan kadar polusi udara di Jakarta Utara asap pabrik udah mulai pasang filter. Padahal kemarin subuh kehadiran tidak pernah seperti ini merah terus sampai jam 12.00 siang. Padahal saat ini hembusan angin hampir nol tidak ada https://t.co/5veqzxfDau;2,07169E+18;https://pbs.twimg.com/media/HMAhlXGbUAANbpo.jpg;jakarta7268;in;;0;1;0;https://x.com/undefined/status/2071692838627106926;1,88109E+18;
2,07158E+18;Mon Jun 29 17:32:53 +0000 2026;0;@DPR_RI https://t.co/TVskTfUH59 Data keadaan Polusi udara Jakarta saat ini di waktu gelap- subuh.. Dr sore 5 pm - mlm 10 pm asap bakar sampah rdf Rorota. Jem segini 12 am asap pabrik dr agung sedayu city klp gading. Tolong di sidam dan di atasi yaa;2,07165E+18;;DPR_RI;in;;0;1;0;https://x.com/undefined/status/2071648110191706300;1,88109E+18;
2,07165E+18;Mon Jun 29 17:28:44 +0000 2026;1;#Asean #Fifa #trending #PabrikWingsSumberPolusiUdara #BakarSampah #Smog #PM25 #Jakarta🇮🇩 #AirPollution #apartemen #KendalikanAsapPLTU Selasa 30/06/2026 12:28 am Polusi udara yang disebabkan oleh asap beracun dari pabrik yang sudah berlangganan di Jakarta Utara kembali meningkat https://t.co/rH9YKePcpf;2,07165E+18;https://pbs.twimg.com/media/HL_4BuDaEAAVkHp.jpg;;in;;1;1;0;https://x.com/undefined/status/2071647066980221433;1,88109E+18;
2,07156E+18;Mon Jun 29 17:16:52 +0000 2026;1;@DKIJakarta Penanganan polusi udara harus sigap gercep sprti ini pemda Jakarta.. atasi polusi udara itu urusan 5 menit. Kenapa sdh 5 thn masalah polusi udara asap beracun gak kelar2. Aku aja yg catat polusi uda 6 thn loh. Kerja yg berkualitas yaa pemda Jk;2,07164E+18;https://pbs.twimg.com/ext_tw_video_thumb/2071643931402805248/pu/img/zievyrHgyT8tRlR4.jpg;DKIJakarta;in;;0;0;0;https://x.com/undefined/status/2071644081529241758;1,88109E+18;
2,07131E+18;Mon Jun 29 15:08:40 +0000 2026;0;10:07 pm pelaku pembuat polusi udara di Jakarta adanya disisi Timur Kota Jakarta yaitu di rdf Rorotan dipegangsaan kombinasi antara bakar sampah dan asap pabrik lalu asap beracun ini terdorong angin karena durasi waktunya lama sampailah ke pusat kota Jakarta seperti pada foto ini https://t.co/eY5XmrOpwK;2,07161E+18;https://pbs.twimg.com/media/HL_X9sEbEAApkFe.jpg;jakarta7268;in;;0;1;0;https://x.com/undefined/status/2071611815620931754;1,88109E+18;
2,07148E+18;Mon Jun 29 06:09:16 +0000 2026;8;ᅠ 𝐏𝐚𝐠𝐢 𝐒𝐨𝐫𝐞 𝐉𝐚𝐤𝐚𝐫𝐭𝐚 𝐒𝐞𝐥𝐚𝐭𝐚𝐧. hihihiw mam siang pagi ini ditemani ciwi-ciwi cantikku! sekalian menghimbur mbak asma yang lagi basah dan mbak melati yang dikit lagi mau terbang jauh. ᅠ https://t.co/kdEkt8y6H2;2,07148E+18;https://pbs.twimg.com/media/HL9cgbZb0AAPZWL.jpg;;in;;2;4;6;https://x.com/undefined/status/2071476074240970981;2,05404E+18;
2,07093E+18;Sun Jun 28 06:22:17 +0000 2026;2;1:21 pm keadaan polusi udara Jakarta siang hari ini di hari Minggu. Keadaan polusi udara Jakarta baru membaik seperti ini di hari ini setelah berhari-hari langitnya selalu buruk terlihat mendung padahal diselimuti asap beracun polusi udara. https://t.co/ict8O2TGny;2,07112E+18;https://pbs.twimg.com/media/HL4V5kJbgAAMErl.jpg;jakarta7268;in;;1;1;0;https://x.com/undefined/status/2071116961816236194;1,88109E+18;
2,07093E+18;Sat Jun 27 20:15:20 +0000 2026;2;@infoBMKG @dinaslhdki @DKIJakarta @pramonoanung @jkt_smartcity 3:15 am bukti-bukti yang memperlihatkan bahwa dari Kelapa Gading gangsaan asap Polusi yang dikeluarkan oleh pabrik yang tidak diawasi oleh pemerintah itu benar-benar dahsyat keburukannya dan t;2,07096E+18;https://pbs.twimg.com/media/HL2K-e4boAAMHB2.jpg;jakarta7268;in;;0;1;0;https://x.com/undefined/status/2070964218182987945;1,88109E+18;
2,07093E+18;Sat Jun 27 17:42:16 +0000 2026;2;#Asean #Fifa #trending #PabrikWingsSumberPolusiUdara #BakarSampah #Smog #PM25 #Jakarta🇮🇩 #AirPollution #apartemen #KendalikanAsapPLTU Minggu 28/06/2026 12:41 am Belum lama meningmati udara level orange sdh naik aja ke merah lagi. Disebabkan asap dr pabrik Wings !! Jahat yaa https://t.co/Y4PDy6521j;2,07093E+18;https://pbs.twimg.com/media/HL1n8gcagAAg3b5.jpg;;in;;1;1;0;https://x.com/undefined/status/2070925697372102994;1,88109E+18;
2,07051E+18;Fri Jun 26 14:21:33 +0000 2026;35;MALING VELG BAN Jakarta Barat Pliss siapapunnn yg kenal let me know asap! Badjingaaann bgt velg sm ban dimalinginnn!!! cc:threaddellice_ https://t.co/e29lu4eJz5;2,07051E+18;https://pbs.twimg.com/amplify_video_thumb/2070512654129762305/img/meydMr7WaKHDIxtp.jpg;;in;;2;5;13;https://x.com/undefined/status/2070512794949255495;713391896;
2,07036E+18;Fri Jun 26 03:54:54 +0000 2026;161;Bantargebang sudah puluhan tahun jadi tempat buang sampahnya Jakarta. Bau kotor tapi ditahan. Kata mereka ini demi kepentingan bersama. Sekarang dibangun proyek pengolahan sampah jadi listrik PSEL katanya solusi modern hijau progresif. Yang kena debunya? Warga;2,07036E+18;;;in;;1;4;30;https://x.com/undefined/status/2070355094915473686;1,78162E+18;
2,07001E+18;Thu Jun 25 05:12:10 +0000 2026;6;@bps_statistics Rakyat kecil lagi berjuang mati-matian biar bisa makan sehari-hari eh pemerintah malah sibuk ngitung-ngitung berapa sih omset lo? Berapa karyawan? Punya AC berapa? Emas berapa gram? Kalau dijual berapa? Kayaknya moto resmi BPS sekarang: Ra;2,07001E+18;https://pbs.twimg.com/amplify_video_thumb/2070011071872802816/img/2uii9GG6kxftrIfx.jpg;bps_statistics;in;;0;0;1;https://x.com/undefined/status/2070012151931281795;1,41047E+18;
2,06985E+18;Thu Jun 25 04:01:15 +0000 2026;2;10:58 am keadaan polusi udara jakarta yg msh buruk di siang hari ini.. asap tebal bersumber di Marunda dan dr klp gading. Kota jakarta sdh salah Urus oleh pemda nyaa https://t.co/0BkVoLCjc2;2,06999E+18;https://pbs.twimg.com/media/HLoY1VvaEAAFeJ1.jpg;redbold7177;in;;0;1;0;https://x.com/undefined/status/2069994306153369694;2,01962E+18;
2,06984E+18;Wed Jun 24 20:42:41 +0000 2026;2;3:41 am Sunter mendapatkan kiriman asap polusi udara yang berasal dari Kelapa Gading Sisi sebelah timurnya terdorong angin timur ke arah barat maka sampailah ke Sunter Kemayoran Ancol jis Pademangan Gunung Sahari dan pusat kota Jakarta https://t.co/Xfp5zYjrhf;2,06988E+18;https://pbs.twimg.com/media/HLm0d_PbsAAj2gp.jpg;jakarta7268;in;;1;1;0;https://x.com/undefined/status/2069883937216954554;1,88109E+18;
2,06985E+18;Wed Jun 24 18:25:07 +0000 2026;2;1:23 am polusi udara Kelapa gading jakut sdh meningkat dr 53 ke 65 merah. Bau busuk asap yg di hasilkan oleh pabrik sabun Wings sdh mulai sgt2 terasa dan jelas tercium. Hal ini menandakan kepekatam asap yg tinggi di idara bebas jakarta. Ini adalah gas beracun dan berdebu hitam https://t.co/cwEqwWzv1y;2,06985E+18;https://pbs.twimg.com/media/HLmU-hdbIAAR-4C.jpg;;in;;1;1;0;https://x.com/undefined/status/2069849315737252067;2,01962E+18;
2,06951E+18;Wed Jun 24 07:36:58 +0000 2026;2;Polusi udara Jakarta pd hari ini keadaannya buruk banget. Langit terlihat mendung- tetapi gak mendung - itu asap polusi udara yg pekat banget yg menutupi sinar Matahari unt sampai ke Bumi Jakarta. Kog ultah jakarta bgini banget yaa- parahh https://t.co/Sx8Yckpldm;2,06969E+18;https://pbs.twimg.com/media/HLkAoASXoAARQsy.jpg;redbold7177;in;;0;1;0;https://x.com/undefined/status/2069686202345955809;2,01962E+18;
2,06941E+18;Tue Jun 23 13:13:17 +0000 2026;5;BTS concerts Bangkok ️️ Kuala Lumpur ️️ Singapore ️️ Jakarta ️️ Bulacan ️️ RIP MONEY AND HOPEFULLY MORE MONEY WILL COME ASAP ;2,06941E+18;;;en;;1;0;0;https://x.com/undefined/status/2069408453278458143;1,03557E+18;
2,0694E+18;Tue Jun 23 12:40:37 +0000 2026;127; Cheer For Our Duality NCT JNJM DUALITY IN JAKARTA ⊹ Get Your Drink JNJM Too Hot! By @jaexxu_ &amp @itsmecdwj 4 Juli 2026 Tennis Indoor Senayan 𓏲ּ𝄢 more details will be announced asap! https://t.co/NqOGFmBvuk;2,0694E+18;https://pbs.twimg.com/media/HLf8iUda0AAvSxg.jpg;;en;;1;4;83;https://x.com/undefined/status/2069400233260503071;1,42532E+18;
2,06939E+18;Tue Jun 23 11:46:11 +0000 2026;401; Cheer For Our Duality NCT JNJM DUALITY IN JAKARTA ⊹ Get Your Drink JNJM Too Hot! By @jaexxu_ &amp @itsmecdwj 4 Juli 2026 Tennis Indoor Senayan 𓏲ּ𝄢 more details will be announced asap! https://t.co/msMkW0gMbe;2,06939E+18;https://pbs.twimg.com/media/HLfwFMqbQAACTFT.jpg;;en;;3;6;271;https://x.com/undefined/status/2069386534013612107;1,35729E+18;
2,06936E+18;Tue Jun 23 10:00:10 +0000 2026;11;Di tengah ancaman El Nino polusi udara Jakarta yang melebihi standar nasional memicu jutaan kasus ISPA pada pekerja lapangan dan warga mendorong desakan agar pemerintah segera memangkas emisi dan menjalankan putusan hukum. https://t.co/Kl9jv35GIb;2,06936E+18;;;in;;0;0;1;https://x.com/undefined/status/2069359852665856065;483310591;
2,06931E+18;Tue Jun 23 06:56:27 +0000 2026;290;Guys ada titipan loker dari temanku. Hi everyone! Usaha Tiga Bersaudara is #hiring for Admin Project. Requirements: - Diploma or Bachelor's degree any major - Fresh graduate are welcome to apply experienced as project admin is an advantage - Proficient in Microsoft Office ;2,06931E+18;;;en;;1;3;35;https://x.com/undefined/status/2069313618265735406;9,7561E+17;
2,06904E+18;Mon Jun 22 13:09:00 +0000 2026;6; We re Hiring Talent Acquisition Join our team and help us connect top talents with the right opportunities! Dermaesthetics Group Head Office (Central Jakarta) Minimum 1 years of experience &amp must have experience recruiting in hospitals or aesthetic/beauty clinics https://t.co/9I7eKMo7oG;2,06904E+18;https://pbs.twimg.com/media/HLaCrCXa0AATsQf.jpg;;en;;0;0;0;https://x.com/undefined/status/2069044985819775139;169872839;
2,06904E+18;Mon Jun 22 13:03:50 +0000 2026;2;2 konser yang gw ikutin selalu dipuji perkara congor dan inilah alasan gw jarang up fancam karna malu sama suara gw sendiri. kyknya exo sama cortis ni PCD deh abis dari jakarta. comeback ASAP ya kalian! ERINA &amp COERINA WE DO HAVE A GREAT CONGOR #exo_in_jakarta #AlloFest2026 https://t.co/oBLqzC671w;2,06904E+18;https://pbs.twimg.com/amplify_video_thumb/2069043593302671360/img/9iEV-VphJb2FYwNW.jpg;;in;;0;0;1;https://x.com/undefined/status/2069043686101639356;1,27795E+18;
2,06903E+18;Mon Jun 22 11:55:06 +0000 2026;4;JAKARTA BARAT Sebuah tamparan keras tentang arti kesabaran dan empati baru saja dibagikan oleh seorang warganet pada Senin pagi 22 Juni 2026. Di balik layar aplikasi pemesanan makanan digital yang sering kita anggap sekadar angka dan estimasi waktu ternyata ada taruhan nyawa https://t.co/d2lGysWptM;2,06903E+18;https://pbs.twimg.com/media/HLaoh_VacAA5Ak3.jpg;;in;;0;0;0;https://x.com/undefined/status/2069026388364206217;1195220365;
2,06897E+18;Mon Jun 22 08:04:42 +0000 2026;6;Polusi Jakarta bikin batuk udah hampir 2 minggu gak sembuh-sembuh. https://t.co/zzMMDOqV3j;2,06897E+18;https://pbs.twimg.com/media/HLZzwqLbIAANGho.jpg;;in;;0;1;0;https://x.com/undefined/status/2068968407249428842;67899293;
2,06878E+18;Mon Jun 22 07:34:53 +0000 2026;2;Betapa kotor ya wajah kita jika muter di jalanan jakarta apalagi yg di dalam paru2 nih.. kacauu polusi udara beracun yg di sebabkan oleh asap pabrik PLTU dan bakar sampah https://t.co/gYktrVUru0;2,06896E+18;https://pbs.twimg.com/media/HLZs-XBbgAE4Std.jpg;redbold7177;in;;0;1;0;https://x.com/undefined/status/2068960904981717147;2,01962E+18;
2,06889E+18;Mon Jun 22 03:58:07 +0000 2026;2;@DPR_RI Parah bgt polusi udara siang hari ini.. inii penyakit nih bagi seluruh penduduk Jakarta langit ke tutupan oleh asap polusi udara yg pekat banget !!! https://t.co/BRWiswlLvd;2,06891E+18;https://pbs.twimg.com/media/HLY7WjdacAAif-n.jpg;DPR_RI;in;;0;1;0;https://x.com/undefined/status/2068906350781050991;2,01962E+18;
2,06878E+18;Sun Jun 21 19:19:06 +0000 2026;2;2:18 am polusi udara Jakarta kembali meningkat. Asap bakar sampah- asap PLTU- asap pabrik yg dgn sengaja melepaskan filter asap beracunnya agar asap ini tersebar ke udara bebas dan terhirup oleh warga jakarta https://t.co/P7bO6wY1qD;2,06878E+18;https://pbs.twimg.com/media/HLXEkT_bIAA-J4T.jpg;;in;;0;2;0;https://x.com/undefined/status/2068775739483373597;2,01962E+18;
2,06876E+18;Sun Jun 21 18:21:21 +0000 2026;2;#Asean #Fifa #trending #PabrikWingsSumberPolusiUdara #BakarSampah #Smog #PM25 #Jakarta🇮🇩 #AirPollution #apartemen #KendalikanAsapPLTU Senin 22/06/2026 1:20 am Asap pabrik sabun Wings ssh mulai dilepas ke udara bebas tanpa di filter. Mengerikan. Racun udara PM 2.5 dan Gas beracun https://t.co/UDLZZZBnFR;2,06876E+18;https://pbs.twimg.com/media/HLW3WhPbkAA8alJ.jpg;;in;;1;1;1;https://x.com/undefined/status/2068761205490237752;1,88109E+18;
2,06856E+18;Sun Jun 21 04:58:20 +0000 2026;2;Pagi itu 19 Oktober 1987 kabut tipis masih menyelimuti tikungan rel km 17+252 di Pondok Betung Bintaro. Udara pagi yang sejuk tiba-tiba berubah menjadi neraka dalam hitungan detik. KA Patas Merak yang melaju dari arah Merak menuju Jakarta bertabrakan frontal dengan KA Lokal https://t.co/MHeOg73bi6;2,06856E+18;https://pbs.twimg.com/media/HLT_LeXbgAAlfGa.jpg;;in;;1;0;0;https://x.com/undefined/status/2068559116956807261;2,06435E+18;
2,06846E+18;Sat Jun 20 22:07:32 +0000 2026;10;Sisi Gelap Jakarta Saat 'Pilihan Terakhir' Menjadi Satu-Satunya Jalan Bertahan Hidup ‼️ -Di balik gemerlap lampu gedung pencakar langit dan riuhnya pusat kota ada pejuang malam yang tak pernah terlihat di media sosial. -Banyak pekerja yang terjun ke dunia malam ini bukan https://t.co/Q7N360bK0D;2,06846E+18;https://pbs.twimg.com/media/HLShh6AaAAAdOUN.jpg;;in;;0;4;0;https://x.com/undefined/status/2068455738968830365;2,04397E+18;
2,06842E+18;Sat Jun 20 19:46:25 +0000 2026;12;SUMPAH CORTIS GUE MAKSA BANGET KALIAN HARUS NAMBAH WORLD TOUR KE JAKARTA YA!!!!!ENERGY COER INDO MANTEP2 bangett BOLEH BANGET DI ADU SAMA YANG LAIN literally cortis nyanyi ampe ketutupan suara COER INA saking kayakkkk noraebang moshing mantaffgue pun memperagakan ituuu️‍;2,06842E+18;;;in;;0;0;0;https://x.com/undefined/status/2068420222537826578;1,43564E+18;
2,0679E+18;Fri Jun 19 09:11:33 +0000 2026;11; SURVIVAL KIT MAHASISWA TURUN AKSI: 10 Hal Wajib Tahu Sebelum Berangkat Beberapa minggu terakhir aksi mahasiswa makin meluas di banyak kota. Apapun tuntutan yang kamu bawa keselamatan tetap nomor satu. Ini checklist &amp tips praktisnya 1. Daftar dulu lewat koordinator/BEM https://t.co/2jzA621pfc;2,0679E+18;https://pbs.twimg.com/media/HLKmVArawAEZ_Kg.jpg;;in;;0;0;5;https://x.com/undefined/status/2067898067970580730;1,37002E+18;
2,06787E+18;Fri Jun 19 07:46:00 +0000 2026;2;@Hidupsebagai62 Morowali PDRB Rp 1 miliar/kapita. tapi kemiskinan masih ada kenapa? PDRB itu dihitung: nilai semua barang/jasa yang diproduksi di daerah itu . smelter nikel produksi 100T itu masuk PDRB Morowali. yang punya smelter konglomerat dan investor;2,06788E+18;;Hidupsebagai62;in;;0;1;0;https://x.com/undefined/status/2067876537102459249;1,62329E+18;
2,06782E+18;Fri Jun 19 04:02:00 +0000 2026;2;Pemerintah Wanti-wanti Ancaman Karhutla 2026 Enam Provinsi Jadi Prioritas Pengawasan Jakarta Pemerintah mengingatkan ancaman kebakaran hutan dan lahan (karhutla) yang diprediksi meningkat pada 2026 akibat fenomena El Niño. Musim kemarau diproyeksikan datang lebih awal https://t.co/tkJz5j8lOR;2,06782E+18;https://pbs.twimg.com/media/HLI2aVbbcAA-9CF.jpg;;in;;0;0;0;https://x.com/undefined/status/2067820165203660972;7,86549E+17;
2,06774E+18;Thu Jun 18 22:58:32 +0000 2026;4;Empat upaya penyelundupan narkoba ke Lapas Narkotika Jakarta &amp Rutan Salemba berhasil digagalkan petugas dalam sehari (15/6/2026). Modus pelaku kian nekat: mulai dari disembunyikan di organ intim botol obat batuk hingga kunciran rambut! #InfoKriminal #DaruratNarkoba #Hukum https://t.co/zutcuqOhd8;2,06774E+18;https://pbs.twimg.com/ext_tw_video_thumb/2067612345032138752/pu/img/KXHtbNSE0jUXtLE7.jpg;;in;;0;0;3;https://x.com/undefined/status/2067743795282895266;1,72451E+18;
2,06749E+18;Thu Jun 18 06:16:14 +0000 2026;19;Teguran Soal Merokok Saat Berkendara Berujung Adu Mulut Di Cakung-Cilincing ‼ Sebuah insiden adu mulut antara dua pengendara sepeda motor terjadi di Jalan Raya Cakung-Cilincing Jakarta Timur pada Kamis (18/6/2026) pagi saat arus lalu lintas padat di jam berangkat kerja. https://t.co/OkDnnxJVWW;2,06749E+18;https://pbs.twimg.com/amplify_video_thumb/2067491052744015872/img/EmqGeP1KT6saN3wl.jpg;;in;;1;20;15;https://x.com/undefined/status/2067491558266720649;121640063;
2,06734E+18;Wed Jun 17 20:33:19 +0000 2026;3;Data polusi udara bulan Juni tahun 2022-2023-2024-2025. Kalau di lihat dr data ini polusi udara terburuk itu adanya di juni 2022 ini masa Covid PPKM. Dan terjadilah penyakit ispa / covid di jakarta dlm jumlah yg sgt banyak !! https://t.co/i8bpUncMvW;2,06734E+18;https://pbs.twimg.com/media/HLCvMUhb0AAikOs.jpg;;in;;2;1;1;https://x.com/undefined/status/2067344865218986184;2,01962E+18;
2,0672E+18;Wed Jun 17 11:03:10 +0000 2026;16;Pantauan dari Cawang Jakarta. Asap mengepul berasal dari ban yang dibakar oleh massa aksi. Tidak terlihat jelas ada mahasiswa di sana. Hati hati provokasi ada banyak pihak berkepentingan yang bisa jadi dalang kerusuhan. #IndonesiaGelap cc: @BudiBukanIntel https://t.co/AFIMRTm5k3;2,0672E+18;https://pbs.twimg.com/media/HLAssokbAAAYPfK.jpg;;in;;0;2;7;https://x.com/undefined/status/2067201378775359788;1,42557E+18;
2,06718E+18;Wed Jun 17 09:49:06 +0000 2026;2;4:48 pm polusi udara jakarta meningkat tinggi bgt.. asap beracun ini berasal dr bibir laut utara jakarta. Ancol tj priok marunda.. ini asap pabrik dan PLTU. Awal bgt kalian melakukan kejahatan ini yaa https://t.co/p6BxEjIHRy;2,06718E+18;https://pbs.twimg.com/media/HLAbvJRaQAED9yk.jpg;;in;;0;1;0;https://x.com/undefined/status/2067182739183501531;2,01962E+18;
2,06711E+18;Wed Jun 17 05:19:53 +0000 2026;42;asap akan kita infokan details jastip bts add show in jakarta yaa mohon maaf bgt ini dm sm wa rame bgt;2,06711E+18;;;in;;0;21;3;https://x.com/undefined/status/2067114991023788216;1,00279E+18;
2,06711E+18;Wed Jun 17 05:15:50 +0000 2026;2;jakarta code available !!!! PHP 750 can send ASAP. DM to claim. # wts lfb arirang world tour bts jakarta presale membership code jkt;2,06711E+18;;;in;;0;1;0;https://x.com/undefined/status/2067113973070389723;1,81675E+18;
2,0664E+18;Tue Jun 16 14:12:54 +0000 2026;2;@DPR_RI Krn lemah nya pengawasan dan upaya pengendalian Asap Polusi udara di jakarta. Maka dr pukul 7 pm malam ini polusi udara jakarta sdh mulai kembali meningkat. Faktor penyebabnya saat ini adalah RDF Rorotan. Bau busuk plastik terbakar sgt kuat terasa;2,06689E+18;;DPR_RI;in;;0;1;0;https://x.com/undefined/status/2066886741362200589;2,01962E+18;
2,06661E+18;Tue Jun 16 14:09:58 +0000 2026;2;9:08 pm tanpa adanya pengawasan yang ketat oleh pemerintah Pemda Jakarta dan dari klhk. Asap polusi udara beracun dari pembakaran sampah plastik yang dilakukan di RDS Rorotan akan terus terjadi seperti ini. Ini kejahatan loh kalau dibiarkan terus begini https://t.co/1zHdGlVFRX;2,06689E+18;https://pbs.twimg.com/media/HK8N3AWbAAAgubl.jpg;jakarta7268;in;;1;1;0;https://x.com/undefined/status/2066886000853528940;1,88109E+18;
2,06637E+18;Mon Jun 15 12:51:14 +0000 2026;13;@txtdarionlshop Jakarta tuh udaranya g bagus. Apalagi di bawah panas terik makin jadi deh... napas lebih sulit dan g nyaman. Larinya jarak jauh pula. Gue di depok bkn hari ini tp bbrp bulan lalu pas ada laporan kualitas udara lg jelek bgt deh. Itu jalan s;2,0665E+18;;txtdarionlshop;in;;0;1;0;https://x.com/undefined/status/2066503799423021376;1,64503E+18;
2,06637E+18;Mon Jun 15 07:27:41 +0000 2026;77;@txtdarionlshop cuaca dan kualitas udara kayaknya pengaruh (menurut ku ya) apalagi udara di jakarta ini gak begitu fresh belum lagi tercampur sama asap kendaraan dll. mana orangnya banyak bgt. belum lagi orang yg cheering gitu. salah satu faktornya kayakn;2,06642E+18;;txtdarionlshop;in;;0;1;1;https://x.com/undefined/status/2066422376582312252;1,0767E+18;
2,06637E+18;Mon Jun 15 04:19:21 +0000 2026;23;Buat kamu yang ikut demo hari ini di Jakarta. Cuaca panas terik wajib diwaspadai! Jaga kondisi tubuh selama aksi. Simpan informasi tips berikut: - Bawa air minum yang cukup. Jangan sampai dehidrasi - Pakai topi atau penutup kepala untuk lindungi dari terik matahari - Gunakan;2,06637E+18;;;in;;0;0;11;https://x.com/undefined/status/2066374980758282270;2,04155E+18;
2,06622E+18;Sun Jun 14 18:07:12 +0000 2026;2;#Asean #Fifa #trending #PabrikWingsSumberPolusiUdara #BakarSampah #Smog #PM25 #Jakarta🇮🇩 #AirPollution #apartemen #KendalikanAsapPLTU Senin 15/06/2026 1:06 am Foto asap polusi udara beracun tdk selalu hrs dr ketinggian. Sprri ini juga kelihatan asap beracunnya parah https://t.co/4fiKCKnLK1;2,06622E+18;https://pbs.twimg.com/media/HKyw-VzaMAAky42.jpg;;in;;2;1;0;https://x.com/undefined/status/2066220928732889599;1,88109E+18;
2,06616E+18;Sun Jun 14 14:08:41 +0000 2026;2; dear cust for BTS in JAKARTA if u haven't received DMs from us hmu asap;2,06616E+18;;;en;;0;0;0;https://x.com/undefined/status/2066160905025646726;1,85741E+18;
2,06614E+18;Sun Jun 14 12:53:21 +0000 2026;4;Waktu soundcheck di jakarta kita lomba teriak kannn semangat banget karena abis dipuji suara nya kenceng alhasil aku sama sebelah ku sampe terbatuk batuk https://t.co/g2DvgPvseA;2,06614E+18;https://pbs.twimg.com/amplify_video_thumb/2066141838051049472/img/iAjh36VZZtmNFaDV.jpg;;in;;0;0;1;https://x.com/undefined/status/2066141943596495157;759329562;
2,0661E+18;Sun Jun 14 10:24:17 +0000 2026;2;@DPR_RI Keluhan penduduk Jakarta itu adalah asap Polusi udara dan juga Chamtrail sprti ini.. penduduk Jakarta tdk jahat loh ;2,0661E+18;;DPR_RI;in;;0;0;1;https://x.com/undefined/status/2066104433516413301;2,01962E+18;
2,06589E+18;Sun Jun 14 10:11:39 +0000 2026;2;5:10 pm polusi udara Jakarta mulai meningkat diawali dengan asap bakaran sampah asap dari PLTU Tanjung Priok juga udah mulai terlihat di udara di bibir laut utara Jakarta di Arah pelabuhan. Tolong pemda Jkt cegah kejahatan ini. https://t.co/QeGPp4n1CF;2,0661E+18;https://pbs.twimg.com/media/HKxEIxdbYAAnTfY.jpg;jakarta7268;in;;1;1;0;https://x.com/undefined/status/2066101253206388757;1,88109E+18;
2,0661E+18;Sun Jun 14 09:57:18 +0000 2026;2;🇲🇨 WTS BTS ARIRANG IN JAKARTA TICKET CONCERT VIP D - DAY 2 (1 TIX ONLY) WEVERSE PRESALE SECURED LESS THAN 12.05 * ALR GOT THE EMAIL at 12.05 DM YOUR PRICE ️HIGH PRICE CAN MEET UP BANDUNG / JAKARTA ASAP F2F PAY WHILE MEET F2F PROOF TICKET AND ETC #btsinjkt https://t.co/J7brc68ItV;2,0661E+18;https://pbs.twimg.com/media/HKxA2U0boAAdp6p.jpg;;en;;0;2;0;https://x.com/undefined/status/2066097639549260054;1,8406E+18;
2,06553E+18;Sat Jun 13 13:15:48 +0000 2026;2;8:15 pm polusi udara Jakarta kembali meningkat disebabkan oleh asap kebakaran sampah kejahatan yang berulang dan berulang terjadi Mengapa tidak mau dicegah agar kita bisa menghindari polusi udara dari pembakaran sampah plastik https://t.co/BK2bCAmZ1x;2,06579E+18;https://pbs.twimg.com/media/HKskspTbQAAv5xv.jpg;jakarta7268;in;;1;1;0;https://x.com/undefined/status/2065785207912116618;1,88109E+18;
2,06577E+18;Sat Jun 13 12:02:33 +0000 2026;109;Yang kemarin nanya soal kondisi Palmerah waktu aksi demontrasi Beredar di media sosial video massa aksi berada di kepulan asap di kawasan Salemba Jakarta Pusat pada Jumat (12/6/2026) malam. Kasat Reskrim Polres Jakarta Pusat AKBP Roby Heri Saputra mengatakan saat itu massa https://t.co/X30yw7pq3g;2,06577E+18;https://pbs.twimg.com/amplify_video_thumb/2065766603707625472/img/kpcYhWAnedDZATdC.jpg;;in;;0;2;21;https://x.com/undefined/status/2065766772058587478;1,28275E+18;
2,06564E+18;Sat Jun 13 03:33:47 +0000 2026;3;@JYHeffect @MR_KANGGUN U should try this one if you come back to Jakarta It's the same group with Seporsi Mie Kari ... i like this better though Their Nasi Goreng Cakalang Asap Kecombrang with pickles are so YUMMY!!!!! Plus orange Fried cracker [not the w;2,06564E+18;https://pbs.twimg.com/media/HKqfeK_awAAc2vK.jpg;JYHeffect;en;;0;1;1;https://x.com/undefined/status/2065638737099588019;161148538;
2,06553E+18;Fri Jun 12 21:31:15 +0000 2026;2;Foto ini sbg pembuktian bahwa asap polusi udara beracun benar2 telah mereda di danau sunter selatan jakarta utara !! Dan menyatakan bahwa polusi udara yg tadi terjadii adalah kejahatan yg disengaja. Lihatlah gradasi warna langitnya gak bs hoax krn ada pembuktiannya https://t.co/RpT3pSO4In;2,06555E+18;https://pbs.twimg.com/media/HKpMgZ8bgAA_Cuy.jpg;jakarta7268;in;;0;1;0;https://x.com/undefined/status/2065547504956096562;1,88109E+18;
2,06531E+18;Fri Jun 12 05:56:16 +0000 2026;2;Polusi udara gas beracun. PM 2 5 dr micro plastik dan debu heavy netal dr batu bara bener2 biang masalah. Sumber sakit penyakit bagi tubuh Manusia polusi udara hrs di cegah hrs di hentikan. Jutaan manusia jd korban polusi udara beracun inii di jakarta;2,06531E+18;;;in;;0;0;0;https://x.com/undefined/status/2065312205797822774;2,01962E+18;
2,06525E+18;Fri Jun 12 01:50:02 +0000 2026;2; WTS BTS WORLD TOUR ARIRANG JAKARTA DAY 1 VIP PACKAGE D WEVERSE ️ TICKETS AVAILABLE E-ticket issued Ready transfer Serious buyer only Don t miss your chance to see BTS! DM ASAP untuk harga &amp detail lengkap #WTSBTS #BTSTicket #BTSWorldTour #ARMY https://t.co/NZPKyitYNw;2,06525E+18;https://pbs.twimg.com/media/HKk-JV9a0AE4DT0.jpg;;en;;0;2;0;https://x.com/undefined/status/2065250240408785273;2550868015;
2,06514E+18;Thu Jun 11 18:37:23 +0000 2026;3;Asap putih apakah yg keluar dr cerobong asap PT Wings di Samping dapur bu jum agung sedayu klp gading ? Kog asapnya sangat banyak dan tebal yaa ?? Asap ini terdorong ke arah barat masuk ke kota Jakarta stop polusi udaranya donk. Beli filter asap aja !!! Ramah lingkungan !! https://t.co/OqHajhBhTw;2,06514E+18;https://pbs.twimg.com/media/HKjbHlhaIAAAAe1.jpg;;in;;0;1;1;https://x.com/undefined/status/2065141361259806772;2,01962E+18;
2,065E+18;Thu Jun 11 09:03:14 +0000 2026;16;Ini bukan salah kulitnya tapi rutenya PP Jakarta-Bekasi tiap hari mah kena COMBO MAUT: - panassss + sinar matahari menyengattt - polusi udaraaa - debu &amp kotorann - kulit kering berjam-jam di jalan Pantes jadi kayak gitu skin barrier nya kemungkinan udah udah dihajar;2,065E+18;;;in;;0;11;4;https://x.com/undefined/status/2064996871563805066;1,57186E+18;
2,06499E+18;Thu Jun 11 08:33:28 +0000 2026;14;Jalan Cikini Raya Menteng Jakarta Pusat mendadak padat merayap pada Rabu (10/6/2026) malam. Kepadatan lalu lintas terjadi akibat aksi unjuk rasa yang digelar sekelompok massa di depan KFC Cikini. Sekitar 15 orang massa dari HMI Cilosari (HMI Pustara) menggelar aksi spontan https://t.co/KSNlXCBOCb;2,06499E+18;https://pbs.twimg.com/amplify_video_thumb/2064989177650003968/img/D4p2UVuvwzbiJYfH.jpg;;in;;0;3;5;https://x.com/undefined/status/2064989378469114064;2392460208;
2,06497E+18;Thu Jun 11 07:08:39 +0000 2026;66; Nan sepertinya ada masalah yang bakal panjang. Firasat Cahyo begitu buruk sebelum sempat memutuskan apapun Cahyo mengirim pesan pada Danan yang masih sibuk dengan pekerjaanya di Jakarta. Tanpa sempat menunggu balasannya Cahyo mengantongi kembali telepon genggamnya dan;2,06497E+18;;diosetta;in;;0;1;2;https://x.com/undefined/status/2064968035933499876;70296499;
2,06493E+18;Thu Jun 11 04:39:09 +0000 2026;3;11:37 am gunung pangranggo gak terlihat. Bibir laut utara Jakarta tertutup asap.. sprti sedamg kebakaran hutan pdhal itu adalah asap dr pabrik dan PLTU.. ini asap beracun loh yaa!! Kacau parahh pemda Jakarta https://t.co/x33jINz0X7;2,06493E+18;https://pbs.twimg.com/media/HKgbQDLa8AA91iU.jpg;;in;;1;1;1;https://x.com/undefined/status/2064930411650908460;2,01962E+18;
2,06485E+18;Wed Jun 10 23:39:26 +0000 2026;7;PAGI SEMUA WARGA X. Pagi masih gelap ketika alarm di ponselku berdering pukul 04.45. Jakarta belum benar-benar bangun tapi aku sudah harus berlari melawan waktu. Kopi hitam panas diteguk cepat roti tawar digigit sambil memakai kemeja yang masih agak kusut. Hari ini harus tepat https://t.co/t0U4J1lv91;2,06485E+18;https://pbs.twimg.com/media/HKfWozaaMAEqX_R.jpg;;in;;0;3;2;https://x.com/undefined/status/2064854985284919632;2,04661E+18;
2,06475E+18;Wed Jun 10 16:46:33 +0000 2026;854;BREAKING: JAKARTA LAGI PANAS MALAM INI! Demo penolakan kenaikan BBM meledak di Cikini! HMI geruduk depan KFC asap tebal mengepul api berkobar massa padat di jalanan. Gak ada yang tau? Atau emang Jakarta suka diem-diem bikin kejutan? Lu lagi di mana sekarang? Udah liat https://t.co/9G3XYuwmuv;2,06475E+18;https://pbs.twimg.com/media/HKd4KCTbIAAPOiS.jpg;;in;;7;27;239;https://x.com/undefined/status/2064751079464771943;1,71232E+18;
2,06467E+18;Wed Jun 10 14:38:29 +0000 2026;3;@felix1344541 Di Jakarta kita boleh memilih untuk berjalan atau berlari asalkan tidak berhenti. Berjalanlah tanpa ragu berlarilah sekuat tenagamu. Jika terjatuh tepuk sajalah debu dari atasnya dan kembali berdiri.;2,06472E+18;;felix1344541;in;;0;1;0;https://x.com/undefined/status/2064718850718134777;1,15286E+18;
2,0647E+18;Wed Jun 10 13:32:33 +0000 2026;1;Di hembus angin Pertamax yang melambung tinggi jiwa-jiwa seperti Pertalite tetap tenang di tengah gejolak. Bersatu Dalam Kerja bisik langit Jakarta sementara harga naik menari kita belajar api tak pernah mati hanya berubah bentuk. Hati ini seperti #WUTheSeriesEP6 ;2,0647E+18;;;in;;0;0;0;https://x.com/undefined/status/2064702257803985053;1,03695E+18;
2,06166E+18;Tue Jun 02 03:54:30 +0000 2026;9;FYI - 46 Kebakaran hebat melanda permukiman warga di kawasan Ujung Kebon Kosong Jalan Kemayoran Gempol Kemayoran Jakarta Pusat pada Senin malam (01/06/2026). Enam warga dirawat di rumah sakit akibat menghirup asap tebal kebakaran. Hingga saat ini petugas pemadam kebakaran https://t.co/kq46MNrXew;2,06166E+18;https://pbs.twimg.com/amplify_video_thumb/2061657599754559488/img/QlvxYg4QIp2F0XZ3.jpg;;in;;0;2;4;https://x.com/undefined/status/2061657686467617194;517937866;
2,06163E+18;Tue Jun 02 02:20:22 +0000 2026;182;Ada orang bijak pernah bilang: Mending demo menuntut transportasi publik yang layak seperti di Jakarta ke pemda masing². Ketimbang kerja sampe kena ISPA di Jakarta. ;2,06163E+18;;;in;;1;1;22;https://x.com/undefined/status/2061633996501721315;1,32169E+18;
2,06162E+18;Tue Jun 02 01:27:37 +0000 2026;25;Kebakaran besar telah memusnahkan kawasan padat penduduk di pusat bandar Jakarta pada malam Isnin apabila api marak dengan pantas di kawasan pasar Jiung Kemayoran dan kawasan perumahan sekitarnya memaksa ratusan penduduk meninggalkan rumah mereka. Rakaman di lokasi menunjukkan https://t.co/eHlxp4JUh5;2,06162E+18;https://pbs.twimg.com/amplify_video_thumb/2061620361356361728/img/nMtGogWJcDkJ82Lq.jpg;;in;;0;0;23;https://x.com/undefined/status/2061620720434852320;497665754;
2,06161E+18;Tue Jun 02 00:49:05 +0000 2026;2;ratusan rumah/kios terbakar untungnya tidak ada korban jiwa tapi ada beberapa warga yang sesak nafas akibat asap tebal dan di larikan ke rumah sakit. kebakaran besar ini terjadi di pasar jiung kemayoran jakarta pusat. Untuk penyebabnya masih dalam penyelidikan resmi. https://t.co/1N2BvrF3eS;2,06161E+18;https://pbs.twimg.com/ext_tw_video_thumb/2061610979381895168/pu/img/n8JbSgqZl8czqCk5.jpg;;in;;1;0;1;https://x.com/undefined/status/2061611024030319074;2,05337E+18;
2,06151E+18;Tue Jun 02 00:02:51 +0000 2026;2;@groobaag @NgkongRoses Udara di Denmark dingin cui. Jangan² ibu tersebut perokok juga. Atau sekeluarga nya Di Jakarta ada asap bukan asap rokok cek cv bintang terang logam di pemukiman. Masihkah asapnya ganggu semenjak cerobong ditutup bukannya dibongkar;2,0616E+18;;groobaag;in;;0;1;0;https://x.com/undefined/status/2061599389270085795;1,65771E+18;
2,0613E+18;Mon Jun 01 04:45:33 +0000 2026;3;@DrEvaChaniago @sutanmangarahrp Nasib penduduk Jakarta di hari lahir pancasila 01/06/2026 Buruk disebabkan oleh polusi udara buatan yg disengaja terjadi. Polusi udara ini pekat bgt sehingga menutupi sinar matahari. Terlihat mendung pdhal asap polusi yg pe;2,06131E+18;;DrEvaChaniago;in;;0;2;4;https://x.com/undefined/status/2061308144438124715;2,01962E+18;
2,06114E+18;Mon Jun 01 04:26:24 +0000 2026;3;@dinaslhdki @infoBMKG @DKIJakarta @pramonoanung @jkt_smartcity 11:25 am mendadak polusi udara meningkat sangat tinggi asap ini berasal dari Pesisir Jakarta Utara sebelah barat ini adalah asap PLTU dari Pluit dan Tanjung Priok beserta beberapa pabrik salah;2,0613E+18;https://pbs.twimg.com/media/HJs4c3IaIAACml9.jpg;jakarta7268;in;;3;2;0;https://x.com/undefined/status/2061303326868910328;1,88109E+18;
2,06103E+18;Sun May 31 10:25:14 +0000 2026;2;Sinar Matahari dibutuhkan tubuh untuk kesehatannya.. asap polusi udara beracun tdk dibutuhkan krn inilah yg merusak seluruh tubuh Manusia.. uda salah urus nih kota Jakarta ‍️ republik Indonesia yg mundur peradabannya;2,06103E+18;;;in;;0;0;0;https://x.com/undefined/status/2061031238983696531;2,01962E+18;
2,06083E+18;Sun May 31 08:36:23 +0000 2026;2;@infoBMKG @dinaslhdki @DKIJakarta @pramonoanung @jkt_smartcity 3:35 pm sprti inii sebenernya udara yg warga jkt gunakan bernafas. Gas beracun tinggi kotor dan berdebu plus kelembapannya jg tinggi. Inilah yg bikin sakit tubuh anda sekalian guys.. yg terlih;2,061E+18;https://pbs.twimg.com/media/HJooEneasAApImv.jpg;jakarta7268;in;;0;1;0;https://x.com/undefined/status/2061003846554640551;1,88109E+18;
2,06093E+18;Sun May 31 03:56:10 +0000 2026;0;Hai sayang **CherryKim Kim (J-Hun Seounsun)** Wahyu Adi Winata dari Jakarta nih lagi super excited jawab pertanyaanmu soal **Anjuran Diet Anti Alergi** buat kucing hitam putih kita! Noda air mata di bulu putih itu sering banget gara-gara alergi makanan ya babyyy ;2,06093E+18;;;in;;0;0;0;https://x.com/undefined/status/2060933327373369706;498588010;
2,0608E+18;Sat May 30 19:20:27 +0000 2026;2;2:19 am polusi udara Jakarta subuh di hari minggu inii buruk banget. Asap beracun ini berasal dr arah angin yaitu dr timur ke barat.. kacau polusi udara Jakarta https://t.co/j6ePxD3HFm;2,0608E+18;https://pbs.twimg.com/media/HJlx48waoAA6XPF.jpg;;in;;0;0;0;https://x.com/undefined/status/2060803544601805136;2,01962E+18;
2,06077E+18;Sat May 30 17:22:46 +0000 2026;0;Ia mengibaratkan dgn jalanan Jakarta di mana semua baju bisa saja kotor dan berbau dgn asap dan debu. Tapi kita bukan baju itu. Kita adalah apa yg bisa dilakukan dlm selusuh apa pun baju yang kita punya.';2,06077E+18;;zoelfick;in;;0;1;0;https://x.com/undefined/status/2060773929221083270;86934018;
2,06067E+18;Sat May 30 10:35:59 +0000 2026;728;TOP 9 MANUSIA PENGHANCUR HUTAN KALIMANTAN (2010-2026) Dalam 16 tahun Kalimantan kehilangan 14 juta hektar hutan. Setara 1 1x luas Pulau Jawa Atau 211x luas Jakarta Hutannya hilang. Banjir kabut asap tanah adat tergusur. Yang untung siapa? Daftar 9 Grup Utama di https://t.co/TU3SSi8Ev8;2,06067E+18;https://pbs.twimg.com/media/HJj52ozagAA1mZr.jpg;;in;;10;29;465;https://x.com/undefined/status/2060671556716741034;1,74527E+18;
2,06059E+18;Sat May 30 05:50:59 +0000 2026;2;@MariaAlkaff_ Iyaa jahat bgt pemda jkt.. parah.. kmrn siang juga sprti ini tetapi gak seburuk siang hr ini. Saat ini bener2 pekat asap di langit Jakarta. Full gas beracun dan juga debu yg mengotori tubuh manusia rumah juga kotor debu hitam kl di bersihkan;2,0606E+18;;MariaAlkaff_;in;;0;2;0;https://x.com/undefined/status/2060599833455693929;1,88109E+18;
2,06059E+18;Sat May 30 05:28:04 +0000 2026;2;#Asean #Fifa #trending #PabrikWingsSumberPolusiUdara #BakarSampah #Smog #PM25 #Jakarta🇮🇩 #AirPollution #apartemen #KendalikanAsapPLTU Sabtu 30/05/2026 12:27 pm Polusi udara extreme terjadi saat ini. Bukan mendung tetapi terbungkus asap beracun dr pabrik PLTU dan bakar sampah https://t.co/MMT2BcHNhp;2,06059E+18;https://pbs.twimg.com/media/HJizYn5bAAAMnt-.jpg;;in;;1;1;1;https://x.com/undefined/status/2060594070037360713;1,88109E+18;
2,06059E+18;Sat May 30 05:13:19 +0000 2026;3;ᅠ Obihiro Nikudon ㅡ Blok M Jakarta Selatan. Ngajak kak Ethan ngantri makanan viral Blok M buat makan siang untung aja dapet... the power of dateng pagi. Worth the hypeee! Definitely coming back for them all again asap. Yummm~ ᅠ https://t.co/gKgH9wknyF;2,06059E+18;https://pbs.twimg.com/media/HJiwAVXbQAA2HLJ.jpg;;in;;2;1;1;https://x.com/undefined/status/2060590357784756334;1,84581E+18;
2,06055E+18;Sat May 30 02:26:21 +0000 2026;3;#Jakarta Polis tidak menolak kemungkinan kejadian empat sekeluarga yang ditemukan meninggal dunia ketika melakukan aktiviti glamping di kawasan pelancongan Posong Kabupaten Temanggung Jawa Tengah Rabu lalu berpunca akibat keracunan gas karbon dioksida atau asap.;2,06055E+18;;;in;;0;0;0;https://x.com/undefined/status/2060548337359790291;63070015;
2,06035E+18;Fri May 29 13:15:55 +0000 2026;19; WTB EXO PLANET #6 EXhOrizon in Jakarta Indonesia Arena | 6 June 2026 (Day 1) nyari 1 tiket CAT 3 atau CAT 4 harga web only no OVP serious buyer! dp kecil + COD sisa oke DM me ASAP!! t. EXO EXOinJakarta EXOL EXOPlanet6 EXhOrizon WTB;2,06035E+18;;;in;;1;5;12;https://x.com/undefined/status/2060349419569258877;1,69549E+18;
2,06006E+18;Fri May 29 04:56:38 +0000 2026;2;@infoBMKG @dinaslhdki @DKIJakarta @pramonoanung @jkt_smartcity 11:55 am polusi udara Jakarta meningkat sangat tinggi yang berasal dari Jakarta Utara Sisi sebelah timurnya foto ini menjelaskan Banyak perkara pembuktian bagi kita semua ttg betapa kotornya u;2,06022E+18;https://pbs.twimg.com/media/HJdimIXbgAA7ZoA.jpg;jakarta7268;in;;1;1;0;https://x.com/undefined/status/2060223768593866971;1,88109E+18;
2,05974E+18;Thu May 28 16:49:32 +0000 2026;2;@infoBMKG @dinaslhdki @DKIJakarta @pramonoanung @jkt_smartcity 11:48 pm polusi udara yang disebabkan oleh asap makanan sampah yang menimpa penduduk di Kelapa Gading Jakarta Utara sungguh melampaui batas kemanusiaan PM 2 5 192 level Ungu ini udara yang san;2,06004E+18;https://pbs.twimg.com/media/HJa8LWHawAIR6CY.jpg;jakarta7268;in;;2;1;0;https://x.com/undefined/status/2060040787816235387;1,88109E+18;
2,05992E+18;Thu May 28 15:32:08 +0000 2026;2;@DKIJakarta Asap berasal dr lokasi inii klp gading dan sekitarannya.. lalu terdorong angin dr timur ke barat.. memyebar kemana mana tergantung speed nya angin berapa kilometer perj nya mendorong asap beracun ini ke barat.. help lahh kami penduudk jakarta ;2,06002E+18;https://pbs.twimg.com/media/HJaqdSsawAEqF27.jpg;redbold7177;in;;0;1;0;https://x.com/undefined/status/2060021310550626778;2,01962E+18;
2,05995E+18;Thu May 28 10:40:00 +0000 2026;8;GenZ ~ Halo M23v. Lokasi Jakarta looking for anything M. V. ? ahaha yang suka diajak jalan2 kuy. yang jelas aja dan yang mau kenalan gas. Just comment and i will send love to you ASAP! ️ https://t.co/Le8Kz9kEf0;2,05995E+18;https://pbs.twimg.com/media/HJZj6R2asAA0_Kh.jpg;;in;;0;25;0;https://x.com/undefined/status/2059947791879713110;1,38187E+18;
2,05994E+18;Thu May 28 10:09:41 +0000 2026;2192;MARI KITA BONGKAR DATA INI SUPAYA PAHAM DAN TIDAK DI SESATKAN OLEH SEGELINTIR ORANG Pertumbuhan ekonomi MALUT 32 09% yang wow jika kita melihat hanya dari angka tapi jika kita melihat dampak dan realistisnya ini sangat mengkhawatirkan wak karna yang di maksimalkan bukan https://t.co/OAaGtd5rYY;2,05994E+18;https://pbs.twimg.com/media/HJZgqDcbwAAosoX.jpg;;in;;23;59;988;https://x.com/undefined/status/2059940162013180098;1,74527E+18;
2,05982E+18;Thu May 28 02:18:00 +0000 2026;14;WE'RE HIRING!!! HEBE Beauty Indonesia Willing to be placed at Landmark Pluit North Jakarta with full WFO work mechanism (Mon-Fri). Positions: Creative Manager Videographer &amp Editor Affiliate Specialist KOL Creative Specialist **With general requirements: - https://t.co/6jCi852pqQ;2,05982E+18;https://pbs.twimg.com/media/HJXmgr-bAAAvAfI.png;;en;;0;0;3;https://x.com/undefined/status/2059821459560951953;169872839;
2,05979E+18;Thu May 28 00:28:43 +0000 2026;5;Langit Jakarta bersih dari asap sate Coba foto kalian mana pagi ini https://t.co/ceTLX2tuY7;2,05979E+18;https://pbs.twimg.com/media/HJXbrN4a8AAB5WS.jpg;;in;;1;5;0;https://x.com/undefined/status/2059793956624617545;2485869595;
2,05966E+18;Wed May 27 15:29:03 +0000 2026;64;hello Arkanites! ️ ⊹ ࣪ ˖ we're here to inform you that EVERY PAYMENT INVOICE FOR JAKARTA FAN CAFE EVENT has already been sent! don't forget to check your emails be sure that nothing are missed. for Surabaya we will ensure you that the payment invoices will be sent ASAP ;2,05966E+18;;;en;;1;0;13;https://x.com/undefined/status/2059658147577618625;2723630206;
2,05887E+18;Mon May 25 11:11:07 +0000 2026;10;hello im still looking ticket for exhorizon jakarta day 2 pls cat exol/ cat 1 plss dm me asap ;2,05887E+18;;;en;;1;15;1;https://x.com/undefined/status/2058868461523378658;1,2798E+18;
2,0588E+18;Mon May 25 06:25:10 +0000 2026;16;[Sengaja Dibakar?! Misteri Kelam di Balik Tragedi Mall Klender 1998 ️] ​15 Mei 1998 menjadi salah satu hari paling kelam dalam sejarah Indonesia. Di tengah karut-marut krisis moneter sebuah pusat perbelanjaan di Jakarta Timur berubah menjadi kuburan massal dalam hitungan https://t.co/yeNEeecoR7;2,0588E+18;https://pbs.twimg.com/ext_tw_video_thumb/2058796379045249025/pu/img/XB7KWaTOUF7mxQ0v.jpg;;in;;1;4;14;https://x.com/undefined/status/2058796500516573474;1,86489E+18;
2,05878E+18;Mon May 25 05:12:19 +0000 2026;2;GenZ ~ hari ini lagi libur dan nyari temen buat nemenin grocery shopping di AE*N JGC/IK*A sore nanti / after office hour lanjut ngopi santai/dinner abis itu. about sender: F26 B B W &amp Sm*ker area: Cakung East Jakarta notes: &gt;;;;;;;;;;;
2,05852E+18;Sun May 24 12:20:11 +0000 2026;4;Sebuah truk kontainer terbakar di dekat rest area KM 14 Tol Tangerang- Jakarta Minggu (24/5/2026) pukul 17:30 WIB. Api muncul dari area supir tampak asap membumbung tinggi. Belum diketahui secara pasti kondisi supir dan penyebab kebakaran tersebut. https://t.co/MuhjIVdPRU;2,05852E+18;https://pbs.twimg.com/ext_tw_video_thumb/2058523272699125760/pu/img/G82-aCy2fvp0oRmH.jpg;;in;;1;0;1;https://x.com/undefined/status/2058523455054848442;2818687488;
2,05848E+18;Sun May 24 09:36:17 +0000 2026;1;Di Jakarta arus lalu lintas langsung padat sejak pagi. Klakson bersahutan kendaraan merayap dan asap tipis menggantung di atas jalan. Dalam kondisi seperti ini udara yang dihirup warga tidak pernah benar-benar bersih. Baca selengkapnya di InilahCom: https://t.co/rhlflpmyl6;2,05848E+18;;;in;;0;0;2;https://x.com/undefined/status/2058482207639957616;46693036;
2,05845E+18;Sun May 24 07:22:45 +0000 2026;0;#Jakarta Empat orang maut manakala tiga lagi dimasukkan ke hospital selepas dipercayai terhidu asap toksik daripada generator diesel yang digunakan ketika gangguan bekalan elektrik meluas di Pulau Sumatera Indonesia menurut pihak berkuasa tempatan pada Ahad lapor Xinhua.;2,05845E+18;;;in;;0;0;0;https://x.com/undefined/status/2058448600242475061;63070015;
2,05825E+18;Sat May 23 20:20:00 +0000 2026;2;@infoBMKG @dinaslhdki @DKIJakarta @pramonoanung @jkt_smartcity 3:18 am polusi udara Jakarta di minggu subuh ini terlihat sangat buruk kan padahal tidak ada kendaraan dan juga hari libur bau busuk yang saat ini dirasakan adalah bau gas sulfur SO2 hasil dar;2,05828E+18;https://pbs.twimg.com/media/HJB8Z0ebkAAZR_2.jpg;jakarta7268;in;;1;1;0;https://x.com/undefined/status/2058281816751280219;1,88109E+18;
2,05816E+18;Sat May 23 12:30:30 +0000 2026;16;Laga Persija Jakarta melawan Semen Padang terhenti di menit ke-70 dalam pekan ke-34 Super League 2025-2026. Hal tersebut dikarenakan suporter The Jakmania menyalakan flare dan petasan di Jakarta International Stadium (JIS) Sabtu (23/5/2026). Sementara waktu masih unggul 3-0 https://t.co/08C4rZ66Ho;2,05816E+18;https://pbs.twimg.com/amplify_video_thumb/2058145576538312705/img/apYcrQEiSCIvQRuH.jpg;;in;;1;4;3;https://x.com/undefined/status/2058163661341134936;231355136;
2,05813E+18;Sat May 23 10:31:03 +0000 2026;57;Sementara itu di Jakarta pertandingan Persija Jakarta vs Semen Padang harus berhenti sejedag karena banyak flare yang menyala dan asap yang mengganggu jarak pandang pemain ;2,05813E+18;;;in;;1;14;3;https://x.com/undefined/status/2058133603238961347;947281567;
2,05792E+18;Fri May 22 20:22:43 +0000 2026;24;debu jakarta ga rekomen https://t.co/5J5djMyS7s;2,05792E+18;https://pbs.twimg.com/media/HI8zbP0bQAAGQmb.jpg;;in;;0;2;0;https://x.com/undefined/status/2057920112632664560;1,8339E+18;
2,05789E+18;Fri May 22 18:09:35 +0000 2026;2;#Asean #Fifa #trending #PabrikWingsSumberPolusiUdara #BakarSampah #Smog #PM25 #Jakarta🇮🇩 #AirPollution #apartemen #KendalikanAsapPLTU Sabtu 23/05/226 1:06 am Keadaan polusi udara Jakarta saat subuh ini benar-benar mengkhawatirkan. PM 2 5: 94 brutal bgt asap bakar sampahnya https://t.co/ztiBJ96VMB;2,05789E+18;https://pbs.twimg.com/media/HI8U9kAaIAAtu0u.jpg;;in;;1;1;0;https://x.com/undefined/status/2057886608725332293;1,88109E+18;
2,05782E+18;Fri May 22 13:46:27 +0000 2026;233;https://t.co/kLvRrDXKmJ;2,05782E+18;;;zxx;;0;5;17;https://x.com/undefined/status/2057820385836458450;1,94882E+18;
2,05775E+18;Fri May 22 09:12:48 +0000 2026;1;Kebakaran melanda BINUS University Kampus Anggrek di kawasan Kemanggisan Palmerah Jakarta Barat Jumat pagi (22/5). Asap tebal terlihat membumbung dari area kampus saat petugas pemadam kebakaran melakukan proses pemadaman. Hingga pagi hari petugas masih berada di lokasi untuk https://t.co/IRlb977QyZ;2,05775E+18;https://pbs.twimg.com/amplify_video_thumb/2057751352235954176/img/aqHWwnG_oqYC8879.jpg;;in;;0;0;0;https://x.com/undefined/status/2057751523132842010;18071520;
2,05774E+18;Fri May 22 08:07:45 +0000 2026;1;Kebakaran dilaporkan terjadi di area BINUS University Kemanggisan Jakarta Barat Jumat pagi (22/5). Peristiwa itu terjadi di kampus yang berada di Jalan Raya Kebon Jeruk Palmerah. Asap terlihat keluar dari salah satu area gedung dan sempat menarik perhatian warga sekitar. https://t.co/H22A0sydj1;2,05774E+18;https://pbs.twimg.com/amplify_video_thumb/2057735061064302592/img/-15tkbX8YukEhawe.jpg;;in;;0;0;0;https://x.com/undefined/status/2057735152298783064;2392460208;
2,0554E+18;Fri May 15 21:34:13 +0000 2026;2;https://t.co/J3K1L100dx Penduduk Jakarta dibunuh secara perlahan sebelum mati diambil uangnya lewat sakit penyakit yang disebabkan oleh asap polusi udara beracun ini sebutan keji biadab sudah benar bukan?? Hari ke 10 loh hr ini polusi sgt buruk di Jakarta. Dan dibiarkam terjadi‍️ https://t.co/IdVpwUPkvC;2,0554E+18;https://pbs.twimg.com/media/HIZAqJVaMAAgI9e.jpg;jakarta7268;in;;0;1;0;https://x.com/undefined/status/2055401388151353397;1,88109E+18;
2,05505E+18;Fri May 15 13:56:59 +0000 2026;2;@infoBMKG @dinaslhdki @DKIJakarta @pramonoanung @jkt_smartcity 8:55 pm polusi udara jakarta adalah kiriman asap dr sumber2 polusi udara tetap di sisi timur kota jakarta. Rata2 dr bibir laut utara dr jkt hingga sby. Ini lokasi pabrik dan PLTU. Mengatasi in;2,05529E+18;https://pbs.twimg.com/media/HIXX_8UagAACV3t.jpg;jakarta7268;in;;2;1;0;https://x.com/undefined/status/2055286321598644310;1,88109E+18;
2,05507E+18;Fri May 15 01:36:04 +0000 2026;2;@sbyfess Klo spikoe adalah di toko kue Jakarta kerupuk udang banyak ditemuin apalagi sambel banyak yg bisa bikin. Coba petis merah madura rengginang 'lorjuk' ikan asap Surabaya the best juga atau otak-otak bandeng khas gresik yg pakek bambu itu oke;2,0551E+18;;sbyfess;in;;0;1;0;https://x.com/undefined/status/2055099864586002872;1,53827E+18;
2,05482E+18;Thu May 14 07:12:09 +0000 2026;2;͏ Di panas terik hari ini aku diajak jalan sama pacarku karna kemaren aku minta keliling kota pakai beat karbu tapi ditawarin naik supra juga aku mau aja. Bosen banget kemana-mana dikekep mobil sesekali kita hirup debu Jakarta itu ️ ͏ https://t.co/kO8N1Oln9c;2,05482E+18;https://pbs.twimg.com/media/HIQxs4FbMAExe6k.jpg;;in;;14;0;12;https://x.com/undefined/status/2054822055250674134;9,84966E+17;
2,05479E+18;Thu May 14 05:15:47 +0000 2026;16;Jakarta Menjadi Lautan Api Ratusan Jiwa Terpanggang di Plaza Klender Kamis 14 Mei 1998 menjadi puncak dari lembaran paling hitam dalam sejarah modern Indonesia. Hanya berselang satu hari setelah gugurnya empat mahasiswa dalam Tragedi Trisakti Ibu Kota lumpuh total dan https://t.co/LxwyuK6I4s;2,05479E+18;https://pbs.twimg.com/media/HIQXI1ObcAE8Dyf.jpg;;in;;0;4;5;https://x.com/undefined/status/2054792772885119280;401251793;
2,05461E+18;Wed May 13 17:16:49 +0000 2026;2;Semuanya bergerak seperti amarah yang mendadak menemukan tubuhnya sendiri. Dan Jakarta siang itu seperti berganti bahasa. Kata-kata pelan tidak lagi terdengar. Asap menjadi tanda baca. Api menjadi cara baru untuk berbicara. Amuk kini punya suaranya sendiri.;2,05461E+18;;sejutaluka;in;;0;0;0;https://x.com/undefined/status/2054611835681432060;129643275;
2,0546E+18;Wed May 13 16:16:52 +0000 2026;15;Jakarta-bandung motoran sampe rumah gerbang di kunci ga ada yg angkat telepon badan udah pengen banget rebahan muka pen cepet di bersihin kotor debu jalanan cemong banget https://t.co/i5IIajZRGW;2,0546E+18;https://pbs.twimg.com/media/HINk2S9bIAAdgY0.jpg;;in;;0;3;0;https://x.com/undefined/status/2054596749625581835;1,45943E+18;
2,05457E+18;Wed May 13 14:25:14 +0000 2026;25;https://t.co/jhz83BHhxs 1. Menara Saidah - MT Haryono Jakarta Teror Keranda &amp Perempuan Baju Merah: Gedung pencakar langit bergaya Romawi ini adalah ikon horor vertikal paling legendaris di Jakarta. Terbengkalai sejak tahun 2007 Menara Saidah menyimpan urban legend yang;2,05457E+18;;SudutTakKasat;in;;2;0;5;https://x.com/undefined/status/2054568657519583279;1,68011E+18;
2,05454E+18;Wed May 13 12:22:02 +0000 2026;7;DAFTAR DUGAAN MAFIA DI INDONESIA. 1.Mafia Hukum(mengatur pasal yg akan dipakai membidik siapa calon tersangka yg merisaukan rezim yg mengancam statusquo berat ringannya hukuman siapa pemenang susunan hakim siapa akan jdi Ketua MA mengatur koordinasi hubungan dg Jaksa ;2,05454E+18;;;in;;0;0;5;https://x.com/undefined/status/2054537653941682483;1,3833E+18;
2,05431E+18;Tue May 12 21:21:00 +0000 2026;5;HANTAVIRUS Hantavirus adalah kelompok virus berbahaya yang ditularkan ke manusia utamanya melalui urine kotoran atau air liur hewan pengerat (tikus). Virus ini menyebabkan dua sindrom serius : Hantavirus Pulmonary Syndrome (HPS) (gangguan paru) dan Hemorrhagic Fever https://t.co/LCkO6O0yWn;2,05431E+18;https://pbs.twimg.com/media/HIJg4IMasAAfdKl.jpg;;in;;0;2;2;https://x.com/undefined/status/2054310900300239133;2,02938E+18;
2,05418E+18;Tue May 12 12:22:30 +0000 2026;0;Kebakaran hebat melanda kawasan Pergudangan Miami Blok B1 Tegal Alur Kalideres Jakarta Barat Senin malam 11 Mei 2026. Kobaran api melahap bangunan manufaktur kertas dan kardus hingga memunculkan asap hitam pekat yang terlihat dari kejauhan. Menurut saksi mata api diduga https://t.co/wjx3MbJXMa;2,05418E+18;https://pbs.twimg.com/ext_tw_video_thumb/2054175310061428736/pu/img/Bu7xLSzJPmoiSigc.jpg;;in;;0;0;0;https://x.com/undefined/status/2054175381041684758;46693036;
2,05416E+18;Tue May 12 11:47:01 +0000 2026;8;Situasi di Jakarta: Terjadi pembakaran kendaraan dan gedung termasuk mal di berbagai titik kota. Asap hitam menyelimuti Jakarta dan suasana menjadi mencekam. Dampak Nasional: Situasi tidak terkendali menyebabkan kelumpuhan ekonomi penutupan bank dan memicu krisis https://t.co/Q9XGIZU2w9;2,05417E+18;https://pbs.twimg.com/media/HIHdf4Qb0AAZwTI.jpg;_cenk90E;in;;0;0;0;https://x.com/undefined/status/2054166452144578705;1316816732;
2,05407E+18;Tue May 12 05:42:39 +0000 2026;5;#Repost @chindovoice.id Jakarta Mei 1998. Asap membubung dari ruko-ruko yang dibakar massa jeritan bercampur debu dan ribuan orang berlarian menyelamatkan diri dari amukan kerusuhan. Di balik kekacauan itu luka menganga dalam sejarah Indonesia: Tragedi Mei 1998 saat https://t.co/OvYhzSiEWC;2,05407E+18;https://pbs.twimg.com/ext_tw_video_thumb/2054074702533156865/pu/img/aPWBiUcU5KfZq6ES.jpg;;in;;2;1;4;https://x.com/undefined/status/2054074755024904645;100436019;
2,05406E+18;Tue May 12 04:58:36 +0000 2026;2;2/ Krisis 1997-98 bukan sekadar rupiah ambruk. Impor pupuk &amp beras mahal orang kelaparan. Kami di Salemba merasakannya langsung: dari diskusi kos-kosan sampai aksi damai yang berubah jadi ketakutan. Tragedi Trisakti bukan kebetulan. Demonstrasi damai berubah jadi peluru.;2,05406E+18;;MasWibiX;in;;0;1;0;https://x.com/undefined/status/2054063670385364996;2,03892E+18;
2,05399E+18;Mon May 11 23:57:54 +0000 2026;2;Kebakaran besar di Pergudangan Miami Senin (11/5/2026) Jakarta Barat. Sedikitnya 4 gudang dilaporkan ludes. Asap hitam membumbung tinggi. 23 damkar dan 115 personel diterjunkan. Petugas lakukan pemadaman dan pendinginan. https://t.co/IZfgXniHBA;2,05399E+18;https://pbs.twimg.com/amplify_video_thumb/2053985674496532480/img/8dkJIU1ZdagN4xrg.jpg;;in;;0;0;0;https://x.com/undefined/status/2053987995813020097;1,79854E+18;
2,05382E+18;Mon May 11 23:20:30 +0000 2026;12;@mmaryasir Kl bapak di jakarta coba Prof. dr. Arwin Ali Purbaya Akib Sp.A(K) spesialis anak konsultan Alergi Imunologi yang praktek di RS Pelni. Udah sepuh Pak tp.teliti bgt anamnesenya. Anak saya asma juga brobat sama beliau. Cocok sih;2,05398E+18;;mmaryasir;in;;0;0;1;https://x.com/undefined/status/2053978584046551385;1,93856E+18;
2,05393E+18;Mon May 11 20:19:14 +0000 2026;3;me and my acne prone skin against panas+debu jakarta sore hari https://t.co/14JApVXD2o;2,05393E+18;https://pbs.twimg.com/media/HIEJI8rbgAAQEuQ.jpg;;en;;0;0;0;https://x.com/undefined/status/2053932969228964014;1,44849E+18;
2,05376E+18;Mon May 11 08:56:56 +0000 2026;9;sudah masuk indonesia 3 orang meninggal Penyakit hantavirus kembali menjadi sorotan setelah sejumlah kasus terdeteksi di Indonesia dalam dua tahun terakhir. Kementerian Kesehatan (Kemenkes) mencatat puluhan warga terinfeksi virus yang ditularkan lewat tikus dan hewan https://t.co/QnpV8pXRSg;2,05376E+18;https://pbs.twimg.com/media/HIBs-7YacAAb2tF.jpg;;in;;0;5;0;https://x.com/undefined/status/2053761262891474952;1,63457E+18;
2,05368E+18;Mon May 11 03:45:54 +0000 2026;3;PARU-PARU LO UDAH KAYAK PEROKOK Padahal lo nggak pernah ngerokok sekalipun. Menurut metodologi Berkeley Earth 22 mikrogram PM2.5 per meter kubik setara dengan menghirup 1 batang rokok per hari. Udara Jakarta rata-ratanya 30 sampai 55 mikrogram per meter kubik. Artinya lo;2,05368E+18;;;in;;0;0;2;https://x.com/undefined/status/2053682986961576105;1,82946E+18;
2,05368E+18;Mon May 11 03:19:34 +0000 2026;2;Polusi udara yg berasal dr Marunda sdh sgt jelas terlihat- itu asap beracun semuanya !! Kasihan yaa warga jakarta @DKIJakarta @dinaslhdki @GiaPratamaMD @DrEvaChaniago https://t.co/4dwyUSXHKV;2,05368E+18;https://pbs.twimg.com/media/HIAfvs2aEAAvpgZ.jpg;;in;;0;0;1;https://x.com/undefined/status/2053676358786777202;2,01962E+18;
2,05346E+18;Sun May 10 13:14:16 +0000 2026;2;GET ME TO JAKARTA ASAP;2,05346E+18;;;in;;0;0;0;https://x.com/undefined/status/2053463633724690915;1,00545E+18;
2,05343E+18;Sun May 10 10:48:14 +0000 2026;3;SATE HADORI-BANDUNG Kereta ke Jakarta baru berangkat pukul 22.00. Jam di layar ponsel baru menunjukkan pukul 17.24. Masih terlalu lama untuk duduk di ruang tunggu Stasiun Bandung. Akhirnya saya memutuskan keluar mencari makan. Udara Bandung sore ini dingin tipis. Bekas hujan;2,05343E+18;;;in;;0;1;0;https://x.com/undefined/status/2053426883052904622;1,24482E+18;
2,0531E+18;Sat May 09 21:13:19 +0000 2026;2;@DKIJakarta Cerobong asap RDF rorotan ada filter asapnya gak pemda jakarta ?? RDF rorotan inii sumber asap polusi udara beracun loh sdh 2 hari ini. Datanya sdh di cocokin dan selaras semuanya. Ini gak boleh loh bgini terus.. parah nih RDF Rorotan cara bek;2,05322E+18;;DKIJakarta;in;;0;1;0;https://x.com/undefined/status/2053221802391040376;2,01962E+18;
2,0532E+18;Sat May 09 20:04:06 +0000 2026;3;Foto langit lbh banyak unt memastikan keadaan polusi udara ini dgn baik dan benar.. PM 2 5: 153 ungu unt kawasan sunter Jakarta Utara.. sumber asap ini dr bakar sampah keciri dr bau nya. Apakah ini asap dr RDF Rorotan yaa ?? https://t.co/YFQk7HDVdh;2,0532E+18;https://pbs.twimg.com/media/HH5yf_3bgAAPZyQ.jpg;jakarta7268;in;;1;1;1;https://x.com/undefined/status/2053204385824727084;1,88109E+18;
2,0532E+18;Sat May 09 20:02:09 +0000 2026;2;#Asean #Fifa #trending #PabrikWingsSumberPolusiUdara #BakarSampah #Smog #PM25 #Jakarta🇮🇩 #AirPollution #apartemen #KendalikanAsapPLTU Minggu 10/05/2026 3:00 am Solusi udara subuh saat ini di Jakarta sangatlah buruk. Memcapai level ungu di jakut. Sumber asap bakar sampah !! https://t.co/D8Qf5FmJRR;2,0532E+18;https://pbs.twimg.com/media/HH5yDchbwAAmnST.jpg;;in;;1;1;1;https://x.com/undefined/status/2053203891769258314;1,88109E+18;
2,05306E+18;Sat May 09 10:32:41 +0000 2026;2;@RadioElshinta Laporan lengkap keadaan polusi udara Jakarta terkini.. langit jakarta di penuhi asap. Ternyata di bekasi sisi timur kota jakarta juga buruk banget yaa kepekatan asap polusi beracunnya ya. Hrs di lacak tuh dr mana asalnya si asap beracun ini;2,05306E+18;;RadioElshinta;in;;0;0;0;https://x.com/undefined/status/2053060583092793386;2,01962E+18;
2,05281E+18;Sat May 09 10:26:47 +0000 2026;2;1:19 pm polusi udara membaik ️ Pukul 4 pm polusi udara kembali memburuk.. asap polusi udara tebal menyelimuti atmosfer Jakarta Pusat asap ini adalah kiriman dari Jakarta Utara di pesisir laut utaranya https://t.co/YgNGtU40BQ;2,05306E+18;https://pbs.twimg.com/media/HH3uXU_bgAABJKI.jpg;jakarta7268;in;;2;1;0;https://x.com/undefined/status/2053059099517141419;1,88109E+18;
2,05281E+18;Sat May 09 06:21:14 +0000 2026;2;1:19 pm polusi udara Jakarta mulai berangsur-angsur mereda pengeluaran asap Dari Marunda pesisir laut utara sdh mulai dihentikan. Saat ini ms berada dilevel orange PM 2 5 44 apakah akan bs turun ke level kuning Mari kita berdoa kpd Tuhan y krn berharap kepada manusia adalah sia2 https://t.co/rRcIALyASf;2,053E+18;https://pbs.twimg.com/media/HH22JqKaIAAX0Xl.jpg;jakarta7268;in;;0;1;0;https://x.com/undefined/status/2052997304253350018;1,88109E+18;
2,05239E+18;Sat May 09 03:39:00 +0000 2026;13;@raniacalista_ Akan ada cerita buat saya juga seorang pedagang kaki lima yg jualan jeruk cui/lemoncina dan terima pesanan bikin ikan Asap yg tahun ini lolos masuk ITB jalur prestasi dari SMA 99 jakarta timur semoga tetap semangat mencari rejeki untuk cita;2,05296E+18;https://pbs.twimg.com/media/HH2Q3vUacAAeaXv.jpg;raniacalista_;in;;0;2;1;https://x.com/undefined/status/2052956473886695473;389937149;
2,05292E+18;Sat May 09 01:15:14 +0000 2026;11;Masuk bulan Mei-Agustus kualitas udara Jakarta biasanya bakal parah dan berkabut kayak gini karena jarang hujan. Yang udah-udah gampang kena ISPA dan batuk-batuk nggak ilang berminggu-minggu. Banyak vitamin dan rajin maskeran wahai warga semua!;2,05292E+18;;;in;;0;2;9;https://x.com/undefined/status/2052920295103795437;41284868;
2,05281E+18;Fri May 08 17:37:22 +0000 2026;2;#Asean #Fifa #trending #PabrikWingsSumberPolusiUdara #BakarSampah #Smog #PM25 #Jakarta🇮🇩 #AirPollution #apartemen #KendalikanAsapPLTU Sabtu 09/05/2026 12:36 am Keadaan polusi udara Jakarta subuh hari ini benar-benar sangat buruk terutama di Jakarta Utara. Ini asap pabrik !! https://t.co/a5MA8gY1Y4;2,05281E+18;https://pbs.twimg.com/media/HH0HTi9asAAvvUW.jpg;;in;;3;1;0;https://x.com/undefined/status/2052805071101165594;1,88109E+18;
2,05274E+18;Fri May 08 13:13:35 +0000 2026;7;https://t.co/eWERaLtkyM;2,05274E+18;;;zxx;;0;0;0;https://x.com/undefined/status/2052738687239336226;1,67512E+18;
2,05271E+18;Fri May 08 11:17:12 +0000 2026;3;Anggota Badan Pemeriksa Keuangan (BPK) RI Haerul Saleh meninggal dunia dalam insiden kebakaran rumah di kawasan Tanjung Barat Jagakarsa Jakarta Selatan Jumat (8/5/2026) pagi. Kebakaran terjadi di sebuah rumah di Jalan Teratai Blok G8 RT 03 RW 02 dan dilaporkan warga sekitar https://t.co/fF3TrdTrvc;2,05271E+18;https://pbs.twimg.com/ext_tw_video_thumb/2052709349689307138/pu/img/5GC59Bfb36kPk4su.jpg;;in;;1;3;1;https://x.com/undefined/status/2052709396883677611;449584312;
2,05268E+18;Fri May 08 09:25:54 +0000 2026;0;Kabar duka datang dari Anggota IV BPK RI Haerul Saleh yang meninggal dunia setelah rumahnya di Jakarta Selatan mengalami kebakaran pada Jumat (8/5). Peristiwa tersebut diduga terjadi saat proses renovasi rumah dan dipicu bahan mudah terbakar seperti tiner. Api disebut cepat https://t.co/WgpooIIidX;2,05268E+18;https://pbs.twimg.com/ext_tw_video_thumb/2052681353540603905/pu/img/32NipKbgxNRB36SS.jpg;;in;;0;0;2;https://x.com/undefined/status/2052681388428767495;18071520;
2,05266E+18;Fri May 08 08:05:23 +0000 2026;22;Kementerian Kesehatan (Kemenkes) RI melaporkan kasus Hantavirus sudah lama ada di Indonesia. Tercatat 23 kasus Hantavirus dan tiga kematian dalam tiga tahun terakhir. Ya sudah ada sejak lama sebenarnya (kasus Hantavirus) kata Kepala Biro Komunikasi dan Pelayanan Publik Aji https://t.co/R8leacqI8V;2,05266E+18;https://pbs.twimg.com/media/HHyEafQaIAAXITe.jpg;;in;;0;5;10;https://x.com/undefined/status/2052661127126172112;58880688;
2,05264E+18;Fri May 08 06:31:35 +0000 2026;0;Kepala Suku Dinas Penanggulangan Kebakaran dan Penyelamatan (Gulkarmat) Jakarta Selatan Asril Rizal mengungkapkan bahwa laporan pertama kali diterima dari pengurus RT setempat yang melihat kepulan asap hitam https://t.co/KQoWSNZka8;2,05264E+18;;;in;;0;0;0;https://x.com/undefined/status/2052637518416486642;68930552;
2,05263E+18;Fri May 08 06:00:50 +0000 2026;215;Anggota BPK RI Haerul Saleh meninggal dunia dalam insiden kebakaran rumah di Tanjung Barat Jagakarsa Jakarta Selatan. Kebakaran itu disadari warga yang melihat kepulan asap di atap rumah. Jenazah Haerul disemayamkan di rumah duka Kartika Utama Jakarta Selatan. Nantinya https://t.co/G0zRt8k5FA;2,05263E+18;https://pbs.twimg.com/amplify_video_thumb/2052629464522326016/img/QdSKa_ip0185ysx-.jpg;;in;;16;39;67;https://x.com/undefined/status/2052629779069927731;69183155;
2,05259E+18;Fri May 08 03:11:35 +0000 2026;10;Mentan Amran Jadi Pelayat Pertama dan Antar Jenazah Anggota IV BPK RI Haerul Saleh dari RSUD Pasar Minggu Jakarta Menteri Pertanian (Mentan) Andi Amran Sulaiman menjadi salah satu pelayat pertama sekaligus turut mengantar jenazah ke ambulance Anggota IV Badan Pemeriksa https://t.co/s5JMA1ql9A;2,05259E+18;https://pbs.twimg.com/media/HHxBKgvboAA0V7D.jpg;;in;;1;0;4;https://x.com/undefined/status/2052587187494137919;121640063;
2,05255E+18;Fri May 08 00:49:02 +0000 2026;16;KARANTINA HANTA VIRUS SAMPE 45 HARI !! NGERI SINGAPURA SIAGA INDONESIA GIMANA? Dunia baru saja dihebohkan wabah virus mematikan yang muncul dari tempat paling tidak terduga: sebuah kapal pesiar mewah di tengah Samudra Atlantik. Semua bermula ketika sepasang suami istri asal https://t.co/DBtaHJJWbH;2,05255E+18;https://pbs.twimg.com/media/HHwgMv3aoAAR-M5.png;;in;;1;3;6;https://x.com/undefined/status/2052551314262110522;1,03142E+18;
2,05245E+18;Thu May 07 17:58:24 +0000 2026;19;Jangan panik! Hantavirus bukan virus baru. Penularan utama lewat hirupan partikel kering kotoran urine atau air liur tikus. Kasus ini bukan yang pertama kali terjadi di indonesia. kasusnya sudah ada di Indonesia sejak lama ada publikasi jurnal dari tahun 2011 lalu laporan https://t.co/8QMpzTXFtA;2,05245E+18;https://pbs.twimg.com/media/HHvB7ribUAEadnR.jpg;;in;;0;2;3;https://x.com/undefined/status/2052447974945657249;1,47864E+18;
2,0524E+18;Thu May 07 14:46:11 +0000 2026;11;Hantavirus bukan virus baru. Penularan utama lewat hirupan partikel kering kotoran urine atau air liur tikus. WHO: risiko pandemi rendah karena penularan antarmanusia sangat jarang. Di Indonesia jenis Seoul virus (dibawa tikus got/Rattus norvegicus) sudah ditemukan di;2,0524E+18;;;in;;2;4;4;https://x.com/undefined/status/2052399603014840731;155157511;
2,05231E+18;Thu May 07 08:53:02 +0000 2026;1;Kebakaran besar melanda gudang oli di kawasan Kamal Muara Penjaringan Jakarta Utara pada Rabu malam (6/5) dan sempat disertai ledakan keras. Api diduga berasal dari panel listrik sebelum cepat membesar karena banyaknya drum oli di dalam gudang. Asap hitam pekat terlihat https://t.co/D4EV4GAIUI;2,05231E+18;https://pbs.twimg.com/ext_tw_video_thumb/2052310565880827904/pu/img/MYutOWpK1kG3pWG4.jpg;;in;;0;0;0;https://x.com/undefined/status/2052310728850182571;18071520;
2,05225E+18;Thu May 07 04:55:35 +0000 2026;11;https://t.co/hxjy3imZdq;2,05225E+18;;;zxx;;1;0;1;https://x.com/undefined/status/2052250973905813976;1,85109E+18;
2,0522E+18;Thu May 07 04:36:21 +0000 2026;0;@buchenuppak Hai Kak @buchenuppak. Kami turut prihatin atas pengalaman yang dialami saat kondisi asma sedang kambuh. Sebagai informasi MRT Jakarta menyediakan Pin Prioritas bagi penyintas penyakit kronis seperti penyakit jantung epilepsi asma stroke atau ;2,05225E+18;;buchenuppak;in;;0;0;0;https://x.com/undefined/status/2052246133037215819;78847590;
2,05218E+18;Thu May 07 00:19:51 +0000 2026;5;https://t.co/BeRJAgfeG2;2,05218E+18;;;zxx;;0;2;2;https://x.com/undefined/status/2052181582677688449;1,62896E+18;
2,05198E+18;Wed May 06 12:23:17 +0000 2026;513;gk berubah loh base makeup Saya ini aku setia Bgt kalau aku bilang bagus artinya udh melewati debu truk Bekasi kebrutalan KRL Blue Line dan jalan di pedestrian Jakarta loh Ya. No bokis aku;2,052E+18;;kucingbungul;in;;4;10;11;https://x.com/undefined/status/2052001250099740711;1,54719E+18;
2,05194E+18;Wed May 06 08:06:19 +0000 2026;4;Resiko hidup di negara Open Source . Niat baik supaya orang lain selamat dari asap dan abu rokok malah endingnya ngeri euy. repost from mood. jakarta on IG dari threads kak ikraminasbl https://t.co/VkLiPhNlnF;2,05194E+18;https://pbs.twimg.com/media/HHnxVdLbAAALueM.png;;in;;1;2;3;https://x.com/undefined/status/2051936583851679774;318274209;
2,05139E+18;Tue May 05 16:31:31 +0000 2026;2;Polusi udara Jakarta yang baik dirusak oleh asap bakar sampah. Siang hari di saat semua jalanan macet polusi udara berada pada level hijau padahal tidak ada hujan. Pembakar sampah sudah sepatunya ditindak tegas. Ini adalah data polusi udara hari ini selama 24 jam. Buruk saat ini https://t.co/csXFpG1He5;2,0517E+18;https://pbs.twimg.com/media/HHkbe46acAAO8rb.jpg;jakarta7268;in;;1;0;0;https://x.com/undefined/status/2051701332386718037;1,88109E+18;
2,05154E+18;Tue May 05 05:30:43 +0000 2026;3;Jadi warga Jakarta tuh sedih sih udah gajinya banyak dipotong bayar pajak yg pejabatnya kerja aja ga becus harus tinggal jauh dari kantor biar bisa lebih murah dan nabung polusi bikin rutin sakit ISPA trus tiap hari chaos transum.;2,05154E+18;;;in;;0;0;0;https://x.com/undefined/status/2051535039549366681;82003083;
2,05153E+18;Tue May 05 05:09:01 +0000 2026;21;https://t.co/F093ARo3Kc;2,05153E+18;;;zxx;;0;1;3;https://x.com/undefined/status/2051529578901131772;1,88665E+18;
2,05139E+18;Mon May 04 20:07:51 +0000 2026;3;#Asean #Fifa #trending #PabrikWingsSumberPolusiUdara #BakarSampah #Smog #PM25 #Jakarta🇮🇩 #AirPollution #apartemen #KendalikanAsapPLTU S Selasa 05/05/2026 3:07 am baru aja polusi udara meningkat tinggi di jakut. Dosebabkan asap pabrik. Polusi udara yg disengaja. Bukan bakar sampah https://t.co/djeRCZdLDS;2,05139E+18;https://pbs.twimg.com/media/HHgDaC2a0AAhr5K.jpg;;in;;2;1;0;https://x.com/undefined/status/2051393389502079337;1,88109E+18;
2,05114E+18;Mon May 04 03:07:28 +0000 2026;2;10:05 am seperti inilah keadaan polusi udara Jakarta pagi hari ini. Sumber aset sumber polutan berasal dari pesisir laut utara Jakarta terus sampai ke laut Marunda. Ini adalah asap pabrik. Gak mungkin di lautan terjadi kebakaran hutan bukan di mana tumbuh pohon nya ? https://t.co/uJKK1VMojt;2,05114E+18;https://pbs.twimg.com/media/HHcZ3OfbgAAL4TI.jpg;;in;;0;0;0;https://x.com/undefined/status/2051136601175294118;2,01962E+18;
2,0509E+18;Sun May 03 11:13:35 +0000 2026;2;whoever made this poster need to REVISE this poster ASAP because yesterday i almost miss the race because they did bangkok/jakarta time wrong and now they are doing it WRONG AGAIN. it should be 20.25 (8.25 PM) bangkok/jakarta time as our timezone is in UTC +7 @Formula2;2,0509E+18;;;en;;0;1;0;https://x.com/undefined/status/2050896546460524697;1,68344E+18;
2,05086E+18;Sun May 03 08:48:48 +0000 2026;21;i m looking for a longterm sugar daddy kalau bisa dom Bali Jakarta jg oke. aku F23 i need it asap. yang serius pleaseee NO SCAMMERS #sugardaddy #sugarbaby #bali #jkt;2,05086E+18;;;in;;2;23;1;https://x.com/undefined/status/2050860113968374220;1,99885E+18;
2,0508E+18;Sun May 03 07:53:18 +0000 2026;2;@DKIJakarta https://t.co/0LDcCbrqAk Dampak buruk polusi udara Jakarta yg terjadi tadi mlm subuh pagi hingga pukul 10 am. 10 jam warga jakarta terpapar racun radikal bebas dr asap polusi udara yang tidak manusiawi ini;2,05085E+18;;DKIJakarta;in;;0;1;0;https://x.com/undefined/status/2050846143031267760;1,88109E+18;
2,05059E+18;Sun May 03 05:33:54 +0000 2026;6;@thoriqmm Sudah bahas sama teman-teman saya isip yg sekarang di Puskesmas kelurahan di Jakarta. Saya bilang Ni kalo kita gak masuk juga Puskesmas kagak jalan . Bayangin pustu kelurahan di daerah padat di Jakarta ada poli dewasa remaja balita KIA paru/batu;2,05081E+18;;thoriqmm;in;;0;1;1;https://x.com/undefined/status/2050811062254186784;1,89571E+18;
2,05073E+18;Sun May 03 00:19:41 +0000 2026;244;Nasib +62: Di Hari Pendidikan Nasional Presiden kirim ucapan lewat Instagram Story. Gurunya masih nungguin insentif Rp 400 ribu. 2 Mei 2026. Hari Pendidikan Nasional. Seluruh guru dan murid se-Indonesia bangun pagi pakai baju adat berdiri di lapangan jam 07.30 hormat https://t.co/Hyy69q2TJy;2,05073E+18;https://pbs.twimg.com/media/HHWp3UnaYAEjPC0.jpg;;in;;8;12;122;https://x.com/undefined/status/2050731988852818350;1,03142E+18;
2,05065E+18;Sat May 02 18:49:52 +0000 2026;2;#Asean #Wings #trending #southeastAsia #BakarSampah #IndonesiaGelap🇮🇩 #AirPollution @infoBMKG @dinaslhdki @DKIJakarta @pramonoanung @jkt_smartcity @GiaPratamaMD @DrEvaChaniago Polusi udara Jakarta. Bencana kejahatan yg di sengaja. Dr asap bakaran sampah dan asap pabrik https://t.co/DlNSdb5Mbx;2,05065E+18;https://pbs.twimg.com/media/HHVeYVXa8AAgHBG.jpg;jakarta7268;in;;1;1;0;https://x.com/undefined/status/2050648988962169003;1,88109E+18;
2,0506E+18;Sat May 02 15:39:05 +0000 2026;128;Bentrokan antara massa dari Aliansi BEM Seluruh Indonesia (BEM SI) dengan aparat kepolisian yang berjaga dalam unjuk rasa di Jalan Merdeka Selatan Gambir Jakarta Pusat Sabtu (2/5/2026) sore. Bentrokan itu diawali oleh protes mahasiswa yang tidak diperbolehkan untuk menggelar https://t.co/ubsD9gfG08;2,0506E+18;https://pbs.twimg.com/ext_tw_video_thumb/2050600903317803008/pu/img/A1Gj_-JaJSCSB1Ho.jpg;;in;;2;4;66;https://x.com/undefined/status/2050600976797851869;1,28275E+18;
2,05027E+18;Sat May 02 11:53:09 +0000 2026;2;@infoBMKG @dinaslhdki @DKIJakarta @pramonoanung @jkt_smartcity 6:50 pm keadaan polusi udara Jakarta saat ini meningkat disebabkan oleh asap bakar sampah itu yang dituju oleh Sinar hijau itu itu adalah sumber pembakaran sampah diperkirakan itu di Cempaka P;2,05054E+18;https://pbs.twimg.com/media/HHT_AZhb0AEb3He.jpg;jakarta7268;in;;0;1;0;https://x.com/undefined/status/2050544117089014114;1,88109E+18;
2,05051E+18;Sat May 02 09:47:07 +0000 2026;21;[GALERI FOTO] May Day 2026: Suara Buruh di Depan Tembok Kekuasaan Sore itu langit Jakarta tidak hanya berwarna biru tapi juga dibasuh oleh pekatnya asap merah yang membumbung ke udara. https://t.co/xsccZgcBm7;2,05051E+18;https://pbs.twimg.com/media/HHTiJeDbgAE5ZOg.jpg;;in;;1;1;4;https://x.com/undefined/status/2050512401326567578;130211143;
2,05044E+18;Sat May 02 05:07:19 +0000 2026;8;https://t.co/0oFf7RfGcN;2,05044E+18;;;zxx;;0;1;2;https://x.com/undefined/status/2050441985883021591;1,88665E+18;
2,05027E+18;Fri May 01 17:38:58 +0000 2026;2;#Asean #Fifa #trending #PabrikWingsSumberPolusiUdara #BakarSampah #Smog #PM25 #Jakarta🇮🇩 #AirPollution #apartemen #KendalikanAsapPLTU Sabtu 02/05/2026 12:38 am Polusi udara Jakarta saat ini meningkat disebabkan oleh asap bakar sampah khususnya di kawasan Pegangsaan Kelapa Gading https://t.co/I5LABRsScc;2,05027E+18;https://pbs.twimg.com/media/HHQEkAma8AE4fPg.jpg;;in;;2;1;0;https://x.com/undefined/status/2050268756795150608;1,88109E+18;
2,04995E+18;Fri May 01 15:10:14 +0000 2026;2;@pramonoanung @GiaPratamaMD @DrEvaChaniago 9:50 pm keadaan polusi udara Jakarta malam hari ini terlihat dalam keadaan yang baik yang buruk hanya di Danau Sunter Selatan karena banyak asap dari pembakaran jagung bakar. Seharusnya ditertibkan sih https://t.;2,05023E+18;https://pbs.twimg.com/media/HHPihXBbEAA_m2I.jpg;jakarta7268;in;;0;1;0;https://x.com/undefined/status/2050231327258284248;1,88109E+18;
2,04995E+18;Fri May 01 04:10:52 +0000 2026;2;11:09 am langit Jakarta tercemar karena asap polusi udara yang berasal dari kawasan Marunda jika Pemerintah ketat mengawasi lokasi ini dan mewajibkan pakai filter asap dan bekerja sesuai AMDAL tidak akan begini keadaan buruknya. https://t.co/SHhIRcyMhr;2,05007E+18;https://pbs.twimg.com/media/HHNLmKpaYAArBO8.jpg;jakarta7268;in;;0;1;0;https://x.com/undefined/status/2050065391268098502;1,88109E+18;
2,05006E+18;Fri May 01 03:56:29 +0000 2026;2;10:55 am angin dr timur ke barat. Sumber polusi udara dominan berasal dr sisi timur Jakarta. Salah 1 nya di Marunda ini.. ini asap pabrik yg sedang tdk pasang filter asapnya.. bekerja tdk sesuai dgn amdal nya wajib di denda 3 Milliar Rupiah !!! https://t.co/FBNkaCqRqC;2,05006E+18;https://pbs.twimg.com/media/HHNIToHbkAAn4Xh.jpg;;in;;0;1;0;https://x.com/undefined/status/2050061771805954388;2,01962E+18;
2,04978E+18;Thu Apr 30 09:32:43 +0000 2026;1;Kebakaran Apartemen di Jakarta Barat: 89 Warga Dievakuasi Asap Tembus hingga Lantai 33 https://t.co/xeugpDUz92;2,04978E+18;;;in;;0;0;0;https://x.com/undefined/status/2049784002383634844;124171593;
2,04978E+18;Thu Apr 30 09:19:30 +0000 2026;3;Kebakaran melanda Apartemen Mediterania di Tanjung Duren Jakarta Barat pada Kamis (30/4) menyebabkan sejumlah penghuni terjebak akibat asap tebal yang memenuhi gedung. Petugas pemadam kebakaran segera melakukan evakuasi dari sisi luar bangunan dengan memasang tangga https://t.co/g0VR2oXNtx;2,04978E+18;https://pbs.twimg.com/ext_tw_video_thumb/2049780377993281536/pu/img/2edUnED8T8alhbDF.jpg;;in;;0;0;2;https://x.com/undefined/status/2049780674572566723;18071520;
2,04978E+18;Thu Apr 30 09:14:39 +0000 2026;5;pagi ini kejadian kebakaran di salah satu apartemen jakarta barat.. asap tebal muncul dari salah satu unit apartemen. https://t.co/nTCUKTaaLn;2,04978E+18;https://pbs.twimg.com/amplify_video_thumb/2049779217420910592/img/p1tjyyCslVBHCrDX.jpg;;in;;0;0;1;https://x.com/undefined/status/2049779452151017940;1,31689E+18;
2,04977E+18;Thu Apr 30 08:52:22 +0000 2026;23;Kebakaran terjadi di Apartemen Mediterania Jakarta Barat Kamis (30/4) pagi tepatnya di Tower C akibat terbakarnya ruang panel. Insiden ini membuat kepanikan terutama bagi penghuni di lantai atas. Antonius (47) penghuni lantai 28 menceritakan saat kejadian asap sudah mulai https://t.co/PtfBvZYoF4;2,04977E+18;https://pbs.twimg.com/amplify_video_thumb/2049772677716725760/img/OalJw_qdq_uOjv8m.jpg;;in;;0;1;9;https://x.com/undefined/status/2049773845641572686;7,59693E+17;
2,04977E+18;Thu Apr 30 08:22:11 +0000 2026;7;Wtb JNJM CAT 2/3 HARGA NORMAL NO SCAM! SCAM JAUH JAUH! Pls dm @NanaLittleBearr ASAP! t. wts wtb jnjm jakarta;2,04977E+18;;;in;;0;0;3;https://x.com/undefined/status/2049766251552276806;1,69172E+18;
2,0496E+18;Thu Apr 30 08:17:41 +0000 2026;2;@DrEvaChaniago @GiaPratamaMD @pramonoanung Jakarta panas bukan krn sinar mataharinya. Melainkan dr hawa panas yg keluar dr cerobong asap pabrik dan PLTU batu bara. Suhu yg panas ini tersebar ke udara bebas jkt. Ditambah panas nya sinar matahari ya uda suh;2,04977E+18;;jakarta7268;in;;0;1;0;https://x.com/undefined/status/2049765118054207868;1,88109E+18;
2,04976E+18;Thu Apr 30 08:09:58 +0000 2026;4;Kebakaran Apartemen Mediterania Diduga Akibat Korsleting Panel KEBAKARAN melanda Apartemen Mediterania yang berlokasi di Tanjung Duren Grogol Petamburan Jakarta Barat (Jakbar) Kamis (30/4). Dilansir dari Antara asap keluar dari lantai dua salah satu bangunan gedung https://t.co/lOKQR3p1Zg;2,04976E+18;https://pbs.twimg.com/amplify_video_thumb/2049762160235118592/img/yMbxsz0g0bBBpiyw.jpg;;in;;0;0;1;https://x.com/undefined/status/2049763177387511954;68930552;
2,04976E+18;Thu Apr 30 07:58:10 +0000 2026;15;Seni Berlagak Paling Tidak Tahu: Strategi Indonesia Gelap Menuju Masa Depan JAKARTA 30 April 2026 Kita harus memberikan apresiasi setinggi-tingginya kepada Prabowo Subianto atas kemampuannya menampilkan sebuah *masterclass* dalam seni berpura-pura tidak tahu. Di tengah https://t.co/WPOFKVADnC;2,04976E+18;https://pbs.twimg.com/media/HHI2CrJa4AAbBJb.jpg;;in;;1;1;8;https://x.com/undefined/status/2049760204909371746;55300590;
2,04974E+18;Thu Apr 30 06:55:57 +0000 2026;5;Sebuah panel listrik di Apartemen Mediterania Tanjung Duren Jakarta Barat terbakar pada Kamis (30/4) pagi. Insiden ini memicu kepulan asap hitam pekat yang menyelimuti area bangunan dan memaksa petugas melakukan evakuasi besar-besaran terhadap para penghuni. Kepulan asap hitam https://t.co/qe4lVJYm4x;2,04974E+18;https://pbs.twimg.com/amplify_video_thumb/2049744344434069504/img/1ZiwYBx1sL1FeTi2.jpg;;in;;0;0;2;https://x.com/undefined/status/2049744548147163303;57261519;
2,0496E+18;Thu Apr 30 05:34:32 +0000 2026;3;@DrEvaChaniago @GiaPratamaMD Setelah mendokumentasi dan melakukan pelaporan akhirnya asap polusi udara dari laut utara Jakarta khususnya di Tanjung Priok meredah lihat perbedaan fotonya dalam beberapa menit langsung terjadi lebih cerah langitnya. Kacau ka;2,04972E+18;https://pbs.twimg.com/media/HHIVJy_asAAnCWk.jpg;jakarta7268;in;;1;2;1;https://x.com/undefined/status/2049724057600614589;1,88109E+18;
2,04972E+18;Thu Apr 30 05:32:49 +0000 2026;9;Kebakaran melanda Apartemen Mediterania yang berlokasi di Tanjung Duren Grogol Petamburan Jakarta Barat (Jakbar) Kamis pagi 30 April 2026. Berdasarkan di lokasi pada pukul 09.00 WIB asap keluar dari lantai dua salah satu bangunan gedung apartemen tersebut. Para penghuni https://t.co/Violkbk6NV;2,04972E+18;https://pbs.twimg.com/amplify_video_thumb/2049708262665449472/img/0kcBhRDiNQ54r3O1.jpg;;in;;0;0;2;https://x.com/undefined/status/2049723627667669031;57261519;
2,04966E+18;Thu Apr 30 05:08:05 +0000 2026;2;@DKIJakarta https://t.co/qC6pdwau3h Tolong pengendalian polusi udara difokuskan kepada asap pabrik asap PLTU yang ada di pesisir laut utara Jakarta setiap hari sumber asap berasal dari laut utara Jakarta ini datanya lengkap setiap hari dibuatin Kenapa ngg;2,04972E+18;;DKIJakarta;in;;1;2;0;https://x.com/undefined/status/2049717402498383872;1,88109E+18;
2,0496E+18;Thu Apr 30 05:06:34 +0000 2026;4;Polusi udara yang terjadi pada hari ini adalah asap yang disengaja yang berasal dari pabrik dan PLTU yang ada di pesisir laut utara Jakarta. Dr marunda hingga ke ancol view lautnya tertutup asap polusi udara berbau belerang/ SO2 @DrEvaChaniago @GiaPratamaMD https://t.co/xx3lk4PB0K;2,04972E+18;https://pbs.twimg.com/media/HHIOwgbbUAAbvrR.jpg;jakarta7268;in;;1;1;1;https://x.com/undefined/status/2049717020284092601;1,88109E+18;
2,0497E+18;Thu Apr 30 03:50:11 +0000 2026;65;Kebakaran Apartemen Mediterania 25 Penghuni Terjebak Dievakuasi ‼ Kebakaran melanda Apartemen Mediterania Tanjung Duren Grogol Petamburan Jakarta Barat Kamis (30/4/2026) pagi. Sebanyak 25 penghuni dilaporkan terjebak dan dievakuasi petugas pemadam kebakaran menggunakan https://t.co/x4S3ieKhgt;2,0497E+18;https://pbs.twimg.com/amplify_video_thumb/2049697699335929856/img/3cX-femm0WIb0e65.jpg;;in;;6;1;26;https://x.com/undefined/status/2049697800154488877;121640063;
2,04969E+18;Thu Apr 30 03:22:28 +0000 2026;4;Kebakaran terjadi di Apartemen Mediterania Tanjung Duren Jakarta Barat. Asap mengepul dari lantai dua petugas damkar evakuasi penghuni yang terjebak. https://t.co/H6VaBPa7gE;2,04969E+18;;;in;;0;1;2;https://x.com/undefined/status/2049690822254465495;69183155;
2,0492E+18;Wed Apr 29 09:40:34 +0000 2026;2;https://t.co/XYiiFNypIn Bertambahnya kendaraan mobil listrik tidak menjamin polusi udara Jakarta Bisa mereda ini buktinya dan juga penjelasan lengkapnya secara data. Ini berarti pengawasan kepada PLTU asap pabrik dan juga pembakaran sampah ilegal harus ditingkatkan !!;2,04942E+18;;jakarta7268;in;;1;1;0;https://x.com/undefined/status/2049423586600034558;1,88109E+18;
2,04934E+18;Wed Apr 29 04:07:16 +0000 2026;0;Dentuman keras gerbong ringsek kaca pecah asap membubung. Jalur tersibuk Daop 1 Jakarta lumpuh total. Tragedi itu berpangkal 35 menit sebelumnya di perlintasan JPL 85 Ampera.;2,04934E+18;;suaramerdeka;in;;0;1;0;https://x.com/undefined/status/2049339710942953760;219527452;
2,0493E+18;Wed Apr 29 01:28:54 +0000 2026;327;WE'RE HIRING!! - Fitaja (22 posisi) Join Our Growing Tech Team Posisi yang Dibuka: 1. Product Owner 2. Backend Dev Lead 3. Backend Dev 4. Frontend Dev Lead 5. Frontend Dev 6. IT PM Infra 7. IT Infrastructure 8. Data Engineer 9. UI/UX Designer 10. System Analyst 11. https://t.co/PlLmGvdHJ6;2,0493E+18;https://pbs.twimg.com/media/HHCTMUHacAA2aJZ.png;;en;;1;7;21;https://x.com/undefined/status/2049299854342668335;169872839;
2,04903E+18;Tue Apr 28 07:48:24 +0000 2026;2;Tutor les skripsi latihan sidang Konsul bimbingan artikel / proposal proofreading? pakai jasaku yuk boleh discuss dulu. bisa offline meet di Jakarta &amp sekitarnya Testinya cek pinnedku makasih bisa juga tutor / joki matkul jurusan hukum yaa tapi gak asap. #zonauang #wtb;2,04903E+18;;;in;;0;2;0;https://x.com/undefined/status/2049032970519167265;1933631180;
2,04897E+18;Tue Apr 28 03:20:32 +0000 2026;181;Jalan Pulang ke Hati Rakyat: Mengapa Saya Tak Takut Ditinggalkan Tokoh Besar. Saya ini bukan siapa-siapa . Hanya orang kampung dengan langkah yang lebih akrab dengan debu jalanan daripada lantai marmer istana. Kalau hari ini saya berdiri di sini itu bukan karena kehebatan https://t.co/FnvSZXHYaO;2,04897E+18;https://pbs.twimg.com/media/HG9jUO9a8AAlhMC.jpg;;in;;4;80;42;https://x.com/undefined/status/2048965560927719724;322126030;
2,04893E+18;Tue Apr 28 00:55:49 +0000 2026;40;Kronologi Tabrakan KA Argo Bromo &amp KRL di Bekasi Timur Awal Kejadian ~20.30 WIB Sebuah KRL Commuter Line rute Cikarang → Bekasi menabrak mobil taksi di perlintasan dekat Stasiun Bekasi Timur. KRL Berhenti Stasiun Bekasi Timur Akibat insiden taksi itu KRL rute Jakarta →;2,04893E+18;;;in;;0;7;5;https://x.com/undefined/status/2048929142071337079;1,77232E+18;
2,04847E+18;Mon Apr 27 11:22:40 +0000 2026;2;@infoBMKG @dinaslhdki @DKIJakarta @pramonoanung @jkt_smartcity 6:21 pm keadaan polusi udara Jakarta malam hari ini di saat waktunya semua karyawan pulang kerja. Tidak terjadi lonjakan polusi udara seperti yang terjadi pada waktu tengah malam subuh hingga ;2,04872E+18;https://pbs.twimg.com/media/HG6IE8ga4AAHfPI.jpg;jakarta7268;in;;1;1;0;https://x.com/undefined/status/2048724507838619807;1,88109E+18;
2,04821E+18;Sun Apr 26 00:58:58 +0000 2026;398;Jaman nguli di Bali dulu awal 2010 berhubung sering main ke Pulau Serangan buat bragging gw dong makan siang nyebrang pulau! ke teman-teman di Jakarta saya menemukan satu kios ikan bakar yang alakadarnya boro-boro scenic karena letaknya di tepian muara yang air lautnya;2,04821E+18;;;in;;2;8;60;https://x.com/undefined/status/2048205158254088437;113596781;
2,04812E+18;Sat Apr 25 19:07:12 +0000 2026;2;Akhirnya jakarta setelah drama ramen beast close order Bocil nangis etoll ga kebaca McD ga 24 jam bensin (hampir) habis di tengah hutan pom bensin tutup semua sambel bawang bikin batuk knalpot brong baterai abis pas topup gold idn ga podium (bodoamat) cegukan ga https://t.co/clSyyH9lDn;2,04812E+18;https://pbs.twimg.com/media/HGxfOcWakAIvLzc.jpg;;in;;0;1;0;https://x.com/undefined/status/2048116635761074366;1,68542E+18;
2,04807E+18;Sat Apr 25 15:49:43 +0000 2026;3;Finally back to Jakarta from vacation and can t wait to meet Joong finally very soon and time to clear my phone memory space asap help meeee;2,04807E+18;;;en;;0;1;0;https://x.com/undefined/status/2048066937402560683;1,29432E+18;
2,04789E+18;Sat Apr 25 03:56:29 +0000 2026;3;jakarta penuh asap https://t.co/uFTIUUPIoo;2,04789E+18;https://pbs.twimg.com/amplify_video_thumb/2047887372684337152/img/jPKjeC6_Jsiv_iQi.jpg;;in;;0;3;0;https://x.com/undefined/status/2047887444989853769;62811513;
2,0474E+18;Thu Apr 23 19:34:18 +0000 2026;2;#Asean #Fifa #trending #PabrikWingsSumberPolusiUdara #BakarSampah #Smog #PM25 #Jakarta🇮🇩 #AirPollution #apartemen #KendalikanAsapPLTU Jumat 24/04/2026 2:33 am Polusi udara Jakarta kembali hadir disebabkan oleh asap pabrik. Oligarki Ri jahat semua. Semoga kalian stop beli produk https://t.co/7E4HCzDxVX;2,0474E+18;https://pbs.twimg.com/media/HGnSPMiboAADd1i.jpg;;in;;1;1;0;https://x.com/undefined/status/2047398677426422189;1,88109E+18;
2,04731E+18;Thu Apr 23 13:38:15 +0000 2026;4;Tumpukan sampah di kawasan Pegangsaan Dua Kelapa Gading Jakarta Utara mengalami kebakaran sejak Kamis dini hari (22/4) dan menimbulkan asap hitam pekat serta bau menyengat yang terbawa hingga ke permukiman warga. Petugas pemadam kebakaran mengerahkan sejumlah mobil dan https://t.co/jj1nf9GU2O;2,04731E+18;https://pbs.twimg.com/ext_tw_video_thumb/2047308930549006336/pu/img/ByNKgZh08PFJZ3NA.jpg;;in;;1;0;1;https://x.com/undefined/status/2047309074342285764;18071520;
2,04698E+18;Thu Apr 23 11:55:38 +0000 2026;4;@jan22_nana @genuinely_trsr Wowww welcome to jakarta bestie Hopefully we can meet in the venue and enjoy our concert ASAP anyway let's be moots!!;2,04728E+18;;jan22_nana;en;;0;1;0;https://x.com/undefined/status/2047283250687787155;1,43996E+18;
2,04706E+18;Thu Apr 23 05:33:35 +0000 2026;5;@infoBMKG @dinaslhdki @DKIJakarta @pramonoanung @jkt_smartcity @DrEvaChaniago 12:32 pm polusi udara Jakarta sudah 3 hari keadaannya sangat buruk Berapa banyak korban jiwa yang disebabkan oleh bencana terorisme penyebaran asap polusi udara beracun ke masya;2,04719E+18;https://pbs.twimg.com/media/HGkR0N4bUAE9TTK.jpg;jakarta7268;in;;1;2;2;https://x.com/undefined/status/2047187106846662954;1,88109E+18;
2,04713E+18;Thu Apr 23 01:49:41 +0000 2026;2;Intermezzo pagi Polusi tingkat tinggi di Jakarta matahari sayup sayup dihalangi asap Gimana apa bedanya jagung luar dengan jagung jepang? https://t.co/jt363WRoPN;2,04713E+18;https://pbs.twimg.com/media/HGjekcLbcAAOANg.jpg;;in;;0;3;1;https://x.com/undefined/status/2047130757714604247;517937866;
2,04706E+18;Wed Apr 22 21:06:39 +0000 2026;2;#Asean #Fifa #trending #PabrikWingsSumberPolusiUdara #BakarSampah #Smog #PM25 #Jakarta🇮🇩 #AirPollution #apartemen #KendalikanAsapPLTU Kamis 23/04/226 4:05 am Polusi udara Jakarta kembali meningkat. Disebabkan oleh asap bakaran sampah.. ini bukti nya. Biadab pelakunya https://t.co/pp9hfHLjNe;2,04706E+18;https://pbs.twimg.com/media/HGidyXbbMAAsPLd.jpg;;in;;1;1;0;https://x.com/undefined/status/2047059529607909714;1,88109E+18;
2,04699E+18;Wed Apr 22 16:26:25 +0000 2026;5312;Pantesan antriannya rame diborong turis malay ternyata Buat temen2 turis malay yang datang ke Jakarta bisa coba beberapa oleh2 khas Jakarta yang lain dan enak rasanya: 1. Pisang Goreng Madu Bu Nanik Tanjung Duren 2. Asinan Betawi H. Mansyur Kamboja Rawamangun 3. Toko Kopi;2,04699E+18;;;in;;129;49;826;https://x.com/undefined/status/2046989009872945298;1,67643E+18;
2,04691E+18;Wed Apr 22 11:01:56 +0000 2026;97;drop the jakarta dates asap please https://t.co/iHvMVSDw22;2,04691E+18;https://pbs.twimg.com/media/HGgTWgZagAADtOj.jpg;;en;;8;0;8;https://x.com/undefined/status/2046907350028861803;2,00849E+18;
2,04689E+18;Wed Apr 22 09:46:32 +0000 2026;8;it s so funny how inabebes thought the monstas only ate kfc (apart from rendang) whilst staying in jakarta bc kihyun said so and we were all concerned but nope the wiskul bro shownu clarified it asap https://t.co/bOTHdWtutZ;2,04689E+18;https://pbs.twimg.com/media/HGgCIFya8AAM1vp.jpg;;en;;0;1;1;https://x.com/undefined/status/2046888376213922120;1,45113E+18;
2,04688E+18;Wed Apr 22 09:31:57 +0000 2026;3;Pagi panas sore hujan. Cuaca di Jakarta lagi nggak menentu nih Sobat Jakarta! Jangan lengah ya. Perubahan cuaca bisa picu penyakit seperti ISPA diare sampai DBD. Yuk simak video ini biar tahu cara jaga kesehatan di tengah cuaca yang nggak menentu! #AksiJagaIklim https://t.co/MbWhO82YH4;2,04688E+18;https://pbs.twimg.com/ext_tw_video_thumb/2046884651843911680/pu/img/KfQNi0M3BPzA5HSj.jpg;;in;;0;0;1;https://x.com/undefined/status/2046884704616644796;166014938;
2,04681E+18;Wed Apr 22 04:41:57 +0000 2026;2;Polusi udara Jakarta kalau meningkat tinggi pasti penyebabnya itu bukan dari kendaraan bermotor melainkan dari asap pabrik ASAP bakar sampah Asap PLTU batu bara https://t.co/nsmyPMHwk2;2,04681E+18;https://pbs.twimg.com/media/HGe8aGwbsAA6kGw.jpg;redbold7177;in;;0;0;0;https://x.com/undefined/status/2046811721831174596;2,01962E+18;
2,04651E+18;Tue Apr 21 08:50:50 +0000 2026;3;Hello @iKONIC_143 please announce FOUREVER Tour Jakarta date ASAP!!!;2,04651E+18;;;en;;0;0;1;https://x.com/undefined/status/2046511970816532769;1,69721E+18;
2,04634E+18;Tue Apr 21 06:41:59 +0000 2026;2;@dinaslhdki @GiaPratamaMD @pramonoanung @DrEvaChaniago 1:41 pm polusi udara di Jakarta Utara mulai menurun levelnya dari 68 turun ke 47 pengeluaran asap di pesisir laut utara udah mulai agak dikurangi setelah pelaporan yang tadi jikalau tidak diawasi baga;2,04648E+18;https://pbs.twimg.com/media/HGaOSbEbIAA-3me.jpg;jakarta7268;in;;0;2;0;https://x.com/undefined/status/2046479541787586995;1,88109E+18;
2,04618E+18;Mon Apr 20 10:32:40 +0000 2026;3;Kebakaran melanda Gedung D Direktorat Bina Pemerintah Desa Kemendagri di Jakarta Selatan Senin siang. Dua lantai bangunan hangus terbakar dengan asap tebal yang sempat memicu kepanikan karyawan di dalam gedung. #Kebakaran #Kemendagri #JakartaSelatan https://t.co/lMPH7GW5N7;2,04618E+18;https://pbs.twimg.com/amplify_video_thumb/2046175014366670848/img/3VtIBe7T8sUCfEtA.jpg;;in;;0;0;1;https://x.com/undefined/status/2046175206600032645;1,43109E+18;
2,04612E+18;Mon Apr 20 07:09:25 +0000 2026;4;oh jogja and cmpr i want to come back to you asap i ll see you in 6 months and for now jakarta im coming home!!! https://t.co/GSiDPcYXv0;2,04612E+18;https://pbs.twimg.com/media/HGVK-vvbgAAzDkJ.jpg;;en;;0;0;0;https://x.com/undefined/status/2046124058602066044;9,37815E+17;
2,04603E+18;Mon Apr 20 03:26:16 +0000 2026;19;@sighyam Yah ka yammi bergaul sama debu jakarta Mohon maaf sebelumnya kalo banyak jalan bolong itu salah wowok ya ka;2,04607E+18;;sighyam;in;;1;1;1;https://x.com/undefined/status/2046067899874550220;1,69317E+18;
2,04577E+18;Sun Apr 19 07:46:05 +0000 2026;4;For 2026 NCT JNJM FANMEETING TOUR [DUALITY] lN JAKARTA customer please check WhatsApp or DM twitter for confirming the data~ if I haven't send you DM. please send DM asap. Thank you #NCTJNJM #DUALITY #NCTJNJM_DUALITY #NCTJNJM_FANMEETING_TOUR #JAKARTA;2,04577E+18;;;en;;1;0;0;https://x.com/undefined/status/2045770897001418843;1,36479E+18;
2,04557E+18;Sat Apr 18 18:41:33 +0000 2026;3;#NAME?;2,04557E+18;;;in;;0;0;0;https://x.com/undefined/status/2045573463457628490;271436448;
2,04534E+18;Sat Apr 18 03:05:17 +0000 2026;12;Dulu di sudut-sudut jalanan Jakarta yang riuh dan tak pernah benar-benar tidur Fikri melangkah pelan sambil memanggul karung di punggungnya. Setiap langkahnya bukan sekadar mencari barang bekas tapi juga bertahan hidup di usia yang seharusnya dipenuhi buku dan pelajaran. Di https://t.co/nwE2ovLotz;2,04534E+18;https://pbs.twimg.com/ext_tw_video_thumb/2045337778574266368/pu/img/qyRjvld1boTQgGbs.jpg;;in;;1;1;10;https://x.com/undefined/status/2045337846199062846;1,28995E+18;
2,04495E+18;Sat Apr 18 00:51:54 +0000 2026;2;@apiekluvdan @angga_fzn No 4. gw dari bogor. 2 bulan kerja pertama di jakarta batuk gak kelar kelar.;2,0453E+18;;apiekluvdan;in;;0;1;1;https://x.com/undefined/status/2045304278873702858;1,10675E+18;
2,0451E+18;Fri Apr 17 11:08:43 +0000 2026;1;Kebakaran tragis melanda sebuah rumah di kawasan Tanjung Duren Grogol Petamburan Jakarta Barat pada Jumat dini hari (17/4). Dalam peristiwa tersebut lima orang yang merupakan satu keluarga dilaporkan meninggal dunia setelah terjebak kepulan asap saat api dengan cepat https://t.co/Q7a2I5tI3C;2,0451E+18;https://pbs.twimg.com/ext_tw_video_thumb/2045097024836755456/pu/img/TNUkFbF6VZGxrzaE.jpg;;in;;0;0;0;https://x.com/undefined/status/2045097118650843186;18071520;
2,04508E+18;Fri Apr 17 09:52:42 +0000 2026;4;Vacancy Alert WE RE HIRING: SOCIAL MEDIA INTERN https://t.co/5TGnzHBzk9 is looking for creative minds who can turn ideas into engaging content. Location: South Jakarta (Onsite) Duration: Minimum 3 months ⏰ Start Date: April 2026 (ASAP Joiner Preferred) ;2,04508E+18;;rsngprad;en;;0;2;0;https://x.com/undefined/status/2045077986484072657;1,44937E+18;
2,04507E+18;Fri Apr 17 09:25:52 +0000 2026;0;Kebakaran mendadak terjadi di kompleks asrama Polri di kawasan Kalideres Jakarta Barat pada Jumat siang 17 April 2026. Kepulan asap sempat terlihat membumbung membuat petugas pemadam kebakaran langsung bergerak cepat ke lokasi. Kepala Dinas Penanggulangan Kebakaran dan https://t.co/cUeBmvIBlk;2,04507E+18;https://pbs.twimg.com/media/HGGNc2DXIAIrlf6.jpg;;in;;0;1;0;https://x.com/undefined/status/2045071234954576052;41730943;
2,04498E+18;Fri Apr 17 03:31:09 +0000 2026;0;Satu keluarga tewas terjebak asap kebakaran di Grogol Petamburan rumah digembok dari dalam sehingga evakuasi terhambat. Duka mendalam dari peristiwa ini. #Kebakaran #Jakarta https://t.co/RlGEEy6Uzb;2,04498E+18;;;in;;0;0;1;https://x.com/undefined/status/2044981965661855800;47596019;
2,04472E+18;Thu Apr 16 10:16:27 +0000 2026;2;polusi di jakarta skrg makin parah jir gw cuma jalan 8 menit sampe rumah udah bau debu bau jalanan bau matahari dan muka gw berminyak bgt;2,04472E+18;;;in;;0;0;0;https://x.com/undefined/status/2044721575128445397;1,58298E+18;
2,0447E+18;Thu Apr 16 08:34:22 +0000 2026;6;Gubernur DKI Jakarta Pramono Anung Wibowo mengingatkan dampak peringatan El Nino bagi kesehatan khususnya terhadap saluran pernapasan. Jadi untuk El Nino yang paling akan menjadi isu utama ada dua. Yang pertama yang menyangkut ketersediaan pangan. Karena pasti ada beberapa https://t.co/hfmHJ5aLsk;2,0447E+18;https://pbs.twimg.com/media/HGA4ESNaIAA0VmK.jpg;;in;;0;0;0;https://x.com/undefined/status/2044695884882145282;18071520;
2,04418E+18;Wed Apr 15 16:33:51 +0000 2026;2;@GiaPratamaMD @DrEvaChaniago @dinaslhdki @pramonoanung @prabowo Apa dasarnya langit Jakarta dipenuhi dengan asap polusi udara beracun karena ada sumber yang besar yang mengeluarkan asap sangat banyak yang mengakibatkan kumpulan asap di langit Jakarta spon;2,04445E+18;https://pbs.twimg.com/media/HF9cOlxbIAA5Uo8.jpg;jakarta7268;in;;0;0;0;https://x.com/undefined/status/2044454164672221231;1,88109E+18;
2,04408E+18;Wed Apr 15 13:46:26 +0000 2026;15;@raykairi Jakarta memang punya seribu wajah siang hari milik para pekerja kerah putih malam hari di MAngga BESar milik mereka yg hidup di bawah pendar lampu neon warna-warni yg sedikit redup. ​Saat jarum jam melewati angka dua belas MAngga BESar tidak l;2,04441E+18;;raykairi;in;;0;1;0;https://x.com/undefined/status/2044412030556488084;135133400;
2,04433E+18;Wed Apr 15 08:35:37 +0000 2026;7;Di tengah cuaca yang tidak menentu seperti sekarang kadang panas terik lalu tiba-tiba hujan daya tahan tubuh kita bisa lebih mudah menurun. Kondisi ini membuat berbagai penyakit lebih rentan menyerang terutama penyakit yang sering muncul saat perubahan musim. Mulai dari https://t.co/kR9SNXp7xy;2,04433E+18;https://pbs.twimg.com/amplify_video_thumb/2044333648061861888/img/DDUiJFFef-f-kBlE.jpg;;in;;0;1;3;https://x.com/undefined/status/2044333814680543665;166014938;
2,04422E+18;Wed Apr 15 01:32:34 +0000 2026;5;@txtdrjkt pilihan transportasi pekerja Jakarta: 1. Mobil: macet gila udah stress di jalan 2. Motor: macetnya masi ok tp kena debu dan panas jd badmood 3. KRL: waktu yang sangat efisien tp harus siap jd pepes 4. LRT: mahal dan JALANNYA LAMA BGT;2,04423E+18;;txtdrjkt;in;;0;0;1;https://x.com/undefined/status/2044227348808249589;1,77373E+18;
2,04395E+18;Tue Apr 14 07:19:59 +0000 2026;14;Will post the forms for EXO PLANET 6 in JAKARTA (additional dates) ASAP;2,04395E+18;;;en;;0;9;2;https://x.com/undefined/status/2043952393197629503;1,45722E+18;
2,04392E+18;Tue Apr 14 05:30:14 +0000 2026;4;Kebakaran melanda kamar indekos lantai empat di Jalan Sumur Batu Raya Kemayoran Jakarta Pusat Selasa (14/4/2026) pagi. Api berhasil dilokalisasi petugas Gulkarmat Jakarta Pusat dalam 30 menit. Peristiwa ini memicu kepanikan penghuni yang berhamburan keluar menyelamatkan diri https://t.co/CCoZCW6law;2,04392E+18;https://pbs.twimg.com/amplify_video_thumb/2043924718571626496/img/SNOdWg5DF8xMkPuf.jpg;;in;;0;0;0;https://x.com/undefined/status/2043924772690776266;154102750;
2,04377E+18;Mon Apr 13 21:23:02 +0000 2026;2;4:22 am polusi udara di Jakarta Utara khususnya di Sunter sudah mereda langit kembali cerah asap coklat tidak terlihat lagi Terima kasih kesadaran kalian telah bertumbuh. Mari kita juga bersama-sama polusi udara beracun ini saya Ikhlas jadi pemimpin kalian;2,0438E+18;;jakarta7268;in;;0;1;0;https://x.com/undefined/status/2043802163013660855;1,88109E+18;
2,04361E+18;Mon Apr 13 08:39:02 +0000 2026;18;@JDVance hey wanna come over to Jakarta asap? thanks;2,04361E+18;;JDVance;en;;0;0;1;https://x.com/undefined/status/2043609897552515301;9,12977E+17;
2,04339E+18;Sun Apr 12 18:16:18 +0000 2026;3;#Asean #Fifa #trending #PabrikWingsSumberPolusiUdara #BakarSampah #Smog #PM25 #Jakarta🇮🇩 #AirPollution #apartemen #KendalikanAsapPLTU Senin 13/04/2026 1:15 am Polusi udara pada saat ini tengah malam menuju subuh memburuk disebabkan asap dari pabrik yg berasal dr Marunda https://t.co/wObMld6k2C;2,04339E+18;https://pbs.twimg.com/media/HFuW5qXa8AAQ1gb.jpg;;in;;2;2;1;https://x.com/undefined/status/2043392784506429507;1,88109E+18;
2,04268E+18;Fri Apr 10 22:33:48 +0000 2026;2;@pramonoanung @DrEvaChaniago @GiaPratamaMD @dinaslhdki 5:32 am pagi hari ini langit Jakarta terlihat sangat kotor berwarna kecoklatan dipenuhi oleh asap hasil dr pembakaran sampah. Tubuh penduduk Jakarta jutaan orang dikotori peredaran darahnya karena tel;2,04273E+18;https://pbs.twimg.com/media/HFk-p8vakAAH0rT.jpg;jakarta7268;in;;0;1;1;https://x.com/undefined/status/2042732809740300396;1,88109E+18;
2,04268E+18;Fri Apr 10 21:05:16 +0000 2026;12;@pramonoanung @DrEvaChaniago @GiaPratamaMD @dinaslhdki 4:05 am polusi udara Jakarta kembali meningkat saat ini subuh hari ini disebabkan oleh asap pembakaran sampah di lokasi Marunda dan juga Kelapa Gading ini buktinya. Udara bau busuk karet terbakar ini ;2,04271E+18;https://pbs.twimg.com/media/HFkqZLCbsAA6H35.jpg;jakarta7268;in;;2;1;10;https://x.com/undefined/status/2042710529660313685;1,88109E+18;
2,04259E+18;Fri Apr 10 13:18:37 +0000 2026;2;https://t.co/Aw53My9FVd Grok ikutan menganilsa keadaan Polusi udara Jakarta yang saat ini sedang terjadi yang disebabkan oleh asap bakar sampah;2,04259E+18;;redbold7177;in;;0;0;0;https://x.com/undefined/status/2042593090700181582;2,01962E+18;
2,04213E+18;Fri Apr 10 12:56:43 +0000 2026;2;@dinaslhdki https://t.co/VzAZW0BmeV Mendadak polusi udara Jakarta kembali meningkat sumber asapnya berasal dari Pegangsaan Kelapa Gading dan juga dari kawasan Marunda asap ini adalah asap pembakaran sampah dan juga dedaunan kering yang dibakar dalam jumla;2,04259E+18;https://pbs.twimg.com/media/HFi6ku0akAAggss.jpg;dinaslhdki;in;;0;0;0;https://x.com/undefined/status/2042587582748594673;1,88109E+18;
2,04256E+18;Fri Apr 10 10:50:55 +0000 2026;12;(INTERN HIRING) Location: South Jakarta WFO format Onboarding: ASAP I'm looking for a strategic and proactive intern to help me manage &amp orchestrate programs across 9 AI Centers (AIC) from Aceh to Papua. This role is perfect for someone who wants real exposure to national-scale;2,04256E+18;;rsngprad;en;;0;1;0;https://x.com/undefined/status/2042555921025634349;1,44937E+18;
2,04248E+18;Fri Apr 10 05:43:15 +0000 2026;16;@txtdrjkt 2013 waktu pertama dateng ke Jakarta berasa semrawut ke terminal Blok M rebutan naik Metro Mini bau asep knalpot debu jalanan keringet kernet. Sekarang jauh jauh lebih nyaman. Semua bus kota udah ber AC dan Ev. MRT jg nyaman. Yg semrawut plg ojo;2,04248E+18;;txtdrjkt;in;;0;0;1;https://x.com/undefined/status/2042478497810223464;1,94879E+18;
2,04247E+18;Fri Apr 10 05:15:47 +0000 2026;17;Cerpen: DUA RODA YANG MENOLAK TUMBANG. Sepeda itu warnanya dulu biru. Sekarang tinggal sisa-sisa lebih banyak karat daripada cat. Sadelnya sobek busanya nongol kayak luka yang gak sembuh-sembuh. Rantai berisik tiap dikayuh bunyinya _krek... krek..._ kayak tulang tua. Tapi https://t.co/VGl5ZnAQWw;2,04247E+18;https://pbs.twimg.com/media/HFhRFGqbQAIh196.jpg;;in;;0;5;1;https://x.com/undefined/status/2042471582560661554;1,30362E+18;
2,04244E+18;Fri Apr 10 02:54:40 +0000 2026;92;Salah satu complain dari Penumpang untuk Driver PO Kramat Djati yang merokok selama perjalanan. Bus ini gak pake sekat pembatas antara kabin kru dan penumpang sehingga asap nya cukup mengganggu buat para penumpang Kalo pake sekat aja bisa bocor keruangan apalagi gapake sekat:(( https://t.co/ZiqWfTvoXD;2,04244E+18;https://pbs.twimg.com/media/HFgwxqybQAANU7m.jpg;;in;;4;12;14;https://x.com/undefined/status/2042436071439716674;1,14645E+18;
2,04226E+18;Thu Apr 09 15:12:34 +0000 2026;7;Dear @IMAX This is very unacceptable. It ruined my watching experience. It is very visible and distracting. I am disappointed. I don t know what those are but please please please call them and fix it ASAP. Cinema: @cinema21 Location: Mall Kelapa Gading Jakarta Indonesia. https://t.co/ycwrnq9Kbn;2,04226E+18;https://pbs.twimg.com/media/HFeQE0JbwAADsak.jpg;;en;;0;4;1;https://x.com/undefined/status/2042259379404394670;1464135032;
2,04202E+18;Wed Apr 08 23:28:31 +0000 2026;22;Jakarta langitnya sudah gak penuh asap lagi ya? Pagii https://t.co/9iPmsf2G8x;2,04202E+18;https://pbs.twimg.com/media/HFa4AE8boAAVsvl.jpg;;in;;0;14;1;https://x.com/undefined/status/2042021803087032359;78260254;
2,04196E+18;Wed Apr 08 22:45:39 +0000 2026;2;@infoBMKG @dinaslhdki @DKIJakarta @pramonoanung 5:43 am mendadak polusi udara Jakarta meningkat sangat tinggi dari Angka 5 naik ke 43 45 orange. Penyebabnya adalah asap pabrik yang berasal dari kawasan Kelapa Gading Pegangsaan dari PLTU Tanjung Priok dari;2,04201E+18;https://pbs.twimg.com/media/HFauLn-a8AQWAZr.jpg;jakarta7268;in;;2;1;0;https://x.com/undefined/status/2042011013672005997;1,88109E+18;
2,04187E+18;Wed Apr 08 13:25:56 +0000 2026;3;yaaaa dimarahin bokap grgr batuk bawaan dr jakarta ga sembuh2 : makanya gausah kau pergi jauh2 lagi ;2,04187E+18;;;in;;0;0;0;https://x.com/undefined/status/2041870158021767644;1,57977E+18;
2,0418E+18;Wed Apr 08 08:56:04 +0000 2026;2;https://t.co/WXH1BWYelC;2,0418E+18;;;zxx;;1;0;0;https://x.com/undefined/status/2041802242173337889;253610602;
2,04175E+18;Wed Apr 08 05:46:58 +0000 2026;0;Kebakaran terjadi di gedung Satreskrim Polres Metro Jakarta Barat Rabu (8/4) pagi. Api terlihat melahap bagian depan lantai dua gedung dan sempat memicu asap hitam pekat yang membumbung ke udara. Peristiwa ini terekam dalam video yang beredar di media sosial. Kasie Ops Sudin https://t.co/ztYJKGu2zK;2,04175E+18;https://pbs.twimg.com/amplify_video_thumb/2041754483534000128/img/le4DKracrOPNKtzD.jpg;;in;;1;1;0;https://x.com/undefined/status/2041754656888721829;2392460208;
2,04175E+18;Wed Apr 08 05:28:15 +0000 2026;1;Kebakaran terjadi di Kantor Polres Metro Jakarta Barat yang berlokasi di Jalan Daan Mogot Kedoya Utara Kebon Jeruk Jakarta Barat pada Rabu (8/4/2026) pagi. Peristiwa tersebut dilaporkan bermula dari lantai dua gedung utama. Asap sempat terlihat membumbung dari area tersebut https://t.co/rksOjONJ6L;2,04175E+18;https://pbs.twimg.com/amplify_video_thumb/2041749827961376768/img/bVX2JATeHL60LIbu.jpg;;in;;0;0;0;https://x.com/undefined/status/2041749944210715121;231355136;
2,04173E+18;Wed Apr 08 04:00:35 +0000 2026;1; Kebakaran terjadi di Polres Metro Jakarta Barat asap hitam sempat membumbung tinggi dan bikin panik warga sekitar. Ini faktanya https://t.co/RP5wCBTofq;2,04173E+18;;;in;;0;0;0;https://x.com/undefined/status/2041727881932632285;47596019;
2,04171E+18;Wed Apr 08 02:58:12 +0000 2026;0;Polres Metro Jakarta Barat Kebakaran Api Berkobar dengan Asap Hitam https://t.co/d2Q4RlA6Au;2,04171E+18;;;in;;0;0;0;https://x.com/undefined/status/2041712185240645656;388190238;
2,04171E+18;Wed Apr 08 02:44:06 +0000 2026;41;Udah h-3 ITW Jakarta. Mau reminder tetep jaga kesehatan ya guys. Sekarang cuaca ga nentu dari panas banget tiba2 ujan besar. Terus juga batuk dan flu udah mulai menyerang. Makan jangan kelewat minum air putih jangan diskip. Pemanasan tipis² Semoga kita disehatkan selalu yaa;2,04171E+18;;;in;;0;1;15;https://x.com/undefined/status/2041708636180000837;1,72028E+18;
2,0417E+18;Wed Apr 08 01:53:28 +0000 2026;904;Gila sih obrolan antara Habib Jafar (Jafar) dan Fajar Sadboy (Fajar) ini bener-bener kayak tabrakan dua galaksi. Yang satu ahli dakwah dengan logika langit yang satu ahli quotes dengan logika bawah genteng. Tapi kalau lu teliti banyak banget pelajaran hidup yang pedas dan https://t.co/C76raIqWX3;2,0417E+18;https://pbs.twimg.com/media/HFWOotgboAAs1tX.jpg;;in;;4;14;139;https://x.com/undefined/status/2041695891711803499;1,77232E+18;
2,04135E+18;Tue Apr 07 02:52:23 +0000 2026;14;pada blg itu india premium beda aiueo ya sama aja sih jakarta kl lu nginep di langham jg enak coba main noh ke priok isinya debu semua ;2,04135E+18;;;in;;0;3;0;https://x.com/undefined/status/2041348331063103753;7,39532E+17;
2,04134E+18;Tue Apr 07 02:04:38 +0000 2026;4;Debu Jakarta Utara tuh udah padah banget udah berkabut banget;2,04134E+18;;;in;;0;3;0;https://x.com/undefined/status/2041336314759676128;1,82982E+18;
2,04088E+18;Mon Apr 06 13:13:16 +0000 2026;2;@infoBMKG @dinaslhdki @DKIJakarta @pramonoanung 8:12 pm polusi udara Jakarta saat ini malam hari ini sangat buruk disebabkan oleh asap kebakaran sampah. Kejam banget.. parah. Belum lama anak2 sembuh sakit skrg kembali sakit lagii. Krn kejahatan kalian htt;2,04114E+18;https://pbs.twimg.com/media/HFOX_osaYAAkMCI.jpg;jakarta7268;in;;0;1;1;https://x.com/undefined/status/2041142195118600333;1,88109E+18;
2,0411E+18;Mon Apr 06 10:09:23 +0000 2026;7;Ada yang butuh #loker ? We're growing fast and we're HIRING! Looking for passionate &amp experienced talents to join Assemble K · Full WFO Kuningan Jakarta · Can join ASAP · Salary negotiable · English required (except Live Producer &amp;;;;;;;;;;;
2,04108E+18;Mon Apr 06 09:20:51 +0000 2026;2;Langit jakarta sedang kebanjiran asap polusi udara.. itu bukan kabut- mana ada kabut dibgin di siang hari jakarta dgn suhu 37C itu asap pabrik yg terdorong oleh angin yg speednya sedang cepat saat inii https://t.co/N6eu4UP04H;2,04108E+18;https://pbs.twimg.com/media/HFNizexbMAAqvrc.jpg;;in;;0;0;0;https://x.com/undefined/status/2041083704261693512;2,01962E+18;
2,04084E+18;Sun Apr 05 16:55:00 +0000 2026;14;GenZ ~ Sender M23. Domisili Jakarta looking for anything. Tb 179cm and on progress gym ahaha yang jelas aja dan yang mau kenalan gas. Just comment and i will reply you ASAP! https://t.co/3to6ELS9xb;2,04084E+18;https://pbs.twimg.com/media/HFJ-9FWbYAAdmuY.jpg;;en;;0;18;1;https://x.com/undefined/status/2040835606876749978;1,38187E+18;
2,03973E+18;Thu Apr 02 15:31:10 +0000 2026;42;Pernah makan disuatu cafe daerah di simprug jakarta. Karena waktu itu jalanan sore hari menuju daerah itu matot alias macet total pas nyampe saya kalab makan makanan yang ada dimeja.. ada suatu makanan saya makan dengan lahap.. kok rasanya kaya lidah sapi asap pake bumbu asap https://t.co/ighfCLRZDl;2,03973E+18;https://pbs.twimg.com/media/HE6RIRya8AAwJdc.jpg;;in;;1;24;5;https://x.com/undefined/status/2039727347583398114;155157511;
2,03961E+18;Thu Apr 02 07:28:58 +0000 2026;2;Call me pengangguran banyak acara the way i choose to ngiderin jakarta pake tije rather than go home asap;2,03961E+18;;;in;;0;3;0;https://x.com/undefined/status/2039605995916398644;1,69119E+18;
2,03948E+18;Thu Apr 02 07:20:05 +0000 2026;27;@infoBMKG Ya Tuhan tolong geser titik gempanya ke jakarta saat orang2 Biadap yg pura2 memimpin negri ini berkumpul disuatu tempat..lenyapkan smpai jasad mereka lebur JD debu;2,0396E+18;;infoBMKG;in;;0;27;1;https://x.com/undefined/status/2039603761526776156;381815086;
2,03958E+18;Thu Apr 02 05:34:16 +0000 2026;2;Ini keadaan polusi udara Jakarta kemaren siang di waktu yg sama.. msh jauh lbh baik dr od keadaan polusi udara siang hari inii. Hari inii bener2 disengaja banget polusi udara hrs tinggi. Heran yaa jikalau agin muson barat ya sumber polusi di klp gading kog gak keluarkan asap;2,03958E+18;;redbold7177;in;;0;1;0;https://x.com/undefined/status/2039577133199356295;2,01962E+18;
2,03944E+18;Thu Apr 02 05:29:10 +0000 2026;2;12:27 pm keadaan polusi udara Jakarta siang hari ini masih dalam keadaan yang buruk. Langit Jakarta masih terlihat sangat berasap. Udara berbau busuk dan berdebu. Lalu apakah dibiarkan bgini aja ?? Tanpa adanya upaya menyetop sumber asap nya? Pabrik hrs di paksa beli filter asap https://t.co/rOlZS4YDnM;2,03958E+18;https://pbs.twimg.com/media/HE4HakYboAAmida.jpg;jakarta7268;in;;1;1;0;https://x.com/undefined/status/2039575848211407195;1,88109E+18;
2,03957E+18;Thu Apr 02 04:48:26 +0000 2026;227;SIARAN PERS Peringatan Dini Tsunami Dampak Gempabumi M7.6 di Malut Dinyatakan Berakhir BMKG Pantau Kenaikan Muka Air di Beberapa Wilayah Jakarta 2 April 2026 -- Badan Meteorologi Klimatologi dan Geofisika (BMKG) mengakhiri peringatan dini tsunami pascagempabumi di wilayah;2,03957E+18;;;in;;12;10;86;https://x.com/undefined/status/2039565598229971023;108543358;
2,03951E+18;Thu Apr 02 01:21:26 +0000 2026;1;GEMPABUMI TEKTONIK M7 3 DI PULAU BATANG DUA TERNATE MALUKU UTARA BERPOTENSI TSUNAMI Hari Kamis 02 April 2026 pukul 05.48.14 WIB wilayah Pantai Barat Daya Pulau Batang Dua Ternate Maluku Utara diguncang gempa tektonik. Hasil analisis BMKG menunjukkan gempabumi ini memiliki https://t.co/F4q4wPKXSX;2,03951E+18;https://pbs.twimg.com/media/HE3MxuZbUAAkORV.jpg;;in;;1;1;5;https://x.com/undefined/status/2039513505599275298;3063804174;
2,03944E+18;Wed Apr 01 20:21:31 +0000 2026;2;#Asean #Fifa #trending #PabrikWingsSumberPolusiUdara #BakarSampah #Smog #PM25 #Jakarta🇮🇩 #AirPollution #apartemen #KendalikanAsapPLTU Kamis 02/04/2026 3:19 am Dr pukul 12 sampai saat ini 3 jam lebih polusi udara di jakut buruk banget. Asap pabrik penyebabnya https://t.co/oy4lJoU8Wc;2,03944E+18;https://pbs.twimg.com/media/HE2KECBbYAA_bZa.jpg;;in;;1;1;0;https://x.com/undefined/status/2039438028725436661;1,88109E+18;
2,03907E+18;Wed Apr 01 06:06:45 +0000 2026;3;11:58 am polusi udara Jakarta terlihat dalam keadaan yang membaik tetapi harus kita sadari bahwa tubuh kita ini sudah didera asap gas beracun polusi udara selama 12 jam dari jam 09.00 malam sampai jam 09.00 pagi. Hr ini adalah hr ke 4 perbuatan jahat ini terjadi. Muson timur https://t.co/1RPR6Qzuo5;2,03922E+18;https://pbs.twimg.com/media/HEzGb_ybUAAstxD.jpg;jakarta7268;in;;2;1;1;https://x.com/undefined/status/2039222919981863253;1,88109E+18;
2,03911E+18;Tue Mar 31 22:30:05 +0000 2026;3;3 Peristiwa Penting di Jakarta dalam 24 Jam Terakhir 1. Polusi udara Jakarta memburuk parah subuh ini akibat asap pabrik &amp PLTU batubara. 2. Dahan pohon kapuk besar tumbang timpa SPBU di Senen 3 pengendara terluka. 3. Polda Metro Jaya ungkap clandestine lab narkoba di https://t.co/JAnLrH7xx4;2,03911E+18;https://pbs.twimg.com/media/HExd6YvaIAA0-Al.jpg;;in;;0;0;1;https://x.com/undefined/status/2039107995251224815;8,92016E+17;
2,03907E+18;Tue Mar 31 20:05:41 +0000 2026;3;#Asean #Fifa #trending #PabrikWingsSumberPolusiUdara #BakarSampah #Smog #PM25 #Jakarta🇮🇩 #AirPollution #apartemen #KendalikanAsapPLTU Rabu 01/04/2026 3:05 am Keadaan polusi udara Jakarta subuh hari ini terlihat sangat buruk yang disebabkan oleh asap pabrik dan PLTU batubara https://t.co/RZJst4I9nF;2,03907E+18;https://pbs.twimg.com/media/HEw83Bga0AAWbXq.jpg;;in;;2;1;0;https://x.com/undefined/status/2039071657265115220;1,88109E+18;
2,03877E+18;Tue Mar 31 00:26:37 +0000 2026;13;Walaupun namanya dikenal dengan motor bebek bagi pemiliknya ia punya nama Torakusu sesuai nama depan pendiri pabriknya Torakusu Yamaha. Ia pernah menubruk pembatas jalan di Pondok Indah. Putus rantai di perjalanan. Ban bocor di Pejompongan. Kena tubruk mobil dari belakang. https://t.co/HoHGiuFGOX;2,03877E+18;https://pbs.twimg.com/media/HEsu_ytbgAAyF_v.jpg;;in;;0;4;1;https://x.com/undefined/status/2038774934080811361;86934018;
2,03872E+18;Mon Mar 30 21:04:35 +0000 2026;2;Sampai jadi debu secarik dua carik kertas berisikan catatan harian seorang ibu. Ditulis di salah satu ranjang Rumah Sakit Dharmais Jakarta Barat. https://t.co/AYa06mkmiG;2,03872E+18;https://pbs.twimg.com/media/HEsAwHVbMAAbxRn.jpg;;in;;0;0;0;https://x.com/undefined/status/2038724090383815048;1,74191E+18;
2,03864E+18;Mon Mar 30 15:37:08 +0000 2026;2;Penjelasan Kemenkes soal Kematian Dokter di Cianjur: Diagnosis Akhir Campak dengan Gangguan Jantung-Otak Jakarta - Kementerian Kesehatan menjelaskan kronologi kematian dokter magang (internship) AMW (25) di Cianjur Jawa Barat. Pada 8-16 Maret 2026 AMW berdinas di RSUD Pagelan https://t.co/J4vxJq6K7L;2,03864E+18;https://pbs.twimg.com/amplify_video_thumb/2038641612058992640/img/hK1egwAUQ8LwjFGI.jpg;;in;;0;0;0;https://x.com/undefined/status/2038641685480313250;121640063;
2,03851E+18;Mon Mar 30 07:03:34 +0000 2026;18;Elegi Satu Abad Jam Gadang: Ingatan Luka dan Waktu yang Terus Berdetak setelah 187 nyawa. Pagi ini udara Jakarta yang pengap seolah tersapu oleh bayangan kabut dingin dari Ngarai Sianok saat saya dikirimi sebuah foto yang menarik hati. Di layar ponsel tampak seorang sahabat https://t.co/MgiAY2jbM2;2,03851E+18;https://pbs.twimg.com/media/HEpAB0pboAA2xSL.jpg;;in;;1;2;3;https://x.com/undefined/status/2038512442016440817;55300590;
2,038E+18;Sun Mar 29 13:47:58 +0000 2026;2;️ diatas keadaannya baik. Laporann saat ini 8:46 pm keadaan polusi udara Jakarta Memburuk. Asap dr bakaran sampah menyebar keseluruh kota jakarta. Menyebarkan racun bau busuk (VCO HCHO) CO Dioxin PM 2 5 dll. Kejahatan teroris ini terpelihara banget yaa !! https://t.co/kmLlD78I2z;2,03825E+18;https://pbs.twimg.com/media/HElTNb-aUAAzU2I.jpg;jakarta7268;in;;1;1;0;https://x.com/undefined/status/2038251823358939286;1,88109E+18;
2,03786E+18;Sat Mar 28 12:00:21 +0000 2026;124; EVE 2026 BIRTHDAY CAFE EVENT RSVP is finally open. Let's celebrate Eve Birthday together! Sat 23 May 2026 Bagi Kopi Lenteng Agung South Jakarta ⏰ 15.00-18.00 WIB Rp155.000/pax https://t.co/2i6QxAFQAm Grab your slot asap! Limited slot #MemoriesWithEve https://t.co/TVx6o9GNPO;2,03786E+18;https://pbs.twimg.com/media/HEfw_W4akAA8jtZ.jpg;;en;;12;2;57;https://x.com/undefined/status/2037862351970742517;1,81032E+18;
2,03785E+18;Sat Mar 28 11:26:11 +0000 2026;2; Hiring HR Generalist Jakarta PT ELL Environmental Indonesia. Min 1 yr HR exp &amp HRIS strong admin &amp;;;;;;;;;;;
2,03779E+18;Sat Mar 28 07:29:04 +0000 2026;4;Indonesia mulai memasuki musim/cuaca Pancaroba. Kamis Minggu lalu sebelum masuk Lebaran cuacanya sudah mulai kurang mendukung. Dari panas terik sejak 13 Maret di Jakarta dan berakhir hujan di Jum'at malam sebelum lebaran di hari Sabtu. Banyak yang mulai terkena gejala batuk². https://t.co/IydJoytyqO;2,03779E+18;https://pbs.twimg.com/media/HEeyw1KbQAA_ZOz.jpg;;in;;1;1;1;https://x.com/undefined/status/2037794081334771938;263535077;
2,03755E+18;Fri Mar 27 15:27:01 +0000 2026;1;@EtihadHelp urgent issue: my booking was changed from Medan (KNO) to Jakarta (CGK) without consent. This is a change of final destination not a schedule change. Under EU261 I must be rerouted to KNO. Please escalate and provide a solution ASAP.;2,03755E+18;;EtihadHelp;en;;9;18;1;https://x.com/undefined/status/2037551975106048428;9,21738E+17;
2,03745E+18;Fri Mar 27 08:36:03 +0000 2026;18;Hi i'm an Indonesian EXO-L and i'm looking for Portuguese Spain France Netherlands England and Japan EXO-L that could buy me a 2026 EXO Planet #6 EXhOrizon in Jakarta ticket as a pay back for colonizing my country and make my ancestors suffer. DM me ASAP. Thankyou!;2,03745E+18;;;en;;0;0;0;https://x.com/undefined/status/2037448550641283147;1,34498E+18;
2,03744E+18;Fri Mar 27 07:52:44 +0000 2026;5;Will open for EXO PLANET 6 in JAKARTA ASAP! Kindly stay tune on our social media (instagram/x);2,03744E+18;;;en;;0;0;1;https://x.com/undefined/status/2037437652430180706;1,45722E+18;
2,03742E+18;Fri Mar 27 07:51:12 +0000 2026;2;oh ya purin lupa infoin~~ Purin adalah maskot dari brand Purinto percetakan kecil yang produksinya di rumah dari Jakarta Purin baru buka toko sekitar 3 bulan (jalan 4 bulan april ini) Jadi mohon maaf yaa kalau budget komisnya belum banyak.. umur dan omsetnya masih butiran;2,03744E+18;;purintocafe;in;;0;0;0;https://x.com/undefined/status/2037437264561868897;2,02118E+18;
2,03699E+18;Thu Mar 26 02:08:53 +0000 2026;7;ASAP cari barengan sekalian ada yang mau co IDV Plush Keychain vol.2 (rilisan batch2) 250k dp 180k bersih ina sisa ongkir jakarta Pre-sale 60-90hari Last DP : 28 maret https://t.co/YGzBzZSFNv;2,03699E+18;https://pbs.twimg.com/media/HETWdOEbQAAyvyX.jpg;;in;;1;0;1;https://x.com/undefined/status/2036988731786486073;1,54144E+18;
2,03663E+18;Wed Mar 25 02:23:27 +0000 2026;6;Batuk nggak sembuh-sembuh sampai lebih dari 2 minggu? Jangan dianggap sepele bisa jadi itu gejala TBC lho! Segera cek kesehatanmu di fasilitas kesehatan terdekat. TBC bisa disembuhkan jika ditangani dengan tepat. Apa saja gejala dan cara meminimalkan risiko penularannya? https://t.co/i0iRzVMM4K;2,03663E+18;https://pbs.twimg.com/amplify_video_thumb/2036629286925529088/img/yiH8DldLObDQqUUN.jpg;;in;;0;0;2;https://x.com/undefined/status/2036630007565685160;166014938;
2,03618E+18;Tue Mar 24 13:22:16 +0000 2026;2;@infoBMKG @dinaslhdki @DKIJakarta @pramonoanung 8:20 pm polusi udara Jakarta mulai meningkat di sisi Selatan Kota Ini. Lokasi tetap penghasil asap polusi udara beracun. Kenapa tidak diatasi padahal lokasi titik perbuatan jahat ini sudah ketahuan begitu je;2,03643E+18;https://pbs.twimg.com/media/HELdYx4aIAIUItL.jpg;jakarta7268;in;;1;1;0;https://x.com/undefined/status/2036433415701143753;1,88109E+18;
2,03638E+18;Tue Mar 24 09:54:15 +0000 2026;1;Komisi Pemberantasan Korupsi (KPK) mengungkapkan alasan sempat mengalihkan status penahanan mantan Menteri Agama (Menag) Yaqut Cholil Qoumas menjadi tahanan rumah. Keputusan itu mempertimbangkan faktor kesehatan hingga strategi penanganan perkara. Deputi Penindakan dan Eksekusi https://t.co/85N15lnoKx;2,03638E+18;https://pbs.twimg.com/media/HEKttu-aIAEvl9f.jpg;;in;;0;0;0;https://x.com/undefined/status/2036381066475520266;132078023;
2,03633E+18;Tue Mar 24 06:11:43 +0000 2026;7;Setor hafalan 1. Anggrek Mekar Pontianak 2. Kapal Karam 3. Bumbu Kacang Khas Kebumen 4. Lumpur Lapindo 5. Puding Pak Hambali 6. Agar-agar Mas Rehan Usluk-usluk 7. Agar-agar Khas Grobogan 8. Kereta Argo Ngawi Ges Gejes 9. Steak Wagyu Impor Aseli 10. Tiongkok;2,03633E+18;;;in;;0;1;1;https://x.com/undefined/status/2036325066024296798;2300921202;
2,03595E+18;Mon Mar 23 06:06:24 +0000 2026;1;Seperti inilah data polusi udara Jakarta selama 12 jam di hari ini pada waktu subuh polusi udaranya tinggi di saat semua aktivitas tidak terjadi nah penyebabnya apa penyebabnya adalah asap bakar sampah yang mengotori seluruh udara Jakarta. Asap ini yg harus di cegah !! https://t.co/zjHDTr21PM;2,03596E+18;https://pbs.twimg.com/media/HEEwCaJb0AAGkWK.jpg;jakarta7268;in;;0;1;0;https://x.com/undefined/status/2035961338267341131;1,88109E+18;
2,03545E+18;Sun Mar 22 17:58:28 +0000 2026;2;@infoBMKG @dinaslhdki @DKIJakarta @pramonoanung Data polusi udara Jakarta hari ini selama 24 jam. 12 jam pertamanya buruk karena banyak banget asap yang masuk ke dalam kota Jakarta dari Pesisir laut utara Jakarta itu adalah asap PLTU batubara. 12 jam yang;2,03578E+18;https://pbs.twimg.com/media/HECJbxpaYAAUXoQ.jpg;jakarta7268;in;;1;0;0;https://x.com/undefined/status/2035778151117406292;1,88109E+18;
2,03545E+18;Sun Mar 22 07:05:16 +0000 2026;2;@infoBMKG @dinaslhdki @DKIJakarta @pramonoanung 2:01 pm keadaan polusi udara Jakarta siang hr ini terlihat membaik karena asap yang berasal dari laut utara Jakarta sudah dihentikan itulah penyebab utama terjadinya polusi udara selama 12 jam lebih di hari ;2,03561E+18;https://pbs.twimg.com/media/HD_z7Fia0AA9PGQ.jpg;jakarta7268;in;;0;1;0;https://x.com/undefined/status/2035613765149040863;1,88109E+18;
2,03474E+18;Fri Mar 20 15:15:49 +0000 2026;2;10:15 pm polusi udara Jakarta meningkat tinggi banget disebabkan oleh asap kebakaran sampah kejahatan yang Diulangi kemarin malam dan di hari ini. Data aplikasi polusi udara pun direkayasa seperti ini. Jahat yaa Pemerintah Ri 🇮🇩 https://t.co/O8GtyZpusc;2,03501E+18;https://pbs.twimg.com/media/HD3RBJSboAEqgs9.jpg;jakarta7268;in;;1;2;0;https://x.com/undefined/status/2035012440963129474;1,88109E+18;
2,03489E+18;Fri Mar 20 07:25:49 +0000 2026;4;[OPEN PO] BTS THE 5TH ALBUM 'ARIRANG' LUCKY DRAW EVENT STANDARD VER. 355k DP 150k rooted in korea / music (random prio) LIVING LEGEND VER. 420k DP 200k Jakarta Pusat est emstax 500g fp/dp/cicilan grup order choose store weverse shop/ music korea/ withmuu https://t.co/PZ7rMIQN3N;2,03489E+18;https://pbs.twimg.com/media/HD1jqs5boAAG0cN.jpg;;en;;2;2;3;https://x.com/undefined/status/2034894162773123400;1,33554E+18;
2,03474E+18;Thu Mar 19 20:55:42 +0000 2026;2;#Asean #Fifa #trending #PabrikWingsSumberPolusiUdara #BakarSampah #Smog #PM25 #Jakarta🇮🇩 #AirPollution #apartemen #KendalikanAsapPLTU Jumat 20/03/2026 3:55 am Polusi udara di jaktim buruk banget krn asap bakar sampah. Parahh https://t.co/FJ6LPUmkV8;2,03474E+18;https://pbs.twimg.com/media/HDzVOcYboAAYw7E.jpg;;in;;2;1;0;https://x.com/undefined/status/2034735588356903349;1,88109E+18;
2,03467E+18;Thu Mar 19 16:18:01 +0000 2026;42; Looking for bf I m T stay Jakarta. Kalau bisa sesama dom JKT ASAP https://t.co/zTJvS9kB3T;2,03467E+18;https://pbs.twimg.com/media/HDyVqm7bwAAaBX3.jpg;;in;;0;83;2;https://x.com/undefined/status/2034665708119081300;1462618662;
2,03464E+18;Thu Mar 19 14:54:59 +0000 2026;9;https://t.co/XV5JWn3odN;2,03464E+18;;;zxx;;0;0;6;https://x.com/undefined/status/2034644811190501828;197360154;
2,03464E+18;Thu Mar 19 14:16:15 +0000 2026;4;Sebuah mobil terbakar di ruas Tol Jakarta Cikampek arah Cikampek tepatnya di KM 40+200 A Kamis pagi sekitar pukul 08.40 WIB. Kendaraan terlihat berhenti di area marka chevron saat api mulai membesar dan asap hitam membumbung tinggi. Dari keterangan petugas kebakaran diduga https://t.co/1dxpeqacBN;2,03464E+18;https://pbs.twimg.com/amplify_video_thumb/2034634993746808832/img/A_2Ydiw4pXYvWUGZ.jpg;;in;;1;0;1;https://x.com/undefined/status/2034635061614743821;18071520;
2,03452E+18;Thu Mar 19 06:21:26 +0000 2026;159;Mobil terbakar di dekat pintu keluar Rest Area Tol Jakarta Cikampek KM 39. Jakarta - Cikampek arah ke Bandung. Kamis 19/3/2026. Belum diketahui secara pasti apa penyebab mobil ini terbakar. Awal terlihat asap mengepul hingga hangus terbakar seisi mobil. Api sudah berhasil https://t.co/HVjc19f0KU;2,03452E+18;https://pbs.twimg.com/ext_tw_video_thumb/2034515538035245056/pu/img/JIhj6RXQUvostZ0r.jpg;;in;;8;11;30;https://x.com/undefined/status/2034515569995915660;1,62834E+18;
2,03441E+18;Wed Mar 18 23:13:38 +0000 2026;5;5 Fakta Lain yg Knp Basement Bumi Masih Misteri Kita baru mapping ~20% dasar laut dgn resolusi bagus. Sisanya masih lebih gelap dari permukaan Mars. Post saya sebelumnya tentang SWOT NASA menyadarjan kita bahwa kita buta terhadap 70% planet sendiri. Ini 5 fakta mind-blowing;2,03441E+18;;;in;;0;1;2;https://x.com/undefined/status/2034407910856392831;21760657;
2,0341E+18;Wed Mar 18 02:33:01 +0000 2026;3456;Setuju waktu di Cirebon gw asma kumat kan tapi agak parah gitu. Akhirnya milih ke RS Muhammadiyah Cirebon. Posisinya itu jam 1 malem habis dari ziarah ke makam sunan Gunung Jati. Pas nyampe langsung sat set sigap dilayanin dokternya di UGD. Langsung dipasang alat nebu dan https://t.co/gn78754JFV;2,0341E+18;https://pbs.twimg.com/media/HDqPQXybEAEJPlz.jpg;;in;;59;96;186;https://x.com/undefined/status/2034095700515164617;1,28695E+18;
2,03402E+18;Tue Mar 17 21:49:13 +0000 2026;2;Krn sebagian besar penduduk jakarta mau mudik. Tetapi polusi udara meningkatnya di sisi barat kota jakarta bener2 keterlaluan nih para pelaku pembakar sampah yg mengakibatkan polusi udara asap beracun !!! Semoga segera di pidanakan !!!;2,03402E+18;;redbold7177;in;;0;1;0;https://x.com/undefined/status/2034024282045747396;2,01962E+18;
2,03402E+18;Tue Mar 17 21:47:48 +0000 2026;2;Mulai lagii pembakaran benda2 padat yg mengakibatkan asap polusi udara beracun meningkat extreme di jakarta. Di sunter PM 2 5 : 34 kuning yg sdh mendekatin orange.. mengerikan.. nyata bukan polusi udara pemcetus utamanya bukan dr BBM kendaraan bermotor. Yg macet ke timur jakarta;2,03402E+18;;;in;;0;1;0;https://x.com/undefined/status/2034023922614907333;2,01962E+18;
2,03402E+18;Tue Mar 17 21:26:16 +0000 2026;2;#Asean #Fifa #trending #PabrikWingsSumberPolusiUdara #BakarSampah #Smog #PM25 #Jakarta🇮🇩 #AirPollution #apartemen #KendalikanAsapPLTU Rabu 18/03/2026 4:25 am Polusi udara Jakarta diwaktu subuh / azan di sertai oleh asap beracun polusi udara dr bakar sampah. Kelakuan bejad bgt ya https://t.co/T6A9foO8xY;2,03402E+18;https://pbs.twimg.com/media/HDpJC_cbMAA-l2i.jpg;;in;;2;1;0;https://x.com/undefined/status/2034018506824683589;1,88109E+18;
2,03391E+18;Tue Mar 17 14:21:43 +0000 2026;54; We re #Hiring in Jabodetabek! PT. Danamas Insan Kreasi Andalan (DIKA) merupakan anak perusahaan dari Dana Pensiun Karyawan BCA yang didirikan di Jakarta pada tanggal 2 Mei 2012. Open Roles: 1. Front Office Hospital - Placement : Kebon Jeruk West Jakarta 2. Helpdesk Customer;2,03391E+18;;;in;;0;0;3;https://x.com/undefined/status/2033911664744272243;169872839;
2,03381E+18;Tue Mar 17 07:26:46 +0000 2026;2;@infoBMKG @dinaslhdki @DKIJakarta @pramonoanung 12:34 pm Polusi udara siang hari ini Terlihat agak memburuk. Asap datang dari Pesisir laut utara Jakarta masuk ke dalam kota Jakarta. Inilah yang disebut dengan polusi udara buatan. Yang mencelakai umat manu;2,03381E+18;https://pbs.twimg.com/media/HDmI5iabEAAIpLW.jpg;jakarta7268;in;;1;1;0;https://x.com/undefined/status/2033807239317008778;1,88109E+18;
2,03381E+18;Tue Mar 17 07:22:34 +0000 2026;2;#Asean #Fifa #trending #PabrikWingsSumberPolusiUdara #BakarSampah #Smog #PM25 #Jakarta🇮🇩 #AirPollution #apartemen #KendalikanAsapPLTU Selasa 17/03/2026 8:10 am Keadaan polusi udara Jakarta pagi hari ini kawasan terpencil di Tangerang menghasilkan asap polusi sangat tinggi https://t.co/q7Bfz4lgBO;2,03381E+18;https://pbs.twimg.com/media/HDmH7x-bEAEp4bV.jpg;;in;;1;1;0;https://x.com/undefined/status/2033806179378618543;1,88109E+18;
2,03376E+18;Tue Mar 17 04:07:11 +0000 2026;6;Pengen ngebolang ke sisi lain hari ini mudah-mudahan terhibur. Repost like dan komenmu menentukan apakah aku akan nulis lagi yang kaya gini atau tidak. Hatur nuhun. Suara Terakhir dari Menara Kuningan Oleh: E. T. Hadi Saputra Pengantar Dunia lama kita dibangun di atas https://t.co/gQTSK0ir1D;2,03376E+18;https://pbs.twimg.com/media/HDlbFdCbEAoP_JN.jpg;;in;;0;1;3;https://x.com/undefined/status/2033757011574460910;55300590;
2,03317E+18;Sun Mar 15 13:10:00 +0000 2026;11;Dirlantas Polda Jabar Kombes Raydian Kokrosono menyampaikan bahwa telah terjadi kebakaran yang menimpa sebuah Bus Pariwisata Selokaton dengan Nopol AA 7521 OF di ruas Tol Cipali KM 95+800 arah Jakarta. Sebelumnya menurut keterangan pengemudi pada pukul 16:50 Wib saat sedang https://t.co/UUXG32PMhc;2,03317E+18;https://pbs.twimg.com/amplify_video_thumb/2033158306928513025/img/vXzZbknvGM132tL1.jpg;;in;;1;0;2;https://x.com/undefined/status/2033168838976528661;121640063;
2,03314E+18;Sun Mar 15 11:03:32 +0000 2026;14;Anak Jakarta mudik = reset tombol. Dari hiruk-pikuk Thamrin balik ke pelukan emak bau asap kendaraan ganti bau tanah basah &amp ketupat. Maknanya: pulang itu bukan tempat tapi rasa 'rumah'. Selamat mudik! ;2,03314E+18;;;in;;0;4;0;https://x.com/undefined/status/2033137014351229008;8,92016E+17;
2,03261E+18;Sat Mar 14 00:08:39 +0000 2026;5;Pemerintah Provinsi (Pemprov) DKI Jakarta mengimbau masyarakat untuk memastikan anak-anak yang akan dibawa mudik Lebaran sudah mendapatkan imunisasi lengkap termasuk vaksin campak agar anak memiliki antibodi melawan berbagai virus dan bakteri. Kita harus yakin anak-anak yang https://t.co/YU6WCp6MZx;2,03261E+18;https://pbs.twimg.com/media/HDVH26HaoAA3mpp.jpg;;in;;0;0;1;https://x.com/undefined/status/2032609818863972609;41730943;
2,03238E+18;Fri Mar 13 08:52:33 +0000 2026;125;Sirkus Sujud Rismon: Antara Simalakama dan Sandiwara Ilmu Penyesuaian Oleh: Saputra E. T. Hadi JAKARTA Panggung sirkus ekonomi birokrasi dan hukum kita baru saja menyuguhkan sebuah plot twist yang sangat melankolis sekaligus menyengat nalar publik. Rismon Sianipar https://t.co/cVceIrEPdf;2,03238E+18;https://pbs.twimg.com/media/HDR2AhsbAAA59W1.jpg;;in;;1;13;54;https://x.com/undefined/status/2032379272892178886;55300590;
2,03232E+18;Fri Mar 13 04:59:15 +0000 2026;0;Petugas Pemadam Kebakaran mengalami kesulitan menuntaskan pemadaman kepulan asap yang diduga masih berasal dari api kecil setelah bangunan rumah konveksi empat lantai runtuh akibat kebakaran di Tanah Sereal Tambora Jakarta Barat. Hal ini disampaikan Perwira Piket Gulkarmat https://t.co/zS3xpqN1pV;2,03232E+18;https://pbs.twimg.com/amplify_video_thumb/2032320156773597191/img/JlvopU2EgArEmJtl.jpg;RadioElshinta;in;;0;0;0;https://x.com/undefined/status/2032320562488602932;121640063;
2,03208E+18;Fri Mar 13 00:51:30 +0000 2026;2;@DKIJakarta Menyedihkan. Penduduk Jakarta di racun lewat polusi udara gas beracun di pagi hari ini !! Asap bakaran sampah di tangsel luar biasa buruk. Kejahatan yg disengaja kembali terjadi segeralah berupaya agar keadaan yg buruk ini bs segera membaik !!;2,03226E+18;;DKIJakarta;in;;1;1;0;https://x.com/undefined/status/2032258215501840788;2,01962E+18;
2,03197E+18;Thu Mar 12 05:52:57 +0000 2026;3;⠀⠀⠀ 𝗝𝗔𝗞𝗔𝗥𝗧𝗔 𝗠𝗔𝗥𝗖𝗛 𝟭𝟮 𝟮𝟬𝟮𝟲. Takdir menyimpan banyak rahasia. Kadang ia datang selembut pelangi yang diam-diam membentangkan warna selepas hujan indah tenang seolah dunia akhirnya berpihak pada kita. Namun di lain waktu ia menjelma seperti ledakan yang https://t.co/gGVGE4g30V;2,03197E+18;https://pbs.twimg.com/media/HDMDe2rbQAMEEvT.jpg;;in;;7;0;26;https://x.com/undefined/status/2031971688469185019;136647818;
2,03131E+18;Tue Mar 10 10:15:45 +0000 2026;0;Sebuah mobil terbakar saat parkir di Jalan Bangka IX Mampang Prapatan Jakarta Selatan Selasa (10/3/2026). Api diduga muncul dari kursi yang terbakar akibat anak-anak membakar kertas. Kepulan asap menutupi mobil dan warga berusaha memadamkan api dengan alat seadanya. Baca https://t.co/8jAuFZza2a;2,03131E+18;https://pbs.twimg.com/media/HDCsYDCaQAA1qfK.jpg;;in;;0;0;0;https://x.com/undefined/status/2031313047525163495;23343960;
2,03128E+18;Tue Mar 10 08:19:38 +0000 2026;17;A complete immune booster ketika badan udh ngedrop karena demam dan batuk (blame Jakarta's rain!) Thank you @CNBLUE_UN_Spt @heronomaine See you in 3logy Jakarta! https://t.co/kGhcEufBx0;2,03128E+18;https://pbs.twimg.com/media/HDCR4FwasAA_Wv5.jpg;;in;;0;2;3;https://x.com/undefined/status/2031283827272986692;8,71201E+17;
2,03096E+18;Mon Mar 09 12:09:21 +0000 2026;2;https://t.co/pTLttdhIqw Saya sdh sampaikan hal ini dr thn 2020. Bahwa polusi udara Jakarta bukan dr BBM melainkan dr asap bakaran sampah. Tuhan br mengijinkan pembuktiannya saat ini.. berapa banyak korbam jiwa dr asap beracun pembakaran sampah ini? Siapa penanggung jawabnya ?;2,03098E+18;;jakarta7268;in;;0;1;0;https://x.com/undefined/status/2030979250111836341;1,88109E+18;
2,03096E+18;Mon Mar 09 11:43:29 +0000 2026;2;@jakarta7268 @infoBMKG @dinaslhdki @DKIJakarta @pramonoanung Kakak ternyata bener banget.. sumber polusi udara bagi kota jakarta itu dr asap pembakaran benda2 padat.. ini bukti nya kak. Di cilincing tanah kosong nya dijadikan tempat bakar sampah ilegal. P;2,03097E+18;https://pbs.twimg.com/amplify_video_thumb/2030972634322886657/img/i_eBScdv5MfXEJ9O.jpg;jakarta7268;in;;2;0;0;https://x.com/undefined/status/2030972740614906230;2,01962E+18;
2,03096E+18;Mon Mar 09 10:46:25 +0000 2026;2;5:43 pm Keadaan polusi udara Jakarta sore hari ini mulai meningkat asap didistribusikan dari Pesisir laut utara masuk ke dalam kota Jakarta terbawa oleh angin laut. Biadab bener2 !!! https://t.co/VA9aCbSS9F;2,03096E+18;https://pbs.twimg.com/media/HC9p39raoAABYYE.jpg;jakarta7268;in;;0;1;0;https://x.com/undefined/status/2030958378831466920;1,88109E+18;
2,03061E+18;Sun Mar 08 11:58:59 +0000 2026;2;23/1/2026 tinggi air di #katulampa 110 cm dan tidak menambah titik banjir baru di #jakarta saat itu. Ada solusi utk banjir kiriman dari #bogor. #ciawi #cimahi Gmn dgn hujan 'lokal' itu masalah Jkt saat ini @pramonoanung @ranokarno_ @DKIJakarta tak bisa kerja uhuk uhuk.. (batuk) https://t.co/D0YjQecSxm;2,03061E+18;https://pbs.twimg.com/media/HC4w1KeawAAQLW5.jpg;;in;;1;1;0;https://x.com/undefined/status/2030614252537729335;1,40572E+18;
2,03017E+18;Sat Mar 07 06:42:39 +0000 2026;10;terdengar suara ledakan di jakarta terlihat asap mengepul apakah rudal atau gas elpiji;2,03017E+18;;;in;;0;2;0;https://x.com/undefined/status/2030172258044629365;2,00806E+18;
2,02983E+18;Fri Mar 06 08:19:48 +0000 2026;1;https://t.co/tjtEByE7li;2,02983E+18;;;zxx;;2;1;0;https://x.com/undefined/status/2029834315849421072;75000601;
2,02963E+18;Fri Mar 06 07:54:21 +0000 2026;2;@infoBMKG @dinaslhdki @DKIJakarta @pramonoanung Asap polusi udara sudah dihentikan tidak ada lagi kiriman asap dari laut utara Jakarta menuju ke arah Timur Jakarta foto langit terlihat bening bersih tanpa asap PM 2 5 turun dari 26 ke 9 saja saat ini. Kali;2,02983E+18;https://pbs.twimg.com/media/HCtluAnacAA1tAo.jpg;jakarta7268;in;;0;1;0;https://x.com/undefined/status/2029827915068887502;1,88109E+18;
2,02942E+18;Thu Mar 05 05:12:00 +0000 2026;2;Polusi udara PM2.5 di Jakarta berpotensi menurunkan usia harapan hidup warga. Partikel beracun ini berasal dari emisi kendaraan industri hingga pembakaran terbuka seperti asap sate dan bakar sampah. Kelompok rentan seperti balita dan lansia paling berisiko terkena dampaknya. https://t.co/JXfV2cruuU;2,02942E+18;https://pbs.twimg.com/media/HCn254jaYAABHrC.jpg;;in;;0;1;1;https://x.com/undefined/status/2029424668659335361;23343960;
2,02941E+18;Thu Mar 05 04:28:08 +0000 2026;1;Kualitas udara Jakarta kembali menjadi sorotan setelah Dinas Lingkungan Hidup Provinsi DKI Jakarta mengimbau masyarakat untuk tidak membakar sampah sembarangan. Aktivitas yang kerap dianggap sepele ini ternyata berkontribusi pada peningkatan partikel berbahaya PM2 5 polutan https://t.co/1d7XM0JKxx;2,02941E+18;https://pbs.twimg.com/media/HCns55dawAQdGRt.jpg;;in;;0;0;1;https://x.com/undefined/status/2029413630895362094;121640063;
2,02937E+18;Thu Mar 05 01:37:54 +0000 2026;6;1 jakarta batuk semua kh;2,02937E+18;;;in;;2;6;0;https://x.com/undefined/status/2029370788026171630;1,92339E+18;
2,02914E+18;Wed Mar 04 10:08:46 +0000 2026;1;@qatarairways your customer service has been nothing short of appalling. I have messaged your @qrsupport 2 days ago with no response. I have a flight booked to return back to the UK from Jakarta on the 10th. I cannot cancel or rebook as advised. Please re;2,02914E+18;;qatarairways;en;;12;14;1;https://x.com/undefined/status/2029136962507161810;1,67488E+18;
2,02904E+18;Wed Mar 04 03:52:29 +0000 2026;3;Kehadiran Polri di tengah masyarakat tampil dengan suasana yang lebih teduh. Melalui program Bang Jasri jajaran Polsek Koja yang dipimpin oleh Kompol Dr. Andry Suharto menunjukkan bahwa tugas kepolisian tidak hanya soal menjaga keamanan tapi juga tentang merawat ketenangan https://t.co/HyUrzdKw6x;2,02904E+18;https://pbs.twimg.com/media/HCibLHgawAIRpqC.jpg;;in;;0;0;0;https://x.com/undefined/status/2029042267735093664;1,38726E+18;
2,02872E+18;Tue Mar 03 06:42:24 +0000 2026;56;˗ˋKipuka 28th Birthday Projectˊ˗ Presented by @Starcup_Id 𝖠 𝖭𝖾𝗐 𝖢𝗁𝖺𝗉𝗍𝖾𝗋 𝗈𝖿 𝖠𝗎𝗍𝗎𝗆𝗇 𝖪𝗂𝗉𝗎𝗄𝖺 𝖰𝗂𝗎 𝖦𝗈𝗅𝖽𝖾𝗇 𝖣𝖺𝗒 Hello everyone! Let us announce that we ve two extra projects sponsored by fans for celebrate Qiu https://t.co/ts4323uQf8;2,02872E+18;https://pbs.twimg.com/media/HCd3zgtbwAAysNP.jpg;;en;;3;1;23;https://x.com/undefined/status/2028722641574810029;1,99711E+18;
2,02809E+18;Sun Mar 01 12:40:17 +0000 2026;4;https://t.co/aW63TAhJCf;2,02809E+18;;;zxx;;0;0;0;https://x.com/undefined/status/2028087933211988079;1,22725E+18;
2,02778E+18;Sun Mar 01 03:09:53 +0000 2026;7;@intinyadeh @piyopikavet sejujurnya malu pake foto tapi mau ikutan gamau nyari yg cuma mau jadi temennn:( wkwkkw yu kita jalan mengarungi dunia huru hara ini tanpa asap rokok ituu huhuu. f27 jakarta sehari hari kerjanya main ama kucing https://t.co/CMnmmv;2,02794E+18;https://pbs.twimg.com/media/HCS0qgDbIAAtgZP.jpg;intinyadeh;in;;0;1;0;https://x.com/undefined/status/2027944384893993225;1,37435E+18;
2,02777E+18;Sat Feb 28 15:48:39 +0000 2026;5;BACKINGANNYA AS ISRAEL LANGSUNG KIRIM RUDAL KE TEHERAN-IRAN Sabtu (28/2/2026) terdengar sejumlah ledakan di Teheran yang kemudian diikuti dengan asap tebal yang melumbung tinggi di lokasi kejadian pada pagi waktu setempat. Media Iran IRNA melaporkan setidaknya terdengar dua https://t.co/7bpX2ICDv5;2,02777E+18;https://pbs.twimg.com/media/HCQYvh8bEAMnIB-.jpg;;in;;0;0;0;https://x.com/undefined/status/2027772946136371600;1,44974E+18;
2,02704E+18;Thu Feb 26 15:05:26 +0000 2026;3;Selamat malam tolong d bantu infokan ke petugas lapangan adanya debu berhamburan yg tak kasat mata d jl ir juanda tepatnya d depan kantor jiwasraya Jakarta Pusat Monitor Min @DKIJakarta https://t.co/eOF2AJyHTO;2,02704E+18;https://pbs.twimg.com/ext_tw_video_thumb/2027037258252247040/pu/img/XADHoI_RGWoinoQw.jpg;;in;;0;1;0;https://x.com/undefined/status/2027037295803781144;2966869105;
2,0269E+18;Thu Feb 26 06:10:25 +0000 2026;2;1. 2s karena gua gapernah diwaro (debu) 2. theater krn gua org jakarta 3. nunggu subsidi 4. gausa gift gift di theater aja gua hampir donpol 5. gua bukan zombie 6. verif aja udh seneng 7. event jkt (ladang korupsi) 8. tim 9. sedapetnya aja 10. row A karena Cat1 gapunya duit;2,0269E+18;;;in;;0;1;0;https://x.com/undefined/status/2026902654321045656;1,88881E+18;
2,0262E+18;Tue Feb 24 07:33:16 +0000 2026;7;PANCA 03: KERISAUAN KURIR RAKYAT Matahari Jakarta pukul satu siang terasa seperti menempel di kulit. Panca Saputra menyeka keringat yang mengucur dari dahi hingga ke alis tebalnya. Ia bersandar di jok motor operasional Serlog miliknya menunggu pesanan masuk di bawah bayangan https://t.co/iGb1GIVqi9;2,0262E+18;https://pbs.twimg.com/media/HB6A_jQbEAAT2w8.jpg;;in;;0;0;2;https://x.com/undefined/status/2026198730383434135;55300590;
2,02619E+18;Tue Feb 24 07:06:22 +0000 2026;36;PANCA 02: EFEK LIAR ANGGARAN MERCUSUAR Debu jalanan menempel di kaca helm Panca Saputra saat motor operasional Serlog miliknya berhenti di depan sebuah SD Negeri di pinggiran Jakarta. Jaket abu-abu Serlog miliknya dengan logo SL hijau tampak mencolok di tengah kerumunan orang https://t.co/aeLzf3fXyx;2,02619E+18;https://pbs.twimg.com/media/HB56y3dbYAAARET.jpg;;in;;0;2;22;https://x.com/undefined/status/2026191958306394257;55300590;
2,02556E+18;Mon Feb 23 18:01:21 +0000 2026;4;@pockyira Kalo gua blg sesimple. Hidup jadi kelas menengah ngehe dijakarta biaya hidup 15-20juta Lah di Singapore biaya hidupnya juga sama tapi banyak hal yg bisa lu dapat lebih dari jakarta Ruang sehat yg jarang ada asap rokok transportasi publik yang me;2,02599E+18;;pockyira;in;;0;0;0;https://x.com/undefined/status/2025994404297908491;1,56131E+18;
2,0259E+18;Mon Feb 23 11:37:00 +0000 2026;1;Komisi III DPR RI Desak Polisi Usut Tuntas Kasus Anak Dianiaya di Sukabumi Anggota Komisi III DPR RI Hinca Panjaitan mendesak kepolisian untuk mengusut tuntas kasus dugaan penganiayaan terhadap seorang anak di Sukabumi yang diduga dilakukan oleh ibu tirinya. Kasus tersebut https://t.co/AGc8PqZe2l;2,0259E+18;https://pbs.twimg.com/media/HB1CgMNbcAAK7z6.jpg;;in;;0;0;0;https://x.com/undefined/status/2025897677989335045;121640063;
2,0257E+18;Sun Feb 22 22:32:09 +0000 2026;37;Gw sebagai diaspora pingin keluarga gw yang di Jakarta ngga kena ISPA bisa lihat langit biru bernapas lega. Gw pingin harga sembako di Indonesia Timur sama seperti di pulau Jawa.;2,0257E+18;;yoyen;in;;0;1;7;https://x.com/undefined/status/2025700165017841892;19961629;
2,0255E+18;Sun Feb 22 21:15:05 +0000 2026;2;@DKIJakarta Semoga segera di selidiki mengapa gedung kosong yg blum jadi tsb mengeluarkan asap dr rooftop nya. Mengerikan banget kegiatan teror kejahatan yg terjadii di jakarta yaa;2,02568E+18;;DKIJakarta;in;;2;1;0;https://x.com/undefined/status/2025680771097460862;2,01962E+18;
2,02566E+18;Sun Feb 22 21:12:01 +0000 2026;2;@infoBMKG @dinaslhdki @DKIJakarta @pramonoanung Cara baru melakukan pencemaran udara/polusi udara untuk membuat sakit penduduk Jakarta Lihatlah pada foto ini itu asap apa yang keluar dari Gedung Kosong itu. Asapnya terdorong ke arah timur karena angin ber;2,02568E+18;https://pbs.twimg.com/media/HBypN5aa0AAyPmq.jpg;jakarta7268;in;;2;1;0;https://x.com/undefined/status/2025679999051932117;1,88109E+18;
2,02539E+18;Sun Feb 22 02:14:02 +0000 2026;26;https://t.co/WbNnyI9oUA;2,02539E+18;;;zxx;;2;5;6;https://x.com/undefined/status/2025393616521494611;8,71058E+17;
2,02528E+18;Sat Feb 21 18:54:57 +0000 2026;2;#Asean #Fifa #trending #PabrikWingsSumberPolusiUdara #BakarSampah #Smog #PM25 #Jakarta🇮🇩 #AirPollution #apartemen #KendalikanAsapPLTU Minggu 22/02/2026 1:55 am Keadaan polusi udara Jakarta ngeri2 sedap krn sdh tau ada asap yg banyak di tangsel dan terbawa angin ke Timur Jkt https://t.co/eHWggWfI9s;2,02528E+18;https://pbs.twimg.com/media/HBtAOo1aAAA9uGe.jpg;;in;;1;1;0;https://x.com/undefined/status/2025283114202005681;1,88109E+18;
2,02522E+18;Sat Feb 21 14:45:37 +0000 2026;3;Pelabuhan Sunda Kelapa Dari manakah bintang-bintang di matamu berasal? Barangkali ia bukan dari cakrawala melainkan zikir cahaya yang lengas dari pelita yang kehabisan minyak atau sisa percik dari gesekan lambung kapal kayu yang mengerang pada tiang-tiang layar yang tak pernah;2,02522E+18;;;in;;0;0;0;https://x.com/undefined/status/2025220370463424729;183620122;
2,02507E+18;Sat Feb 21 05:02:01 +0000 2026;190;f2x jakarta here lagi nyari longterm mutual yang beneran ngobrol bukan cuma mutualan doang. terus kalau cocok ya lanjut ke mana bareng. nyari m 24+ jkt juga mature &amp niat kenalan leave a trace ya. i ll hit u asap. -best! https://t.co/sbyZkm0ME3;2,02507E+18;https://pbs.twimg.com/media/HBqBnk7bgAUxFt7.jpg;;in;;0;168;1;https://x.com/undefined/status/2025073501816979763;1,93903E+18;
2,02493E+18;Fri Feb 20 19:27:59 +0000 2026;2;#Asean #Fifa #trending #PabrikWingsSumberPolusiUdara #BakarSampah #Smog #PM25 #Jakarta🇮🇩 #AirPollution #apartemen #KendalikanAsapPLTU Sabtu 21/02/2026 2:22 am Polusi udara Jakarta meningkat sangat tinggi disebabkan oleh asap bakar sampah dan PLTU batubara. Kacau Jkt ya 🇮🇩🇮🇩 https://t.co/NzyylH9cPQ;2,02493E+18;https://pbs.twimg.com/media/HBn-OnsbcAAh9xe.jpg;;in;;2;1;0;https://x.com/undefined/status/2024929042059927658;1,88109E+18;
2,02492E+18;Fri Feb 20 18:57:03 +0000 2026;7281;https://t.co/f93JfHnRtU;2,02492E+18;;;zxx;;538;227;1971;https://x.com/undefined/status/2024921255498187202;2,02295E+18;
2,0246E+18;Fri Feb 20 16:46:00 +0000 2026;2;@infoBMKG @dinaslhdki @DKIJakarta @pramonoanung 11:45 pm polusi udara Jakarta di Jakarta Barat dari jembatan Pelangi Dan Mogot turun sampai ke Cideng keadaannya buruk banyak asap bakar sampah Entah dari mana sumber asapnya. Kacau. Inilah yang dimaksud den;2,02489E+18;https://pbs.twimg.com/media/HBnZJ4-bgAYbwOt.jpg;jakarta7268;in;;0;1;0;https://x.com/undefined/status/2024888277443178639;1,88109E+18;
2,02473E+18;Fri Feb 20 06:15:24 +0000 2026;18;https://t.co/KAYyUfrarj;2,02473E+18;;;zxx;;1;2;3;https://x.com/undefined/status/2024729579525718061;1,14729E+18;
2,02462E+18;Thu Feb 19 22:53:51 +0000 2026;9;Badan Narkotika Nasional Republik Indonesia (BNN RI) menyatakan rokok elektrik atau vape menjadi pintu masuk narkoba sebagai fakta yang tidak terbantahkan. Kami menemukan fakta tak terbantahkan bahwa vape telah menjadi sarana efektif atau media baru untuk mengkonsumsi narkoba https://t.co/hV9vdRdK7h;2,02462E+18;https://pbs.twimg.com/media/HBjjv92bUAAHqvc.jpg;;in;;0;0;6;https://x.com/undefined/status/2024618459863388524;41730943;
2,02449E+18;Thu Feb 19 14:24:09 +0000 2026;116;halo semua aku F 20an Jakarta daily activity as a fashion design. mau nambah relasi or connection siapa tau disini ketemu banyak org baru dan seru. reply below ya ill hit you up ASAP thankyou altr! https://t.co/iTE1XyVwJz;2,02449E+18;https://pbs.twimg.com/media/HBhvGHzbcAAir46.jpg;;in;;0;95;6;https://x.com/undefined/status/2024490190090489937;1,77264E+18;
2,02447E+18;Thu Feb 19 13:01:11 +0000 2026;2;Pesawat pengangkut bahan bakar minyak (BBM) milik Pelita Air Service dengan tipe AT-802 dilaporkan jatuh di wilayah Kecamatan Krayan Timur Kabupaten Nunukan Kalimantan Utara pada Kamis siang 19 Februari 2026 Komandan Lanud Anang Busra Marsma TNI Andreas S. Dhewo dalam https://t.co/gWhTr0W0Dz;2,02447E+18;https://pbs.twimg.com/amplify_video_thumb/2024468393093713921/img/7nUyu3IGTr17vG2H.jpg;;in;;0;0;2;https://x.com/undefined/status/2024469311293690018;58880688;
2,02439E+18;Thu Feb 19 08:00:49 +0000 2026;54;PERSES WILL COME TO JAKARTA?!?!? jung: maybe.... i will let you know asap JUNG NAY WITH MJDAISY #DAISYMURAKAMIxJungNay #JUNG_PERSES #NAY_PERSES @jungwboo_ @naranvik https://t.co/5ZbWObtEme;2,02439E+18;https://pbs.twimg.com/amplify_video_thumb/2024393056473210880/img/dilGZnIcvHn1oeUi.jpg;;en;;13;1;45;https://x.com/undefined/status/2024393720465158229;1,4898E+18;
2,02433E+18;Thu Feb 19 03:28:44 +0000 2026;26;https://t.co/On8cerAEUw;2,02433E+18;;;zxx;;2;5;6;https://x.com/undefined/status/2024325248360075621;76652780;
2,02415E+18;Wed Feb 18 15:54:46 +0000 2026;5;Kebakaran ruang server Masjid Istiqlal Jakarta Pusat pada Rabu (18/2/2026) malam berhasil dipadamkan. Usai api dijinakkan Tim Indonesia Automatic Fingerprint Identification System (INAFIS) langsung terjun ke lokasi untuk melakukan olah tempat kejadian perkara (TKP). https://t.co/RHOYPBqEMz;2,02415E+18;https://pbs.twimg.com/media/HBc6NBgakAAP_ur.jpg;;in;;1;0;0;https://x.com/undefined/status/2024150607012233551;23343960;
2,024E+18;Wed Feb 18 05:58:44 +0000 2026;2;Sebuah truk pengangkut tiner terbakar di Ruas Tol Cipali KM 185 Kecamatan Gempol Kabupaten Cirebon Rabu (18/2/2026) pagi. Kobaran api yang disertai kepulan asap tebal terlihat membumbung tinggi dari lokasi kejadian. Ledakan terdengar beberapa kali membuat tangki truk hancur https://t.co/T3rgfc7Gtb;2,024E+18;https://pbs.twimg.com/ext_tw_video_thumb/2024000543774085120/pu/img/dY6UPAE7lBJfJDKI.jpg;;in;;0;0;1;https://x.com/undefined/status/2024000611495317854;1,13243E+18;
2,02383E+18;Wed Feb 18 04:31:27 +0000 2026;2;11:30 am seperti inilah keadaan polusi udara Jakarta siang hari ini hujan baru saja mereda aspal pun masih basah langit Jakarta ditutupi oleh asap polusi udara yang berasal dari Pesisir laut utara Jakarta asap ini adalah asap dari PLTU batubara https://t.co/yDqQKjtKuM;2,02398E+18;https://pbs.twimg.com/media/HBad2HObcAI2iYJ.jpg;jakarta7268;in;;1;1;0;https://x.com/undefined/status/2023978645551804488;1,88109E+18;
2,02397E+18;Wed Feb 18 04:16:02 +0000 2026;2;Sebuah truk pengangkut tiner terbakar di Ruas Tol Cipali KM 185 Kecamatan Gempol Kabupaten Cirebon Rabu (18/2/2026) pagi. Kobaran api yang disertai kepulan asap tebal terlihat membumbung tinggi dari lokasi kejadian. Ledakan terdengar beberapa kali membuat tangki truk hancur https://t.co/FeJmY20gUx;2,02397E+18;https://pbs.twimg.com/amplify_video_thumb/2023974533246709761/img/wkC0170uBnQaa3E-.jpg;;in;;0;0;1;https://x.com/undefined/status/2023974766496145774;231355136;
2,02383E+18;Tue Feb 17 18:51:10 +0000 2026;3;#Asean #Fifa #trending #PabrikWingsSumberPolusiUdara #BakarSampah #Smog #PM25 #Jakarta🇮🇩 #AirPollution #apartemen #KendalikanAsapPLTU Rabu 18/02/2026 1:50 am Polusi udara Jakarta meningkat di Kelapa Gading juga begitu udara berbau busuk dari asap bakar karet dan plastik https://t.co/x3algaFIGL;2,02383E+18;https://pbs.twimg.com/media/HBYZCJBacAAChfF.jpg;;in;;2;1;0;https://x.com/undefined/status/2023832612046020857;1,88109E+18;
2,0233E+18;Mon Feb 16 07:52:27 +0000 2026;3;Tapi bagi aku Bangkok is overrated. Jem dia gila babi macam jem dekat Jakarta. Asap is everywhere.;2,0233E+18;;;in;;0;0;0;https://x.com/undefined/status/2023304451419967598;86694421;
2,0233E+18;Mon Feb 16 07:26:21 +0000 2026;0;PT Transportasi Jakarta (Transjakarta) menghentikan sementara operasional puluhan bus gandeng setelah insiden gangguan teknis yang memunculkan kepulan asap di Halte Pancoran Jakarta Selatan. https://t.co/RTZkTKycMc;2,0233E+18;;;in;;0;0;0;https://x.com/undefined/status/2023297882959536459;68930552;
2,02293E+18;Sun Feb 15 07:24:19 +0000 2026;4; Nyanyian Sahabat Aspal Warna jok motor ku mulai memudar. Warna jaket ku mulai samar. Aku bukan sekadar nomor di layar. Bukan pula robot berbayar. Lihatlah ke dalam nurani. Di balik helm dan jaket yang berdebu ini. Ada jiwa jiwa yang sedang menanti. Berjuang demi kehidupan https://t.co/Jh6zugLPX7;2,02293E+18;https://pbs.twimg.com/ext_tw_video_thumb/2022933036124581888/pu/img/QOW_Jtgi3RFhxuac.jpg;;in;;1;1;2;https://x.com/undefined/status/2022934986320695504;2,00819E+18;
2,02283E+18;Sun Feb 15 07:08:26 +0000 2026;2;@MYasfika Relate aku liat liat moots aku kok kaya tajir melintir bgt... hingga suatu waktu dia posting gajinya .. sekali lagi posting gaji aku kaget bgt sampe batuk.. mepet umr jakarta tp makmur kuncinya tinggal di daerah kabupaten ;2,02293E+18;;MYasfika;in;;0;0;0;https://x.com/undefined/status/2022930990197559522;1008138534;
2,02287E+18;Sun Feb 15 04:44:35 +0000 2026;2;@day6official the goal i want to achieve this year is watching day6 perform live thats why you need to add jakarta tour dates asap;2,02289E+18;;day6official;en;;1;0;0;https://x.com/undefined/status/2022894787041628209;4210931294;
2,02275E+18;Sat Feb 14 21:31:01 +0000 2026;2;@infoBMKG @dinaslhdki @DKIJakarta @pramonoanung 4:30 am polusi udara Jakarta meningkat. Ada yg bersumber dr asap bakar sampah. Tp dominannya dr PLTU batu bara krn bau asam sulfur nya terasa bgt. Pake batu bara Grade A donk kl di dlm Negeri. Pasang filter ;2,02279E+18;https://pbs.twimg.com/media/HBJg1r8akAAZVxf.jpg;jakarta7268;in;;0;1;0;https://x.com/undefined/status/2022785676723519649;1,88109E+18;
2,0224E+18;Fri Feb 13 20:16:53 +0000 2026;2;#Asean #Fifa #trending #PabrikWingsSumberPolusiUdara #BakarSampah #Smog #PM25 #Jakarta🇮🇩 #AirPollution #apartemen #KendalikanAsapPLTU Sabtu 14/02/2026 3:15 am Polusi udara Jakarta meningkat tinggi banget. Disebabkan oleh asap bakaram sampah mengerikan polusi udara buatannya ! https://t.co/V7ZJmEfhpI;2,0224E+18;https://pbs.twimg.com/media/HBEGPmbaoAA3NpW.jpg;;in;;2;1;0;https://x.com/undefined/status/2022404631985594691;1,88109E+18;
2,0223E+18;Fri Feb 13 13:16:22 +0000 2026;13;Knetz be like: 'Ew South East Asia kotor debu hutan!' REALITA HARI INI: Seoul (Rank 1) - Paling Beracun. Incheon (Rank 3) - Paling Berdebu. Ternyata 'Uri Negara Maju' itu udaranya lebih butek daripada Jakarta. Pantesan skincare di sana laku keras ternyata buat;2,0223E+18;;;in;;0;0;2;https://x.com/undefined/status/2022298805195157715;52982083;
2,02228E+18;Fri Feb 13 12:07:17 +0000 2026;2;Dari soal mindfulness di balik debu sampai alasan ilmiah kenapa Imlek di Jakarta identik banget sama hujan. Plus siap-siap buat energi Tahun Kuda Api 2026 yang bakal lari kencang banget Tradisi menjaga kita tetap berakar fakta menjaga kita tetap berpijar! https://t.co/cQkvIaxsyK;2,02228E+18;https://pbs.twimg.com/media/HBCWNzkaQAAQ6bU.jpg;jalahoaks;in;;0;0;1;https://x.com/undefined/status/2022281422514586069;1,24049E+18;
2,02227E+18;Fri Feb 13 11:14:09 +0000 2026;4;Gue prnah nton konser di Jakarta Feb 2025 krn flight mepet booking hotelnya mepet. Dapetlah penginapan d sekitar Tanah Abang ini kayak semacam dikelola oleh property management gitu. Booking-nya lewat Traveloka. Karena review-nya bagus-bagus jadi gas lah. Pas sampai lokasi;2,02227E+18;;;in;;0;1;1;https://x.com/undefined/status/2022268050603757615;1,72177E+18;
2,02201E+18;Fri Feb 13 06:08:50 +0000 2026;2;@infoBMKG @dinaslhdki @DKIJakarta @pramonoanung 1:07 pm keadaan polusi udara Jakarta siang hari ini. Asap si pesisir laut utara mereda. Sinar matahari sampai ke bumi dgn cerahnya dan bersih !! Edan yaa kl gak ada admin yg awasi gmn nih keselamatam 10 juta;2,02219E+18;https://pbs.twimg.com/media/HBBEL7JasAA4F-z.jpg;jakarta7268;in;;0;1;0;https://x.com/undefined/status/2022191214980939945;1,88109E+18;
2,02197E+18;Thu Feb 12 15:29:55 +0000 2026;3;Cerita Ibu Asal Bogor Bersyukur Anaknya Bisa Cuci Darah Layanan Kesehatan BPJS PBI Tak Terhenti Jakarta Di balik ruang hemodialisis Rumah Sakit Cipto Mangunkusumo (RSCM) Jakarta tersimpan kisah keteguhan seorang ibu bernama Siti Hariati (36) warga Bogor Jawa Barat yang https://t.co/sp67mgOmZs;2,02197E+18;https://pbs.twimg.com/media/HA97BQwasAIRdUd.jpg;;in;;0;0;0;https://x.com/undefined/status/2021970028175012067;121640063;
2,02195E+18;Thu Feb 12 14:19:44 +0000 2026;10;*Cerita Ibu Asal Bogor Bersyukur Anaknya Bisa Cuci Darah Layanan Kesehatan BPJS PBI Tak Terhenti* Jakarta Di balik ruang hemodialisis Rumah Sakit Cipto Mangunkusumo (RSCM) Jakarta tersimpan kisah keteguhan seorang ibu bernama Siti Hariati (36) warga Bogor Jawa Barat yang https://t.co/sksUMr2Qnf;2,02195E+18;https://pbs.twimg.com/ext_tw_video_thumb/2021952157399011328/pu/img/CSokg65zR6qYZ20A.jpg;;in;;0;1;8;https://x.com/undefined/status/2021952363385475394;1,28995E+18;
2,02193E+18;Thu Feb 12 12:55:24 +0000 2026;17;Sertifikat Kertas melepas Emas? Registrasi wilayah adat itu hanyalah seni membius rakyat dengan legalitas semu agar mereka lupa siapa pemilik asli kekayaan alamnya. Kita dipaksa sibuk antre demi selembar kertas sertifikat tapi emas dan nikel di bawah kaki kita tetap punya https://t.co/9PcweuwzGo;2,02193E+18;https://pbs.twimg.com/media/HA9XlKOa8AALKF7.jpg;;in;;0;0;6;https://x.com/undefined/status/2021931143449419825;55300590;
2,02155E+18;Wed Feb 11 22:33:59 +0000 2026;2;@helena_walupy https://t.co/T6wF0M81Z4 Edukasi beserta materi pembelajarannya.. langit Jakarta banjir asap polusi udara dr 3 unsur. Bakar sampah unt mengelabui. Lalu pemain intinya PLTU dan asap pabrik !!;2,02171E+18;;helena_walupy;in;;0;0;0;https://x.com/undefined/status/2021714359005897207;1,88109E+18;
2,02153E+18;Wed Feb 11 10:24:23 +0000 2026;2;Sebuah rangkaian KRL jurusan Jakarta-Bogor dilaporkan mengalami gangguan teknis saat berhenti di Stasiun Universitas Pancasila Jakarta Selatan Selasa (10/2/2026) sekitar pukul 16.30 WIB. Gangguan diduga berasal dari korsleting listrik pada bagian penggerak kereta yang memicu https://t.co/XVZAMvgAfx;2,02153E+18;https://pbs.twimg.com/amplify_video_thumb/2021530609450164227/img/DODoyl4Yu5I6tHmG.jpg;;in;;0;0;1;https://x.com/undefined/status/2021530748566794430;58880688;
2,02146E+18;Wed Feb 11 10:18:55 +0000 2026;15;Tumit gue makin terangkat. Awalnya cuma beberapa milimeter. Lalu sentimeter. Otot betis gue ketarik keras panas tapi gue nggak bisa turunin kaki. Seolah ada tali tak terlihat narik ke atas. Di cermin versi gue yang berjinjit itu tersenyum. Lehernya mulai miring mengikuti;2,02153E+18;;rezkal_;in;;1;1;0;https://x.com/undefined/status/2021529372495159710;297832764;
2,02152E+18;Wed Feb 11 09:35:05 +0000 2026;17;Perubahan signifikan setelah meninggalkan Jakarta tiga tahun: menikmati makanan vegan karena di sini dimasak dg sangat enak biasa kalo ngedate sepiring berdua karena porsi makanku lebih sedikit (ga suka buang makanan) ga jijik thdp alam (pasir debu tanah) bebas nyeker https://t.co/hXH3c3YJHw;2,02152E+18;https://pbs.twimg.com/media/HA3fe0Xa8AEbGcp.jpg;;in;;0;0;1;https://x.com/undefined/status/2021518340687286359;1,16079E+18;
2,02146E+18;Wed Feb 11 05:30:00 +0000 2026;1;Insiden kepulan asap yang muncul dari bagian bawah gerbong kedua dari depan melanda KRL Commuter Line KA 1336 rute Jakarta Kota Bogor saat memasuki Stasiun Universitas Pancasila pada Selasa (10/2/2026) sore sekitar pukul 16.15 WIB. Menanggapi situasi tersebut Kepala Stasiun https://t.co/3YGWQbqMHw;2,02146E+18;https://pbs.twimg.com/amplify_video_thumb/2021436354580922368/img/cQJhCgofeTMKfrSV.jpg;;in;;0;0;0;https://x.com/undefined/status/2021456665225330840;231355136;
2,0214E+18;Wed Feb 11 02:01:02 +0000 2026;15;DETIK-DETIK KRL JAKARTA KOTA-BOGOR ALAMI GANGGUAN DI STASIUN UNIVERSITAS PANCASILA‼ Sebuah rangkaian KRL rute Jakarta Kota Bogor diduga mengalami gangguan teknis berupa korsleting listrik di bagian penggerak saat berada di Stasiun Universitas Pancasila Jakarta Selatan https://t.co/JSxd6fJBdz;2,0214E+18;https://pbs.twimg.com/amplify_video_thumb/2021403894417588230/img/myqF9HpxU5pHwvM5.jpg;;in;;1;2;5;https://x.com/undefined/status/2021404077469597766;121640063;
2,02139E+18;Wed Feb 11 01:08:33 +0000 2026;4;Tadi pagi pas keluar kandang sempet kaget liat jakarta berkabut jam 5:30'an apakah bener kabut atau asap lagi ;2,02139E+18;;;in;;0;4;0;https://x.com/undefined/status/2021390868754907617;1,74197E+18;
2,02127E+18;Tue Feb 10 17:19:03 +0000 2026;2;Langit Jakarta banjir asap beracun. 10 juta serangga dan hama di kota Jakarta sedamg dipestisida agar sakit gak panjang usia dan cepat punah.. apakah inii yg akan di lakukan dan ini tujuan polusi udara di biarkan terjadi ? Sdh 2 malam berturut2 lohh @prabowo @pramonoanung;2,02127E+18;;;in;;0;1;0;https://x.com/undefined/status/2021272717446742135;2,01962E+18;
2,02121E+18;Tue Feb 10 13:25:49 +0000 2026;22;Selasa (10/2) terjadi gangguan pada trainset KRL JR 205-64+83 di Stasiun Universitas Pancasila Jakarta Selatan. Unit 205-357 mengeluarkan asap imbas komponen terbakar. Insiden terjadi saat KRL JR 205-64+83 berdinas KA 1336 sekitar 16.15 WIB. Video: @/michaelzef_ (IG) #Jalur5 https://t.co/dO6zhOE6hD;2,02121E+18;https://pbs.twimg.com/amplify_video_thumb/2021213880362598402/img/3llyTHSdP97qouoS.jpg;;in;;0;0;4;https://x.com/undefined/status/2021214022381502927;1,16301E+18;
2,02119E+18;Tue Feb 10 11:43:21 +0000 2026;1;KRL Jurusan Jakarta-Bogor Keluarkan Asap dari Mesin Penumpang Langsung Dievakuasi https://t.co/YFtDtn1Y5E;2,02119E+18;;;in;;0;0;1;https://x.com/undefined/status/2021188233506222581;47596019;
2,02115E+18;Tue Feb 10 09:51:23 +0000 2026;0;@estehextrasugar Selamat sore dan mohon maaf ya Kak. Perihal adanya asap pada perjalanan Commuterline saat ini dilakukan pengecekan pada sarana KA 1336 (Jakarta Kota-Bogor) di jalur 1 Stasiun Universitas Pancasila dan dalam penanganan petugas. Kami mohon ;2,02116E+18;;estehextrasugar;in;;0;0;0;https://x.com/undefined/status/2021160057401229424;341987176;
2,02092E+18;Mon Feb 09 20:03:46 +0000 2026;2;3:02 am langit Jakarta di banjiri oleh asap polusi udara beracun. Benar-benar mengerikan keadaan yang terjadi pada subuh hari ini #Asean #Wings #trending #southeastAsia #BakarSampah #IndonesiaGelap🇮🇩 #AirPollution @infoBMKG @dinaslhdki @DKIJakarta @pramonoanung Banjir !! https://t.co/q9djUW9ulz;2,02095E+18;https://pbs.twimg.com/media/HAvc6uZaAAEZpiC.jpg;jakarta7268;in;;2;1;0;https://x.com/undefined/status/2020951779974971844;1,88109E+18;
2,02064E+18;Sun Feb 08 23:35:09 +0000 2026;2;09/02/2025 Genap 1 tahun yg lalu Seperti inilah keadaan polusi udara Jakarta nya keadaannya baik selama 24 jam.. langitnya juga mendung tapi bersih dan cerah. Tidak terlihat asap polusi udara beracun https://t.co/BvJA8zU4Xr;2,02064E+18;https://pbs.twimg.com/media/HArDt25a4AE9-KU.jpg;;in;;1;1;0;https://x.com/undefined/status/2020642588022497437;2,01962E+18;
2,02063E+18;Sun Feb 08 23:24:02 +0000 2026;2;#Asean #Wings #trending #southeastAsia #BakarSampah #IndonesiaGelap🇮🇩 #AirPollution @infoBMKG @dinaslhdki @DKIJakarta @pramonoanung Hujan / banjir 6:13 am penampakan foto langit Jakarta yang diselimuti dengan asap polusi udara beracun pagi hari ini. Pembuktian itu wajib !! https://t.co/AvD1U7rxNC;2,02064E+18;https://pbs.twimg.com/media/HArBLCBboAEaiWC.jpg;jakarta7268;in;;1;1;0;https://x.com/undefined/status/2020639791378047085;1,88109E+18;
2,02063E+18;Sun Feb 08 22:51:12 +0000 2026;2;https://t.co/xQS5fG56hc Polusi udara Jakarta di tahun 2020 sepanjang tahun tinggi tidak perlu ada virus cukup dengan polusi udara semua penduduk pasti terkena ISPA. Apalagi ditambah oleh gas chamtrail yg disebar dr pesawat. Jahat emang nih Ri eranya Jokowi nihh !!;2,02063E+18;;jakarta7268;in;;0;1;0;https://x.com/undefined/status/2020631528217419922;1,88109E+18;
2,02043E+18;Sun Feb 08 09:46:51 +0000 2026;3;album of the year needs to be cooked asap he teleported from jakarta to seoul;2,02043E+18;;;en;;0;0;1;https://x.com/undefined/status/2020434139095474455;9,53595E+17;
2,02033E+18;Sun Feb 08 04:34:12 +0000 2026;2;11:33 am langit Jakarta mendung karena diselimuti oleh asap yang bersumber dari PLTU batubara yang melepaskan asapnya secara brutal di hari Minggu siang ini. Jalanan sepi tidak macet tetapi langit berasap siapa lagi pelakunya kalau bukan PLTU batubara. https://t.co/jldDA1f5oE;2,02036E+18;https://pbs.twimg.com/media/HAm-kx7acAIziwG.jpg;jakarta7268;in;;1;1;0;https://x.com/undefined/status/2020355460923289882;1,88109E+18;
2,02032E+18;Sun Feb 08 02:19:54 +0000 2026;24;ㅤ 𝗙𝗮𝘁𝗺𝗮𝘄𝗮𝘁𝗶 𝗖𝗶𝘁𝘆 𝗖𝗲𝗻𝘁𝗲𝗿 𝗝𝗮𝗸𝗮𝗿𝘁𝗮 𝗦𝗲𝗹𝗮𝘁𝗮𝗻 ┃ 𝖥𝖾𝖻 𝟪 𝟤𝟢𝟤𝟨 𝟢𝟫.𝟣𝟤 𝖠𝖬 This is how my Sunday morning usually looks like. Someone wants breakfast ASAP. ㅤ https://t.co/SCG2UigD20;2,02032E+18;https://pbs.twimg.com/media/HAmf172acAE_emr.jpg;;en;;0;3;0;https://x.com/undefined/status/2020321659652305142;385811520;
2,01949E+18;Thu Feb 05 19:54:54 +0000 2026;2;https://t.co/bUjWFH6fwc Pabrik yang tidak pasang filter asap dan dengan sengaja mengeluarkan asap beracun ke udara bebas Jakarta harus diposting seperti ini di media umum. Agar semua orang menjadi tahu pabriknya adalah sumber polusi udara beracun.;2,0195E+18;;jakarta7268;in;;0;1;0;https://x.com/undefined/status/2019499999198097839;1,88109E+18;
2,01944E+18;Thu Feb 05 15:40:30 +0000 2026;3;i wanna read jakarta selintas aram so bad omg abel emina please give me one asap;2,01944E+18;;;en;;1;0;0;https://x.com/undefined/status/2019435976645652570;1,7261E+18;
2,01931E+18;Thu Feb 05 07:07:30 +0000 2026;1;Sebuah insiden darurat terjadi dalam penerbangan Citilink rute Jakarta Bengkulu ketika seorang balita berusia sekitar 20 bulan mengalami kejang demam saat pesawat masih berada di landasan pacu. Kepanikan sempat terjadi di dalam kabin hingga seorang dokter spesialis anak dr. Erli https://t.co/UvZaDf98ii;2,01931E+18;https://pbs.twimg.com/amplify_video_thumb/2019306703968464896/img/Wrbl_Na7VzIwoa_L.jpg;;in;;0;0;0;https://x.com/undefined/status/2019306875175727161;58880688;
2,01893E+18;Wed Feb 04 06:10:57 +0000 2026;4;Sobat Jakarta sudah tahu bahaya di balik penggunaan asbes sebagai material atap rumah? Asbes sering dianggap selepe padahal material ini mengeluarkan debu yang sangat kecil. Ketika terhirup partikel debu tersebut bisa mengendap di paru-paru dan berisiko menimbulkan gangguan https://t.co/cwkQ3dJeLx;2,01893E+18;https://pbs.twimg.com/media/HASuXRVbAAA6koS.jpg;;in;;0;3;2;https://x.com/undefined/status/2018930256577765578;166014938;
2,01888E+18;Wed Feb 04 03:10:00 +0000 2026;2;Ternyata hujan di Jakarta nggak cuma bawa air tapi juga plastik! Temuan BRIN menunjukkan setiap sampel air hujan yang diteliti sejak 2022 tercemar mikroplastik dari berbagai sumber. Mulai dari limbah pembakaran plastik hingga debu kendaraan. #DW ~VE https://t.co/IDgUeK0PXc;2,01888E+18;https://pbs.twimg.com/amplify_video_thumb/2018880951829643265/img/TMdCNF65oMH0ncHq.jpg;;in;;0;0;3;https://x.com/undefined/status/2018884716963963368;23343960;
2,01833E+18;Mon Feb 02 14:06:53 +0000 2026;28;Kalimantan ini kenapa ya om disaat Jakarta banjir dimana-mana disini malah asap kebakaran hutan @zakiberkata https://t.co/r37Bylw3VT;2,01833E+18;https://pbs.twimg.com/amplify_video_thumb/2018325182293876736/img/dpdKC5kKR4IzkTpT.jpg;;in;;6;3;3;https://x.com/undefined/status/2018325250766000567;1,65358E+18;
2,01773E+18;Sat Jan 31 22:58:42 +0000 2026;2;Jakarta punya caranya sendiri untuk membuat angka Rp5.067.381 terasa seperti tumpukan uang di pagi hari tapi menguap jadi butiran debu di minggu ketiga. Berikut adalah sepenggal kisah realistis tentang bertahan hidup dengan gaji UMR di Jakarta.;2,01773E+18;;;in;;1;0;0;https://x.com/undefined/status/2017734314713399303;1,97785E+18;
2,01757E+18;Sat Jan 31 14:24:07 +0000 2026;51;@shitlicious F26 (otw 27) asli Surabaya tapi lagi kerja di Jakarta. Aku suka eksplor makanan karena aku cinta makanan enak terutama dimZzzzum mentai. Gapunya ideal type selain ycca (yang cocok cocok aja) tapi kalau bisa bukan perokok (gakuat asap rokok ga;2,0176E+18;https://pbs.twimg.com/media/G__44sBbwAAPd7T.jpg;shitlicious;in;;0;9;2;https://x.com/undefined/status/2017604813765415196;1,41632E+18;
2,01751E+18;Sat Jan 31 08:10:40 +0000 2026;8620;Aksi Heroik Dokter Spesialis Anak Selamatkan Balita Kejang di Pesawat Citilink ​Sebuah momen menegangkan sekaligus mengharukan terjadi dalam penerbangan Citilink rute Jakarta-Bengkulu. dr. Erli Meichory Viorika Sp.A (akrab disapa dr. Ika) seorang dokter spesialis anak dengan https://t.co/KtZo308ogZ;2,01751E+18;https://pbs.twimg.com/ext_tw_video_thumb/2017510760667312128/pu/img/4adQmvIGRG7bjMsR.jpg;;in;;93;137;1452;https://x.com/undefined/status/2017510833610494403;1,28275E+18;
2,01712E+18;Fri Jan 30 06:00:41 +0000 2026;58;krezi sih seumur-umur ga pernah kena diagnosa penyakit pernapasan macem-macem kayak ispa bronkitis maupun sinus separah ini sebelumnya emang mantep lo ibukota jakarta;2,01712E+18;;;in;;5;7;3;https://x.com/undefined/status/2017115731654300015;1,64173E+18;
2,01683E+18;Thu Jan 29 11:23:43 +0000 2026;6;BAGIAN 1: PERJUMPAAN DENGAN PAK DEWO Malam itu Jakarta baru saja diguyur hujan sisa sore tadi. Bau tanah basah bercampur dengan aroma asap knalpot dan bau besi berkarat yang menyengat dari arah rel kereta.;2,01683E+18;;Necrous_story;in;;0;1;0;https://x.com/undefined/status/2016834639693041996;1,765E+18;
2,0168E+18;Thu Jan 29 09:07:46 +0000 2026;46;We re preparing something special for TY TRACK in Jakarta @tytrackproject X @NCT127Project A collaboration project for TYONGFS~ Stay tuned for what s coming!! Get your ticket asap~ https://t.co/f00i7kYmIB #TAEYONGinJakarta #TYTRACKWITH127 https://t.co/v0if2UFrCj;2,0168E+18;https://pbs.twimg.com/media/G_0dSdVasAAq02L.jpg;;en;;3;0;24;https://x.com/undefined/status/2016800424372928778;1,21847E+18;
2,01675E+18;Thu Jan 29 05:41:49 +0000 2026;0;Badan Meteorologi Klimatologi dan Geofisika (BMKG) mengingatkan akan potensi hujan turun di sejumlah wilayah Indonesia pada hari ini dengan intensitas lebat hingga sangat lebat. Kombinasi dinamika atmosfer menyebabkan potensi cuaca cukup signifikan di beberapa wilayah https://t.co/exRkZHBoV3;2,01675E+18;https://pbs.twimg.com/media/G_zuIeibUAMpOkD.jpg;;in;;0;0;0;https://x.com/undefined/status/2016748598088937504;350668803;
2,01669E+18;Thu Jan 29 01:49:13 +0000 2026;6;Another delay @cathaypacifichk need back to jakarta asap huhu https://t.co/mfNZGhiolS;2,01669E+18;https://pbs.twimg.com/media/G_y46udbUAAc2gr.jpg;;en;;0;0;2;https://x.com/undefined/status/2016690062143238197;1,20951E+18;
2,01612E+18;Tue Jan 27 12:08:32 +0000 2026;85;ALPHA: JAKARTA MEETUP DETAILS DROPPED Buat yang udah nanya-nanya soal event Meteora di Jakarta here's everything you need to know: WHEN: Kamis 29 Januari 2026 WHERE: Jura Kemanggisan LT.3 &amp LT.4 ⏰ TIME: 16.00 - 21.00 WIB SPECIAL GUEST : @AlekssRG Dev of https://t.co/dZ3iOYwzFn;2,01612E+18;https://pbs.twimg.com/media/G_pKbBrbAAAbR1N.jpg;;in;;12;10;22;https://x.com/undefined/status/2016121140348149985;1,97613E+18;
2,01588E+18;Mon Jan 26 20:28:54 +0000 2026;1;#Asean #Fifa #trending #PabrikWingsSumberPolusiUdara #BakarSampah #Smog #PM25 #Jakarta🇮🇩 #AirPollution #apartemen #KendalikanAsapPLTU Selasa 27/01/2026 3:28 am Polusi udara di sisi selatan Jakarta buruk. Jakarta Utara sedang mengalami hujan lebat. Udara bau busuk asap pembakaran https://t.co/FpRRZ3VrhR;2,01588E+18;https://pbs.twimg.com/media/G_ncavabAAUWpZZ.jpg;;in;;1;1;0;https://x.com/undefined/status/2015884673898184801;1,88109E+18;
2,01554E+18;Mon Jan 26 05:29:09 +0000 2026;1;12.27 pm keadaan polusi udara di Jakarta saat di siang hr ini.. asap polusi banyak di laut utara jakarta. Problem fatal Jakarta ada 2. Di udara itu polusi udara beracun. Di daratan itu hujan dan banjir. Kebanjiran adalah bencana yg terpelihara https://t.co/TbbwU7DcGF;2,01566E+18;https://pbs.twimg.com/media/G_kOeyEbIAAEIX4.jpg;jakarta7268;in;;0;1;0;https://x.com/undefined/status/2015658246862934160;1,88109E+18;
2,01538E+18;Sun Jan 25 10:52:33 +0000 2026;2;Poli Klinik Kesehatan (Polkes) Kesehatan Daerah Militer (Kesdam) Jaya Jakarta Timur menggelar pemeriksaan kesehatan gratis bagi warga terdampak banjir di Jalan Kebon Pala Kampung Melayu Jakarta Timur Minggu 25 Januari 2026. Langkah jemput bola ini dilakukan untuk memantau https://t.co/s5EDEpKIXR;2,01538E+18;https://pbs.twimg.com/media/G_gO6ldawAA9O3X.jpg;;in;;0;0;0;https://x.com/undefined/status/2015377244764696902;57261519;
2,01532E+18;Sun Jan 25 07:04:26 +0000 2026;1;14.05 #LalinSonora Terlihat asap kebakaran dari layang MBZ km 31 arah Jakarta. Sepertinya kawasan pergudangan dan tercium aroma gas menyengat di KM 26.200. ( via Bp. Adhi Krisna ) https://t.co/d1E3hwuYUE;2,01532E+18;https://pbs.twimg.com/media/G_fas8ra4AA3MiL.jpg;;in;;0;0;0;https://x.com/undefined/status/2015319835341914341;180696019;
2,01525E+18;Sun Jan 25 02:41:55 +0000 2026;14;It's D-6 iyf jakarta and can you please revise date for wristband redemption to add D-1? D-day is just for option and it won't be chaotic queue if you revised it. Please top urgent! ASAP @PKEnt_ID;2,01525E+18;;;en;;1;0;12;https://x.com/undefined/status/2015253770964467855;1,81515E+18;
2,01493E+18;Sat Jan 24 05:21:25 +0000 2026;6;#MagangPam - Scobylogy (Mambucha) - Social Media Marketing Intern - WFO Kelapa Gading Jakarta Utara Requirements: Proven experience as a Content Creator Social Media Specialist or similar role. Good at basic editing (Canva or Capcut Photoshop is a plus). Up to https://t.co/D4xIKolr3f;2,01493E+18;https://pbs.twimg.com/media/G_Z5iBobAAEEPvd.jpg;;en;;0;0;0;https://x.com/undefined/status/2014931524140073097;1,06991E+18;
2,01485E+18;Sat Jan 24 00:15:51 +0000 2026;6;sibuk gada waktu buat drama lo gwa buat asap dalam studio sippin lgi ganti cup sampe otak slow mata terlalu berat buat omongkosong lo dia tau aku Dopeboi dia taking foto 5 langkah kalo ajak aku dalam show dua slide foto dengan baddie ke Europe dari Bekasi ke Jakarta buat tuker ho;2,01485E+18;;;in;;0;1;0;https://x.com/undefined/status/2014854623258148867;1,08367E+18;
2,01464E+18;Fri Jan 23 09:44:28 +0000 2026;12;Untuk memperlancar ngobrol B. Inggris gw mulai ajak bule untuk ngobrol sih. - Ketemu bule Aussie pas mau sholat subuh Waktu nginep di daerah Tugu Tani udah niat nyari suara adzan. Karena gak nemu lokasi masjidnya gw putar balik jalan dan ada bule Aussie brewokan pakai gamis;2,01464E+18;;;in;;0;0;3;https://x.com/undefined/status/2014635336064798757;40204568;
2,01409E+18;Thu Jan 22 16:01:52 +0000 2026;3;11.00 pm keadaan polusi udara Jakarta Tengah malam saat ini dalam keadaan hujan tapi polusi udaranya tinggi. Ini asap PLTU bercampur dengan asap pembakaran sampah https://t.co/CrK9aldD1H;2,01437E+18;https://pbs.twimg.com/media/G_R48I5bUAADU8f.jpg;jakarta7268;in;;0;1;0;https://x.com/undefined/status/2014367922345681311;1,88109E+18;
2,01387E+18;Wed Jan 21 07:00:00 +0000 2026;0;Toprak Razgatlioglu memamerkan kemahiran free style stunt riding menggunakan motor mulai dari wheelie berputar mengelilingi lapangan SMKN 39 Jakarta sambil mengepulkan asap putih Selengkapnya https://t.co/q6OknqqJKZ;2,01387E+18;;;in;;0;0;0;https://x.com/undefined/status/2013869170467758445;78239324;
2,01381E+18;Wed Jan 21 03:09:55 +0000 2026;58;https://t.co/76XvvWIXX2;2,01381E+18;;;zxx;;0;35;33;https://x.com/undefined/status/2013811268772069678;1,74355E+18;
2,01365E+18;Tue Jan 20 16:19:48 +0000 2026;1; Guys cowokku sakit demam batuk sama flu. Kita ldr dia jakarta aku bandung aku gak tenang banget soalnya dia juga disana sendiri guys doain pacarku semoga cepet sembuh ya aku pingin kesana tapi besok harus kerja :(( doain ya guys makasih;2,01365E+18;;;in;;0;3;0;https://x.com/undefined/status/2013647659823780149;1,24834E+18;
2,01358E+18;Tue Jan 20 11:31:59 +0000 2026;1095;Terinspirasi dr. Joserizal Jurnalis Dua Dokter Bergabung dalam Misi Kemanusiaan MER-C di Aceh Jakarta Terinspirasi oleh pendiri Medical Emergency Rescue Committee (MER-C) dr. Joserizal Jurnalis Sp. OT. dua dokter tergerak untuk ikut bergabung dalam misi kemanusiaan di https://t.co/xxKxsyuWPM;2,01358E+18;https://pbs.twimg.com/amplify_video_thumb/2013573734238425088/img/2p6gM0RgHxoe8YtW.jpg;;in;;1;17;262;https://x.com/undefined/status/2013575228493021342;193663043;
2,01325E+18;Mon Jan 19 13:45:42 +0000 2026;24;debu jakarta jahat bgt setan keluar seitil aja dilap pake tisu irengnya kayak abu gosok;2,01325E+18;;;in;;0;1;0;https://x.com/undefined/status/2013246491356192880;1,42981E+18;
2,01264E+18;Sun Jan 18 15:21:20 +0000 2026;1;10:20 pm polusi udara Jakarta meningkat sangat tinggi pd malam hari ini. Udara berbau busuk asap bakaram sampah ilegal pemulung Madura !! Parahh https://t.co/rJ7IwemeZ5;2,01291E+18;https://pbs.twimg.com/media/G-9JTVCW0AA8cOe.jpg;jakarta7268;in;;0;1;0;https://x.com/undefined/status/2012908168909644243;1,88109E+18;
2,01287E+18;Sun Jan 18 13:09:18 +0000 2026;35286;Mengapa Soeharto tak ditangkap setelah jatuh pada 1998? Pada tahun 2000 Gus Dur berusaha melakukan itu. Gus Dur berusaha menangkap Soeharto dan keluarganya. Sidang dijadwalkan pada 14 September 2000. Pada 13 September 2000 bom raksasa meledak di Bursa Efek Jakarta. 15 https://t.co/MXLEUiy7Uc;2,01287E+18;https://pbs.twimg.com/media/G-8qdWdW4AAB05Z.jpg;;in;;1568;680;12082;https://x.com/undefined/status/2012874944783491513;1,63007E+18;
2,01205E+18;Fri Jan 16 12:39:47 +0000 2026;1;7.38 pm polusi udara di Jakarta kembali meningkat di sebabkan oleh asap bakaran sampah di tengah kota jakarta. Biadab bgt pelaku nya https://t.co/hKPA57447w;2,01214E+18;https://pbs.twimg.com/media/G-yRHHZbsAESNLb.jpg;jakarta7268;in;;1;1;0;https://x.com/undefined/status/2012142739702603848;1,88109E+18;
2,01161E+18;Thu Jan 15 01:40:16 +0000 2026;9;OPEN RENT HP KONSER JAKARTA SEWA SAMSUNG &amp SEWA IPHONE FOR: 2026 BTS WORLD TOUR ️ 2026.12.26 27 TBA ️READY ALL UNIT SAMSUNG S22U-S25U IPHONE 17PRO 16PM 16 15PM 14PM DM ASAP FOR KEEP UNIT #ARMY #sewasamsung #renthp #sewaiphone #BTS #sewahp https://t.co/lJIz8XVZmA;2,01161E+18;https://pbs.twimg.com/media/G-qwnMrasAALkw4.jpg;;en;;0;1;2;https://x.com/undefined/status/2011614377791930497;1,59571E+18;
2,00915E+18;Thu Jan 08 06:27:01 +0000 2026;273;Perkuat Layanan Kesehatan Pascabencana MER-C Kembali Kirim Relawan ke Aceh Jakarta MER-C kembali mengirimkan relawan untuk bertugas di Aceh pada Selasa (6/1). Sebanyak tujuh relawan diberangkatkan terdiri dari enam relawan dari Jakarta dan satu relawan lokal Aceh. Tim https://t.co/PINPI6MI61;2,00915E+18;https://pbs.twimg.com/amplify_video_thumb/2009149625459171328/img/_BcZq2hImeuUj42X.jpg;;in;;1;1;81;https://x.com/undefined/status/2009149828505518267;193663043;
2,00844E+18;Tue Jan 06 07:33:38 +0000 2026;303;Aku Bara yang Menolak Padam. Jangan cari Aku di mimbar-mimbar tinggi tempat pidato manis diobral murah. Jangan cari Aku di balik meja mewah tempat nasibmu digadaikan lewat tanda tangan basah. Aku tidak di sana. Aku ada di sini. Di sela-sela jari kakimu yang pecah-pecah https://t.co/REXZErldLF;2,00844E+18;https://pbs.twimg.com/amplify_video_thumb/2008441738290249728/img/ThDfygHJzGMihGhe.jpg;;in;;3;15;177;https://x.com/undefined/status/2008441815733858342;9,92488E+17;
2,0082E+18;Mon Jan 05 15:37:08 +0000 2026;1;Dinas Kesehatan (Dinkes) DKI Jakarta memastikan hingga saat ini belum ditemukan kasus Super Flu di wilayah Jakarta. Kepala Dinkes DKI Jakarta Ani Ruspitawati menegaskan kondisi Jakarta masih aman meski isu Super Flu tengah ramai dibicarakan. Meski begitu masyarakat tetap https://t.co/UUhvb6rWta;2,0082E+18;https://pbs.twimg.com/media/G96QPgXboAAT-__.jpg;;in;;0;0;0;https://x.com/undefined/status/2008201105415815453;132078023;
2,00819E+18;Mon Jan 05 15:07:44 +0000 2026;2;Sebuah kendaraan bus wisata asal Metro Lampung terbakar dari arah Jakarta menuju Cikampek Senin (5/1) sekitar pukul 17.35 WIB. Kepala Induk Patroli Jalan Raya (PJR) Tol Cikampek Kompol Sandy Titah Nugraha mengatakan bus tersebut terbakar di KM 06A. Setiba di TKP (tempat https://t.co/WeRl5uN5gu;2,00819E+18;https://pbs.twimg.com/media/G96Ja_ibQAA-QZ-.jpg;;in;;0;0;0;https://x.com/undefined/status/2008193704503447775;7,86549E+17;
2,0081E+18;Mon Jan 05 09:07:19 +0000 2026;0;Kepala Dinas Kesehatan DKI Jakarta Ani Ruspitawati memastikan bahwa kasus Super Flu saat ini belum ditemukan di Ibu Kota. Kendati demikian warga Jakarta tetap diminta waspada terhadap potensi penyebarannya. -- Saat ini masih belum ditemukan kasus Super Flu di Provinsi DKI https://t.co/0ivD8iJLh2;2,0081E+18;https://pbs.twimg.com/media/G943CHKaIAAFDck.jpg;;in;;0;0;0;https://x.com/undefined/status/2008103002377208044;385250674;
2,00779E+18;Sun Jan 04 12:30:00 +0000 2026;2;Kepala Dinas Kesehatan DKI Jakarta Ani Ruspitawati mengatakan Superflu merupakan ISPA akibat virus Influenza Tipe A H3N2 Subclade K yang saat ini telah beredar di sejumlah wilayah Indonesia. https://t.co/qbTJyWf8cM;2,00779E+18;;;in;;0;0;1;https://x.com/undefined/status/2007791622403006876;68930552;
2,00773E+18;Sun Jan 04 08:27:39 +0000 2026;12;hello there south jakarta B20 slim manly also discreet and st8act too here lately i m looking for ltr but i just into manlyxmanly sorry. anyway masih akun kosongan then i ll hit u up on dm asap by!;2,00773E+18;;;en;;0;16;0;https://x.com/undefined/status/2007730632655335722;7,24273E+17;
2,00768E+18;Sun Jan 04 05:11:13 +0000 2026;0;Dinas Kesehatan (Dinkes) DKI Jakarta mengimbau masyarakat untuk memperketat penerapan Perilaku Hidup Bersih dan Sehat (PHBS) guna menangkal penularan superflu atau influenza A (H3N2) subclade K. Selain menjaga kebersihan tangan dan etika batuk warga diminta segera melakukan;2,00768E+18;;;in;;0;0;0;https://x.com/undefined/status/2007681201331658969;57261519;
2,00761E+18;Sun Jan 04 00:28:39 +0000 2026;5;Negara ini memang ajaib dalam menyulap aroma asap knalpot menjadi parfum pengharum laporan keuangan para penguasa lahan. Anda diminta merayakan kemandirian energi sambil menutup hidung dari bau amis konsesi yang transaksinya dilakukan di bawah meja makan mewah. Biodiesel Akrobat https://t.co/1OXarszS5R;2,00761E+18;https://pbs.twimg.com/media/G9x2sF_asAAQHw9.jpg;;in;;0;0;0;https://x.com/undefined/status/2007610090996805852;55300590;
2,00747E+18;Sat Jan 03 15:20:18 +0000 2026;6;Negara ini memang ajaib dalam menyulap aroma asap knalpot menjadi parfum pengharum laporan keuangan para penguasa lahan. Anda diminta merayakan kemandirian energi sambil menutup hidung dari bau amis konsesi yang transaksinya dilakukan di bawah meja makan mewah. Biodiesel Akrobat https://t.co/yTtg1H47SQ;2,00747E+18;https://pbs.twimg.com/media/G9v47A7bcAAgT7W.jpg;;in;;0;0;3;https://x.com/undefined/status/2007472090530845051;55300590;
2,00662E+18;Thu Jan 01 06:46:46 +0000 2026;0;Bus Transjakarta mengeluarkan asap tebal di kawasan Bumi Perkemahan dan Graha Wisata Pramuka (Buperta) Cibubur Jakarta Timur Rabu (31/12/2025) disebabkan kebocoran pada bagian turbo mesin. | #Transjakarta #Cibubur https://t.co/mFUSfxGApR;2,00662E+18;;;in;;0;0;1;https://x.com/undefined/status/2006618080131297366;23343960;
2,0062E+18;Wed Dec 31 03:10:39 +0000 2025;12; hi B20 here from jakarta. looking for mutuals and maybe a long-term connection. my account is still new hope that s okay. just trying my luck here who knows i might meet someone. rep and i ll reply asap. https://t.co/yRABxtJp3o;2,0062E+18;https://pbs.twimg.com/media/G9d1dLvW0AAhsB_.jpg;;en;;0;23;0;https://x.com/undefined/status/2006201306671710638;1,12645E+18;
2,00546E+18;Mon Dec 29 01:57:32 +0000 2025;28;Kepanikan melanda pusat perbelanjaan Sarinah Menteng Jakarta Pusat pada Minggu (28/12) malam. Sebuah ornamen berbentuk pita dekorasi yang terpasang di area luar lantai dua gedung tersebut terbakar hingga mengeluarkan kepulan asap. Beruntung api tidak sempat merembet ke https://t.co/WX2pZ8ygn3;2,00546E+18;https://pbs.twimg.com/amplify_video_thumb/2005457234093019137/img/qpeVGK_btevqFY4a.jpg;;in;;2;1;7;https://x.com/undefined/status/2005458132219437301;57261519;
2,00523E+18;Sun Dec 28 10:44:37 +0000 2025;3;Tas ini adalah solusi denimalz anti debu-debu durjana jakarta https://t.co/fMGy5J4EGk;2,00523E+18;https://pbs.twimg.com/media/G9QAh2Na0AAjHL5.jpg;;in;;0;0;0;https://x.com/undefined/status/2005228387640782884;147778651;
2,00517E+18;Sun Dec 28 06:40:53 +0000 2025;0;Kebakaran melanda ruang genset kantor Wali Kota Jakarta Selatan Jalan Prapanca Raya No. 9 Petogogan Kebayoran Baru Jakarta Selatan Minggu (28/12/2025) sekitar pukul 06.24 WIB pagi. Tujuh unit mobil pemadam dikerahkan untuk memadamkan api. Kasudin Gulkarmat Jakarta Selatan https://t.co/WAXeTgJb7l;2,00517E+18;https://pbs.twimg.com/media/G9PIzW0bgAQMIlr.jpg;;in;;0;0;0;https://x.com/undefined/status/2005167050977955968;46693036;
2,00506E+18;Sat Dec 27 23:20:52 +0000 2025;3;06.20: Kepulan asap tebal terlihat di sekitaran Rawa Buaya Jakarta Barat tepatnya pantauan dari halte transjakarta Jembatan Baru. (P. Diki) https://t.co/0QzdBbQlWq;2,00506E+18;https://pbs.twimg.com/amplify_video_thumb/2005056282429190144/img/ZZfSEyFKUZ2QJ-iT.jpg;;in;;0;1;0;https://x.com/undefined/status/2005056317426467013;121640063;
2,00427E+18;Fri Dec 26 07:54:22 +0000 2025;1;@infoBMKG @dinaslhdki @DKIJakarta @pramonoanung https://t.co/lAAlxnTlXh Masalah polusi udara Jakarta Jika seperti begini tidak ada yang awasi lalu asap seenaknya secara bebas tidak terkontrol terlepas ke udara bebas karena menganggap orang lain tidak tahu;2,00446E+18;;jakarta7268;in;;0;1;0;https://x.com/undefined/status/2004460767513637283;1,88109E+18;
2,00399E+18;Thu Dec 25 01:01:28 +0000 2025;1;⠀⠀⠀ WhatsApp to Laura : Merry Christmas love! : Wish you were here. : What if i arranged someone to pick you up in Jakarta so we could meet in Manhattan before New Year? : I want...i miss you and want to spend NY with you for sure. : Text me ASAP. ⠀⠀⠀ https://t.co/ihNm7PALe1;2,00399E+18;https://pbs.twimg.com/media/G8-eWR1b0AQG3CE.jpg;;en;;0;1;1;https://x.com/undefined/status/2003994469469950027;1,54825E+18;
2,00391E+18;Wed Dec 24 19:42:26 +0000 2025;1;#Asean #Fifa #trending #PabrikWingsSumberPolusiUdara #BakarSampah #Smog #PM25 #Jakarta🇮🇩 #AirPollution #apartemen #KendalikanAsapPLTU Kamis 25/12/2025 2:41 am Kejahatan polusi udara kembali terjadi pada waktu subuh hari ini. Berasal dari asap bakaran sampah yang disengaja https://t.co/eXwmX1xUlE;2,00391E+18;https://pbs.twimg.com/media/G89VUoUacAA7r1R.jpg;;in;;2;1;0;https://x.com/undefined/status/2003914183470096738;1,88109E+18;
2,00375E+18;Wed Dec 24 08:45:10 +0000 2025;2;Iklim 2026 Bersifat Normal BMKG Dorong Optimalkan Potensi Iklim Untuk Berbagai Sektor Jakarta 24 Desember 2025 Badan Meteorologi Klimatologi dan Geofisika (BMKG) resmi meluncurkan Informasi Pandangan Iklim (Climate Outlook) 2026. Berdasarkan analisis berbasis perhitungan https://t.co/orrWNxA4pB;2,00375E+18;https://pbs.twimg.com/media/G86-3NQaoAEpmKC.jpg;;in;;0;0;0;https://x.com/undefined/status/2003748773261107607;3063804174;
2,00374E+18;Wed Dec 24 08:29:35 +0000 2025;4;Iklim 2026 Bersifat Normal BMKG Dorong Optimalkan Potensi Iklim Untuk Berbagai Sektor Jakarta 24 Desember 2025 Badan Meteorologi Klimatologi dan Geofisika (BMKG) resmi meluncurkan Informasi Pandangan Iklim (Climate Outlook) 2026. Berdasarkan analisis berbasis perhitungan https://t.co/CJz63VtwhI;2,00374E+18;https://pbs.twimg.com/media/G866GKHagAIyCQ0.jpg;;in;;0;0;1;https://x.com/undefined/status/2003744852899733836;108543358;
2,00339E+18;Tue Dec 23 08:52:32 +0000 2025;1;Halo Sahabat https://t.co/4VOOkFAPN4 Jurnalis https://t.co/4VOOkFAPN4 Dzaky Nurcahyo dan Tria Sutrisna turun langsung ke lokasi bencana banjir bandang di Aceh Tamiang Provinsi Aceh selama sepekan. Mereka berangkat dari Jakarta ke Kualanamu Sumatera Utara pada 11 Desember https://t.co/mb6FpkSWbE;2,00339E+18;https://pbs.twimg.com/media/G8129bja4AA6ufG.jpg;;in;;0;1;1;https://x.com/undefined/status/2003388240351625558;23343960;
2,00333E+18;Tue Dec 23 05:04:46 +0000 2025;1556;You know how TREASURE's songs give you chills? Imagine hearing it LIVE on 2025-26 TREASURE TOUR [PULSE ON] IN JAKARTA! This is your golden chance to sing along with the members and all the TEUME across Indonesia! Tickets are still around and available on https://t.co/HkqBY8xu3X;2,00333E+18;https://pbs.twimg.com/amplify_video_thumb/2003330494730252288/img/nVOZ3-8iGl8vbWbR.jpg;;en;;40;3;366;https://x.com/undefined/status/2003330920078807270;8,47687E+17;
2,00297E+18;Mon Dec 22 05:18:05 +0000 2025;30;MEMBERONDONG ISTANA NEGARA. 9 Maret 1960 keheningan langit Jakarta terkoyak oleh suara deru jet tempur MiG-17 Fresco dilanjutkan dengan suara rentetan tembakan kanon yang menyasar Istana Negara. Jet tempur dengan call sign 1112 itu dipiloti oleh Letnan Daniel Alexander Maukar https://t.co/pjGF8s0FSy;2,00297E+18;https://pbs.twimg.com/media/G8v8Q8taQAA7R1a.jpg;;in;;0;4;7;https://x.com/undefined/status/2002971883969597663;1,37646E+18;
2,00283E+18;Sun Dec 21 19:50:05 +0000 2025;1;#Asean #Fifa #trending #PabrikWingsSumberPolusiUdara #BakarSampah #Smog #PM25 #Jakarta🇮🇩 #AirPollution #apartemen #KendalikanAsapPLTU Senin 22/12/2025 2:47 am Polusi udara Jakarta buruk saat ini karena disengaja Inilah yang disebut kejahatan. Penyebabnya adalah asap bakar sampah https://t.co/I7iArZKysO;2,00283E+18;https://pbs.twimg.com/media/G8t6TY_bkAAv5RD.jpg;;in;;2;1;0;https://x.com/undefined/status/2002828944995930565;1,88109E+18;
2,00243E+18;Sun Dec 21 15:51:39 +0000 2025;1;9:48 pm polusi udara meningkat di sisi barat Jakarta. Asap bakaran sampah ini dr tangerang terdorong ke daan mogot tomang juanda kemayoran. Nah di ancol juga menghasilkan asap bakaran sampah terdorong ke sunter. Kejahatan berulang kembali https://t.co/Sgb1OSPebS;2,00277E+18;https://pbs.twimg.com/media/G8tDujIbgAEwz5O.jpg;jakarta7268;in;;0;1;0;https://x.com/undefined/status/2002768941123604684;1,88109E+18;
2,00214E+18;Fri Dec 19 22:22:56 +0000 2025;10;GWS Medika is looking for a motivated HR Intern to join our team and gain hands-on experience in recruitment and HR operations. This internship is a great opportunity for final-year students or fresh graduates in Psychology who are eager to learn detail-oriented and ready to https://t.co/2IB31oewQZ;2,00214E+18;https://pbs.twimg.com/media/G8kKHFObMAYVjU4.jpg;;en;;0;0;0;https://x.com/undefined/status/2002142633549050202;607941256;
2,00163E+18;Fri Dec 19 01:42:26 +0000 2025;12;@sunsetJhesus Rather than care about Malaysia jakarta should focus in redeveloping the sumatera asap post heavy flood.;2,00183E+18;;sunsetJhesus;en;;0;0;0;https://x.com/undefined/status/2001830453163233460;1,58641E+18;
2,00172E+18;Thu Dec 18 18:05:27 +0000 2025;1;#Asean #Fifa #trending #PabrikWingsSumberPolusiUdara #BakarSampah #Smog #PM25 #Jakarta🇮🇩 #AirPollution #apartemen #KendalikanAsapPLTU Jumat 19/12/2025 1.05 am Data keadaan lvl polusi udara beracun di Jakarta.. kog bs di jakbar polusi naik. Gak ada pabrik. Asap bakar sampah? https://t.co/bypqzTXzSJ;2,00172E+18;https://pbs.twimg.com/media/G8eFkSUaEAAphEp.jpg;;in;;1;1;0;https://x.com/undefined/status/2001715446169636995;1,88109E+18;
2,00153E+18;Thu Dec 18 12:57:59 +0000 2025;1;@txtdarionlshop Culture shock anak Jakarta kerja di Kabupaten (Cikarang perbatasan Karawang) : Perjalanan berangkat dan pulang gak eyecatching selain itu debu dan polusi parah bgttt suhumha panas bgtttt;2,00164E+18;;txtdarionlshop;in;;0;0;0;https://x.com/undefined/status/2001638071843037669;776065111;
2,00151E+18;Thu Dec 18 04:29:05 +0000 2025;1;Selamat pagi (menjelang siang) buat hujan desember dan kepulan asap pho yang menggoda juga buat semua orang baik kecuali macet jakarta yg gak masuk akal. https://t.co/wGxMhhwV3X;2,00151E+18;https://pbs.twimg.com/media/G8bKuuSbIAEQykF.jpg;;in;;0;0;0;https://x.com/undefined/status/2001510000578195497;1,75808E+18;
2,00151E+18;Thu Dec 18 04:20:04 +0000 2025;2;If you like kena ISPA go to Jakarta;2,00151E+18;;;en;;0;2;0;https://x.com/undefined/status/2001507733431030139;71691373;
2,00109E+18;Wed Dec 17 00:31:01 +0000 2025;64;@txtdrimedia Logika pembangunan kita ini makin lama makin absurd. Hutan Papua mau disulap jadi tangki bensin? Ini kita lagi ngomongin masa depan atau lagi ngerancang kiamat ekologis? ​Coba pake nalar paling dasar. Hutan itu paru-paru. Sawit itu komodita;2,00109E+18;;txtdrimedia;in;;0;3;13;https://x.com/undefined/status/2001087703551824229;1,96818E+18;
2,00102E+18;Tue Dec 16 19:49:28 +0000 2025;1;#Asean #Fifa #trending #PabrikWingsSumberPolusiUdara #BakarSampah #Smog #PM25 #Jakarta🇮🇩 #AirPollution #apartemen #KendalikanAsapPLTU Rabu 17/12/2025 2:48 am data polusi udara jakarta subuh hari ini. Keadaannya baik.. jika tdk didapati asap bakaran sampah polusi udara baik aja ! https://t.co/8RJmbkaAXw;2,00102E+18;https://pbs.twimg.com/media/G8UKNXAbYAARIHN.jpg;;in;;1;1;0;https://x.com/undefined/status/2001016848553570739;1,88109E+18;
2,00093E+18;Tue Dec 16 14:27:50 +0000 2025;2453;@ARSIPAJA Belum kering air mata korban banjir di Sumatera gara-gara hutan gundul sekarang Bapak mau mindahin PETAKA itu ke Papua? Dikira Hutan Papua itu lahan kosong yang bisa seenaknya diganti monokultur? Itu paru-paru dunia terakhir kita woy! Itu rumah ;2,00094E+18;;ARSIPAJA;in;;6;21;674;https://x.com/undefined/status/2000935909148254657;1,96818E+18;
2,00039E+18;Mon Dec 15 02:29:44 +0000 2025;4;Kebakaran di kawasan Pasar Induk Kramat Jati Jakarta Timur Senin (15/12) pagi diduga akibat korsleting listrik dari toko plastik. Itu awalnya toko plastik dekat situ toko plastik korsleting. Saya dengar ledakan mobil saya lagi parkir bongkar muat saya lagi duduk-duduk https://t.co/fQAmNtQ1Y3;2,00039E+18;https://pbs.twimg.com/media/G8LSo96agAA3Gm7.jpg;;in;;1;0;5;https://x.com/undefined/status/2000392801759191063;7,86549E+17;
2,00039E+18;Mon Dec 15 02:27:51 +0000 2025;25;Langit Jakarta Timur diselimuti asap pada Senin pagi 15 Desember 2025. Pasar Induk Kramat Jati dilanda kebakaran. Petugas pemadam kebakaran bergerak cepat sejak pagi berusaha menaklukkan api. Namun hingga kini penyebab kebakaran dan besarnya kerugian belum dapat dipastikan. https://t.co/Ba6VOLstic;2,00039E+18;https://pbs.twimg.com/amplify_video_thumb/2000392054095183872/img/kmvHvcJgpBAHji_J.jpg;;in;;1;0;12;https://x.com/undefined/status/2000392329048502581;58880688;
1,99987E+18;Sat Dec 13 16:08:32 +0000 2025;84;stayc performing asap at the motion ime festival in jakarta https://t.co/l8FQixkgtA;1,99987E+18;https://pbs.twimg.com/ext_tw_video_thumb/1999871296897953794/pu/img/UgwKZqIW_ltlM3Xb.jpg;;en;;0;0;7;https://x.com/undefined/status/1999874083518042396;1,43124E+18;
1,99969E+18;Sat Dec 13 03:45:12 +0000 2025;45;Hypothetical Case. In a Taiwan Conflict scenario and if all US military bases on the Philippines are involved in defending Taiwan what are the likely challenges Indonesia will face as the US Navy will demand that Indonesia must allow its convoy of 20 warships (US/Aus) plus https://t.co/qSpjgMCvci;1,99969E+18;https://pbs.twimg.com/media/G8BM5TTaMAAumTi.jpg;;en;;3;10;14;https://x.com/undefined/status/1999687020436938879;56411012;
1,99966E+18;Sat Dec 13 02:09:29 +0000 2025;2;gimana ga miserable? motoran di jakarta harus pake masker kalau gak ispa lu anjir;1,99966E+18;;;in;;0;0;0;https://x.com/undefined/status/1999662933450924258;1,81123E+18;
1,99952E+18;Fri Dec 12 16:56:51 +0000 2025;5439;Tahukah Anda bahwa dalam 50 tahun terakhir Sumatera telah melakukan trik sulap terbesar dalam sejarah peradaban kita di mana jutaan hektare hutan rimbun diubah menjadi kebun monokultur dan tanah gersang tanpa suara tanpa jejak dan sering kali dianggap legal berkat secarik https://t.co/qBTD7G3Yva;1,99952E+18;https://pbs.twimg.com/media/G7-8U-La0AA78hu.jpg;;in;;66;36;4173;https://x.com/undefined/status/1999523856420339978;55300590;
1,99913E+18;Thu Dec 11 14:38:18 +0000 2025;3;𝐁𝐞𝐧𝐭𝐫𝐨𝐤 𝐃𝐞𝐛𝐭 𝐂𝐨𝐥𝐥𝐞𝐜𝐭𝐨𝐫 𝐯𝐬 𝐎𝐓𝐊 𝐌𝐞𝐥𝐞𝐝𝐚𝐤 𝐝𝐢 𝐊𝐚𝐥𝐢𝐛𝐚𝐭𝐚 𝐖𝐚𝐫𝐮𝐧𝐠-𝐖𝐚𝐫𝐮𝐧𝐠 𝐃𝐢𝐛𝐚𝐤𝐚𝐫! Seorang mata elang (debt collector) tewas setelah terlibat pengeroyokan dengan pengemudi mobil di kawasan TMP Kalibata Jakarta Selatan pada https://t.co/ykwLQNUIbB;1,99913E+18;https://pbs.twimg.com/amplify_video_thumb/1999125332524486656/img/XIsE_oFO0I84Y0V2.jpg;;in;;1;1;0;https://x.com/undefined/status/1999126600219087024;502140136;
1,99905E+18;Thu Dec 11 09:27:00 +0000 2025;1;Video Kondisi Mencekam Rooftop Gedung Terra Drone saat Kebakaran Teriakan Minta Tolong Menggema Kebakaran hebat melanda gedung Terra Drone berlantai 7 di Jalan Letjen Suprapto Jakarta Pusat Selasa (9/12/2025) siang. Salah seorang karyawan mengabadikan momen menegangkan saat https://t.co/ILY3Wp2Xu9;1,99905E+18;https://pbs.twimg.com/amplify_video_thumb/1998962145242034176/img/_Tp5Xb7tw2j-t89Z.jpg;;in;;0;1;0;https://x.com/undefined/status/1999048259856175430;124171593;
1,99903E+18;Thu Dec 11 08:33:04 +0000 2025;0;Kayaknya tiap buka pintu rumah yang nyerang bukan angin segar tapi debu polusi dan cuaca random yang bikin badan protes. Daripada cuma ngeluh mending sekalian kumpul bareng dan cari tahu apa yang bisa kita lakuin buat bumi ini. Festival Rumah Kaca: Climate Breakdown https://t.co/PhVFCGepMT;1,99903E+18;https://pbs.twimg.com/media/G73_URLbEAAgvvJ.jpg;;in;;0;0;0;https://x.com/undefined/status/1999034687537434879;31355801;
1,99898E+18;Thu Dec 11 05:13:30 +0000 2025;73;Polisi menetapkan Direktur Utama PT Terra Drone Indonesia berinisial MW sebagai tersangka dalam kasus kebakaran gedung yang menyebabkan 22 orang meninggal dunia pada Selasa (9/12) lalu. Betul (Dirut PT Terra Drone ditetapkan sebagai tersangka). Kemarin (ditetapkan sebagai https://t.co/NEpLZaR2WD;1,99898E+18;https://pbs.twimg.com/media/G73RxL_bIAAOsG8.jpg;;in;;10;27;24;https://x.com/undefined/status/1998984464765169970;121640063;
1,99887E+18;Wed Dec 10 21:41:00 +0000 2025;2;@CNNIndonesia https://t.co/nmbdp1JWub Katarak itu adalah akibat dr sebab udara jkt yg kotor. Debu PM 10 PM 2.5 gas beracun semua ini berdampak kepada kesehatan mata penduduk Jakarta.. atasi polusi udara dr pembakaran benda2 padat. Sakit pemyakit akan sgt ;1,99887E+18;;CNNIndonesia;in;;0;0;0;https://x.com/undefined/status/1998870591470989598;1,88109E+18;
1,99871E+18;Wed Dec 10 10:53:35 +0000 2025;31;Kepulan asap putih yang keluar dari Gedung Sampoerna Strategic Square di Setiabudi Jakarta Selatan pagi ini Rabu (10/12/2025) sempat menarik perhatian publik dan menyebabkan tersendatnya arus lalu lintas. Peristiwa ini ternyata merupakan simulasi kebakaran berskala besar https://t.co/7cFsGfAqId;1,99871E+18;https://pbs.twimg.com/amplify_video_thumb/1998707398694023181/img/qz3ItOpWEz5v-G72.jpg;;in;;4;2;12;https://x.com/undefined/status/1998707661102321986;57261519;
1,99868E+18;Wed Dec 10 08:50:46 +0000 2025;2;Saya menyampaikan duka cita yang mendalam atas musibah kebakaran Gedung Terra Drone di Cempaka Baru Jakarta Pusat yang merenggut 22 jiwa. Peristiwa ini meninggalkan luka yang begitu besar bagi kita semua. Dari informasi yang saya terima sebagian besar korban ditemukan di https://t.co/BHQ31Yc0lJ;1,99868E+18;https://pbs.twimg.com/media/G7y56WraMAMNnGk.jpg;;in;;0;0;1;https://x.com/undefined/status/1998676754555351258;8,54509E+17;
1,99867E+18;Wed Dec 10 08:40:30 +0000 2025;3;Kebakaran di Gedung Terra Drone Kemayoran menewaskan 22 orang hingga Rabu (10/12/2025) termasuk seorang ibu hamil. Seluruh korban telah dibawa ke RS Polri Kramat Jati untuk autopsi dan identifikasi. Petugas melakukan evakuasi melalui jalur tambahan di lantai 6 untuk https://t.co/RrL2bkvID6;1,99867E+18;https://pbs.twimg.com/media/G7yt8OiaMAIYdke.jpg;;in;;0;0;1;https://x.com/undefined/status/1998674169832288698;231355136;
1,99867E+18;Wed Dec 10 08:33:06 +0000 2025;21;Satu Pintu untuk Satu Gedung: Temuan Baru Kebakaran Terra Drone Tragedi kebakaran Gedung Terra Drone di Cempaka Putih memasuki babak baru setelah polisi mengungkap fakta yang membuat banyak pihak terhenyak. Hasil olah TKP yang berlangsung hingga malam hari menunjukkan: gedung https://t.co/ZJjqAgafWe;1,99867E+18;https://pbs.twimg.com/amplify_video_thumb/1998671942883446784/img/rCQLOq3Up6qjPOOv.jpg;;in;;0;1;6;https://x.com/undefined/status/1998672310350524731;46693036;
1,99863E+18;Wed Dec 10 05:27:20 +0000 2025;4;Proses pemadaman dan pendinginan musibah kebakaran yang melanda Gedung Terra Drone di Kemayoran Jakarta Pusat berlangsung intensif selama lebih dari lima jam. Dari pantauan udara terlihat kondisi bangunan gedung Terra Drone yang masih dalam tahap proses pendinginan oleh https://t.co/92H0roUl9J;1,99863E+18;https://pbs.twimg.com/amplify_video_thumb/1998625436465770497/img/kdm_H7UyGUw1V99r.jpg;;in;;0;0;1;https://x.com/undefined/status/1998625560403267997;57261519;
1,99862E+18;Wed Dec 10 05:09:24 +0000 2025;2;Menteri Dalam Negeri Tito Karnavian mengunjungi lokasi kejadian kebakaran yang melanda Gedung Terra Drone di Kemayoran Jakarta Pusat pada Rabu (10/12/2025). Dalam kunjungannya Tito sempat memantau kondisi Gedung Terra Drone usai terbakar. Ia menemukan adanya masalah krusial https://t.co/blYykJB4La;1,99862E+18;https://pbs.twimg.com/amplify_video_thumb/1998620907229843456/img/UGazefo1yXIH5mpB.jpg;;in;;0;0;1;https://x.com/undefined/status/1998621045322813638;57261519;
1,99861E+18;Wed Dec 10 04:41:39 +0000 2025;76;Gedung Terra Drone Indonesia (TDID) di Kemayoran Jakarta Pusat terbakar pada Selasa (9/12) siang dan menewaskan 22 karyawan. Kantor pusat Terra Drone di Jepang menyampaikan permintaan maaf dan menyebut sedang menyelidiki dampak insiden ini terhadap operasional perusahaan. Terra https://t.co/icIWY5izTG;1,99861E+18;https://pbs.twimg.com/amplify_video_thumb/1998613483760537600/img/WbarhHG918H3mhD9.jpg;;in;;2;3;21;https://x.com/undefined/status/1998614062876545452;7,59693E+17;
1,9986E+18;Wed Dec 10 03:28:13 +0000 2025;5;Tim DVI Polri telah menyampaikan hasil analisis awal terkait penyebab kematian korban dalam insiden kebakaran Gedung Terra Drone di Kemayoran Jakarta. Hasil pemeriksaan awal terhadap ketiga jenazah korban mengarah pada paparan asap pekat karbon dioksida (CO2) dalam kadar tinggi. https://t.co/o4nm6Cpmie;1,9986E+18;https://pbs.twimg.com/amplify_video_thumb/1998595435813109760/img/1_wTWKyKzL_hAU9u.jpg;;in;;1;1;0;https://x.com/undefined/status/1998595581141545378;57261519;
1,99854E+18;Wed Dec 10 00:05:00 +0000 2025;8;Mimi Adriani Nasution seorang ibu datang ke RS Polri Kramat Jati mencari kepastian nasib anaknya Raihan (24) korban kebakaran di Ruko Terra Drone Cempaka Baru Kemayoran Jakarta Pusat. Saya belum melihat apakah Raihan ada di dalam itu. Tapi kalau di daftar dan segala https://t.co/LUu8RrsiKL;1,99854E+18;https://pbs.twimg.com/media/G7w8d29aEAATrMI.jpg;;in;;1;0;0;https://x.com/undefined/status/1998544440890364344;7,86549E+17;
1,9984E+18;Tue Dec 09 14:25:06 +0000 2025;11;Kebakaran di Ruko Terra Drone Cempaka Baru Kemayoran Jakarta Pusat Selasa (9/12) hanya hanguskan satu lantai tidak merambat ke lantai atas. Kebakaran di lantai dasar dan tidak merambat ke lantai 2 3 dan seterusnya kata Kepala Dinas Penanggulangan Kebakaran dan https://t.co/0hJABX2KAb;1,9984E+18;https://pbs.twimg.com/media/G7u8fMfagAAIemf.jpg;;in;;0;0;3;https://x.com/undefined/status/1998398504230674574;7,86549E+17;
1,99839E+18;Tue Dec 09 14:09:55 +0000 2025;5;Suasana mencekam asap tebal dari kebakaran di Ruko Terra Drone Kemayoran Jakarta Pusat Selasa (9/12). Dilaporkan 22 korban meninggal dunia. https://t.co/BY7G6Fwgwy;1,99839E+18;https://pbs.twimg.com/amplify_video_thumb/1998394625602838528/img/7KtAlv4yHMibR2un.jpg;;in;;0;0;1;https://x.com/undefined/status/1998394684012663110;7,86549E+17;
1,99839E+18;Tue Dec 09 13:36:16 +0000 2025;10;Salah satu korban tewas akibat kebakaran Ruko Terra Drone Kemayoran Jakarta Pusat yakni Novia sedang hamil anak pertama. Sepupu suami korban Prasetyo menyebutkan keluarga sangat terpukul karena Novia tengah menantikan kelahiran buah hati pertama. Sudah tua usia https://t.co/zcCgSkGGdH;1,99839E+18;https://pbs.twimg.com/media/G7uxgtWbkAABLLH.jpg;;in;;4;2;2;https://x.com/undefined/status/1998386213536088286;7,86549E+17;
1,99837E+18;Tue Dec 09 12:22:01 +0000 2025;2;Dramatis! Detik-Detik Evaluasi 15 Karyawan Terjebak Kebakaran di Gedung 7 Lantai Kebakaran gedung Terra Drone di Jl. Letjen Suprapto Kemayoran Jakarta Pusat Selasa (9/12/25) siang. Api cepat membesar dan asap tebal dari gedung penjualan pesawat tanpa awak itu. 21 orang tewas https://t.co/p1Ye87Po0d;1,99837E+18;https://pbs.twimg.com/ext_tw_video_thumb/1998367478502891521/pu/img/IZnq0012AsnHPzRQ.jpg;;in;;0;0;1;https://x.com/undefined/status/1998367528603824294;1,66709E+18;
1,99837E+18;Tue Dec 09 12:17:25 +0000 2025;765;DATA KORBAN FINAL: 22 tewas (15 wanita 7 pria) 1 ibu hamil duka ganda 50+ luka (asap/inhalasi) 200+ karyawan trauma Kebakaran terparah Jakarta sejak Pluit 2021 (12 tewas). Mayoritas korban usia 25-35 tahun generasi produktif hilang sia-sia. https://t.co/0zAjKrN9zd;1,99837E+18;https://pbs.twimg.com/media/G7ucBBdaAAA20eT.jpg;dimarsasongko98;in;;38;4;105;https://x.com/undefined/status/1998366370577461477;1,78162E+18;
1,99836E+18;Tue Dec 09 12:00:39 +0000 2025;39;Kebakaran melanda gedung Terra Drone di Jakarta Pusat Selasa (9/12). Sebanyak 22 orang dilaporkan tewas. Diduga insiden ini terjadi akibat ledakan dari baterai drone di lantai 1 yang menyebabkan asap dan api menyebar hingga ke lantai 6. : Dok. kumparan/Jamal Ramadhan Iqbal https://t.co/JNRoH9Mu3Y;1,99836E+18;https://pbs.twimg.com/media/G7ubyE5bUAAghPv.jpg;;in;;3;1;13;https://x.com/undefined/status/1998362151975862690;7,59693E+17;
1,99836E+18;Tue Dec 09 12:00:02 +0000 2025;2;Jakarta Bebas Asap! Transjakarta Targetkan 10.000 Armada Bus Listrik https://t.co/hdQGtvHVwG;1,99836E+18;;;in;;0;0;0;https://x.com/undefined/status/1998361996262019263;132078023;
1,99836E+18;Tue Dec 09 11:59:19 +0000 2025;2;𝐏𝐫𝐨𝐬𝐞𝐬 𝐄𝐯𝐚𝐤𝐮𝐚𝐬𝐢 𝐊𝐨𝐫𝐛𝐚𝐧 𝐝𝐚𝐧 𝐒𝐢𝐭𝐮𝐚𝐬𝐢 𝐓𝐊𝐏 𝐊𝐞𝐛𝐚𝐤𝐚𝐫𝐚𝐧 𝐆𝐞𝐝𝐮𝐧𝐠 𝐓𝐞𝐫𝐫𝐚 𝐃𝐫𝐨𝐧𝐞 Kebakaran hebat melanda gedung perusahaan jasa penyewaan drone Terra Drone di kawasan Cempaka Baru Kemayoran Jakarta Pusat pada Selasa (9/12) siang. https://t.co/40HWOTmVFC;1,99836E+18;https://pbs.twimg.com/amplify_video_thumb/1998360100596305921/img/4x-dDc9NtfSg1HGS.jpg;;in;;0;0;1;https://x.com/undefined/status/1998361817794678868;502140136;
1,99836E+18;Tue Dec 09 11:55:59 +0000 2025;37;Tragedi Kebakaran Ruko Kemayoran: 20 Karyawan Tewas Polisi Selidiki Dugaan Kelalaian Jakarta 9 Desember 2025 Kebakaran hebat melanda ruko milik PT Terra Drone di Jalan Letjen Suprapto Kemayoran Jakarta Pusat pada siang hari kemaren. Insiden tersebut menewaskan sedikitnya https://t.co/zuFxmVsz32;1,99836E+18;https://pbs.twimg.com/media/G7uaqcxaUAA91Qe.jpg;;in;;1;6;15;https://x.com/undefined/status/1998360978254106893;55300590;
1,99835E+18;Tue Dec 09 11:20:51 +0000 2025;8;Korben meninggal akibat kebakaran Gedung Terra Drone Jakarta Pusat bertambah menjadi 20 orang hingga pukul 16.15 WIB Selasa (9/12/2025). Lantai 4 dan 5 sudah disisir namun evakuasi masih terpusat di lantai 6 yang sulit dijangkau karena asap pekat dan membutuhkan alat khusus. _ https://t.co/GQawoCYWzU;1,99835E+18;https://pbs.twimg.com/ext_tw_video_thumb/1998351954418999296/pu/img/GP-4YHPZHHVJ3DFw.jpg;;in;;0;0;0;https://x.com/undefined/status/1998352134908105088;9,88717E+17;
1,99835E+18;Tue Dec 09 11:18:23 +0000 2025;16;Repost @Metro_TV Kebakaran hebat melanda gedung penjualan pesawat tanpa awak atau drone berlantai tujuh Terra Drone di Jalan Letjen Suprapto Kemayoran Jakarta Pusat pada Selasa siang (9/12/2025). Evakuasi sebanyak 15 orang pegawai sempat terjebak di dalam gedung berjalan https://t.co/towHrXdnjT;1,99835E+18;https://pbs.twimg.com/ext_tw_video_thumb/1998351460179009536/pu/img/UZVBXu7rWBDKwFZn.jpg;;in;;1;4;7;https://x.com/undefined/status/1998351514763718883;1,74689E+18;
1,99835E+18;Tue Dec 09 11:15:19 +0000 2025;67;Pilu 22 orang dilaporkan tewas dalam insiden kebakaran Gedung Terra Drone yang berlokasi di kawasan Cempaka Baru Kemayoran Jakarta Pusat (Jakpus) pada Selasa (9/12/2025). dari 22 koban diketahui 7 laki-laki dan 15 perempuan. Kapolres Metro Jakarta Pusat Kombes Susatyo https://t.co/O5uRFunSEh;1,99835E+18;https://pbs.twimg.com/media/G7uRXwxbIAAedX2.jpg;;in;;5;3;19;https://x.com/undefined/status/1998350745725489391;132078023;
1,99835E+18;Tue Dec 09 11:03:08 +0000 2025;12;Korban kebakaran yang terjadi di Gedung Terra Drone Kemayoran Jakarta Pusat pada Selasa (9/12/2025) siang sebanyak 22 orang. Kapolres Metro Jakarta Pusat Kombes Pol. Susatyo Purnomo Chondro mengatakan kebakaran diduga berasal dari baterai yang terbakar di gudang lantai 1. https://t.co/zz6kyvqW2O;1,99835E+18;https://pbs.twimg.com/amplify_video_thumb/1998347233901826048/img/bXjx2Pfuvc8PhEmK.jpg;;in;;0;1;3;https://x.com/undefined/status/1998347678422606160;121640063;
1,99834E+18;Tue Dec 09 10:39:27 +0000 2025;86;Polres Jakpus menduga kebakaran pada Ruko Terra Drone Kemayoran Jakarta Pusat akibat baterai drone mainan terbakar di lantai satu Selasa (9/12). Pada sekitar pukul 12.30 WIB memang ada baterai di lantai satu yang terbakar kata Kapolres Metro Jakarta Pusat Kombes Pol https://t.co/nJorPtO54f;1,99834E+18;https://pbs.twimg.com/media/G7uJFDAbwAAkx4Z.jpg;;in;;13;7;29;https://x.com/undefined/status/1998341717263897014;7,86549E+17;
1,99834E+18;Tue Dec 09 10:35:28 +0000 2025;4;Kebakaran di Gedung Ruko Terra Drone di Cempaka Baru Kemayoran Jakarta Pusat (Jakpus) Selasa (9/12) diduga berawal dari gudang baterai di lantai satu. Ada baterai di lantai satu itu yang terbakar kata Kapolres Metro Jakpus Kombes Pol Susatyo Purnomo Condro. Kebakaran https://t.co/at6v4c2F1j;1,99834E+18;https://pbs.twimg.com/media/G7uIOhyaYAAcg_t.jpg;;in;;1;0;2;https://x.com/undefined/status/1998340713965318383;7,86549E+17;
1,99834E+18;Tue Dec 09 10:28:03 +0000 2025;7;Sebanyak 20 kantong jenazah korban kebakaran Gedung Terra Drone di Kemayoran Jakarta Pusat tiba di RS Polri Kramat Jati Jakarta Timur Selasa sore. Tampak kantong jenazah tersebut dibawa menggunakan ambulans dan tiba di RS Polri Kramat Jati sejak pukul 15.15 WIB hingga https://t.co/aIZTX91HRg;1,99834E+18;https://pbs.twimg.com/media/G7uGkWQaoAAKPj6.jpg;;in;;0;0;3;https://x.com/undefined/status/1998338847239962664;7,86549E+17;
1,99834E+18;Tue Dec 09 10:18:34 +0000 2025;64;Kebakaran hebat melanda sebuah gedung perkantoran Terra Drone Indonesia tujuh lantai di Jakarta Pusat pada Selasa (9/12) sore. Kejadian itu menewaskan sedikitnya 20 orang. Polisi menyebut api dipicu ledakan baterai di lantai satu sebelum menjalar cepat ke lantai atas. Kapolres https://t.co/jzwX4Rs7KL;1,99834E+18;https://pbs.twimg.com/amplify_video_thumb/1998336088751198208/img/bOg-8C5ebRp4nB8N.jpg;;in;;11;2;15;https://x.com/undefined/status/1998336462077436159;58880688;
1,99833E+18;Tue Dec 09 10:02:05 +0000 2025;50;Breaking News Sebuah Gedung Perkantoran di Cempaka Putih Jakarta Pusat terbakar banyak korban tewas karena menghirup asap. https://t.co/p14kXpGFQ2;1,99833E+18;https://pbs.twimg.com/ext_tw_video_thumb/1998332252984635392/pu/img/0GYxtguBRgCHeVhy.jpg;;in;;0;5;23;https://x.com/undefined/status/1998332312946409903;506059176;
1,99833E+18;Tue Dec 09 10:01:04 +0000 2025;37;𝐆𝐞𝐝𝐮𝐧𝐠 𝐓𝐞𝐫𝐫𝐚 𝐃𝐫𝐨𝐧𝐞 𝐃𝐢𝐥𝐚𝐡𝐚𝐩 𝐒𝐢𝐣𝐚𝐠𝐨 𝐌𝐞𝐫𝐚𝐡: 𝐒𝐞𝐣𝐮𝐦𝐥𝐚𝐡 𝐎𝐫𝐚𝐧𝐠 𝐓𝐞𝐫𝐣𝐞𝐛𝐚𝐤! Kebakaran hebat terjadi di sebuah gedung di kawasan Cempaka Putih Jakarta Pusat Selasa (9/12). Dalam insiden tersebut 14 orang dilaporkan meninggal dunia. https://t.co/1JOT5q5i1b;1,99833E+18;https://pbs.twimg.com/ext_tw_video_thumb/1998331978656129024/pu/img/7VOIKssMB2ZvYH6k.jpg;;in;;1;7;15;https://x.com/undefined/status/1998332057131585714;1,28275E+18;
1,99832E+18;Tue Dec 09 09:12:27 +0000 2025;10;Peristiwa mencekam terjadi di Gedung Terra Drone di Jalan Letjen Suprapto Kemayoran Jakarta Pusat Selasa (9/12/2025). Kebakaran hebat yang terjadi menyebabkan sejumlah karyawan terjebak dan harus dievakuasi secara dramatis. Kepulan asap tebal terlihat dari gedung penjualan https://t.co/kqpgyuPVhB;1,99832E+18;https://pbs.twimg.com/amplify_video_thumb/1998319633145995264/img/3KVXuy-g9WayY8Vt.jpg;;in;;1;0;2;https://x.com/undefined/status/1998319824968265742;231355136;
1,99831E+18;Tue Dec 09 08:51:07 +0000 2025;0;15.30 #InfoSonora Tampak asap kebakaran di gedung Terra drone cempaka baru jakarta pusat terlihat dari jauh. @poetrmhand https://t.co/ZbbrhaSH2M;1,99831E+18;https://pbs.twimg.com/media/G7twZ_mbMAAi4dE.jpg;;in;;0;0;0;https://x.com/undefined/status/1998314454740816020;180696019;
1,9983E+18;Tue Dec 09 08:06:52 +0000 2025;310;Kebakaran hebat melanda gedung penjualan pesawat tanpa awak atau drone berlantai tujuh Terra Drone di Jalan Letjen Suprapto Kemayoran Jakarta Pusat pada Selasa siang (9/12/2025). Evakuasi sebanyak 15 orang pegawai sempat terjebak di dalam gedung berjalan dramatis lantaran https://t.co/LeiftDC3RA;1,9983E+18;https://pbs.twimg.com/amplify_video_thumb/1998302994799222784/img/sSw3HZVaEbTk9kEe.jpg;;in;;24;15;137;https://x.com/undefined/status/1998303320281411851;57261519;
1,99825E+18;Tue Dec 09 04:22:35 +0000 2025;2;Jogja Universitas Kehidupan yang Tidak Mengeluarkan Ijazah ​Pernahkah merasa setumpuk kartu nama dan gelar itu membebani? Jika ke Jogja hanya untuk foto di Tugu Anda baru menyentuh kulit arinya belum masuk ke sumsumnya. Jogja sejatinya Universitas Kehidupan tempat https://t.co/3G09uxaVzq;1,99825E+18;https://pbs.twimg.com/media/G7sy75raQAA2yg7.jpg;;in;;0;0;1;https://x.com/undefined/status/1998246873996657076;1,71935E+18;
1,99652E+18;Sun Dec 07 01:53:55 +0000 2025;14;@zhil_arf @FYNESHlT di jaman pak Beye (u/ diketahui para Gen Z) negara tetangga bahkan Dki Jakarta sempat dilanda kabut asap akibat pembakaran hutan. serius. lu bayangin bagaimana mungkin pembakaran hutan di RIAU lalu kabut asapnya sampe ke Dki Jakarta?;1,99748E+18;;zhil_arf;in;;0;1;0;https://x.com/undefined/status/1997484687116448252;1,18583E+18;
1,99713E+18;Sun Dec 07 00:02:54 +0000 2025;3;@rainbase18plus Need B yang doyan nyepong ASAP. Can HOST Jakarta Barat Tandur;1,99746E+18;;rainbase18plus;in;;0;2;0;https://x.com/undefined/status/1997456750459650539;1,74971E+18;
1,99724E+18;Sat Dec 06 09:23:45 +0000 2025;1;16.30 #InfoSonora Terjadi Kebakaran di kawasan Kamal Jakarta Barat. Asap terlihat sampai kawasan PIK Tol Bandara dan Kalideres Via @vicky_tandela https://t.co/5nYApQJtrm;1,99724E+18;https://pbs.twimg.com/ext_tw_video_thumb/1997235490832154624/pu/img/iORSPHdOjhP66Wat.jpg;;in;;0;0;0;https://x.com/undefined/status/1997235501687005262;180696019;
1,9971E+18;Sat Dec 06 00:40:52 +0000 2025;502;MIMBAR TANPA AKAR 120.000 hektare di Aceh Tengah. 220.000 hektare di Kalimantan Timur. Total 340.000 hektare. Itu bukan sekadar angka melainkan territorium raksasa 3.400 km² lima kali luas Jakarta. Maka dengan skala sebesar itu klaim moral orang ini ttg penghentian https://t.co/DPvB1ZHdCb;1,9971E+18;https://pbs.twimg.com/media/G7cjbc-bwAAzbgi.jpg;;in;;15;59;229;https://x.com/undefined/status/1997103917419975025;1,15969E+18;
1,99685E+18;Fri Dec 05 08:06:59 +0000 2025;108;Tiba di Malalak Timur MER-C Langsung Buka Posko dan Salurkan Bantuan Padang Tiba di Nagari Malalak Timur Kabupaten Agam salah satu lokasi terdampak banjir dan tanah longsor terparah di Sumatra Barat pada Kamis (3/12) tim MER-C Indonesia langsung membuka posko kesehatan https://t.co/EenFYYr9Ag;1,99685E+18;https://pbs.twimg.com/amplify_video_thumb/1996853662875111426/img/9Otw0tSqsKofHqWh.jpg;;in;;0;0;61;https://x.com/undefined/status/1996853796761489917;193663043;
1,99282E+18;Mon Nov 24 04:46:47 +0000 2025;25;Batuk + flu inpo obat yg langsung manjur donk mana ntar mlm naik kereta ke Jakarta takut bikin penumpang lain ga nyaman ma batuk gw;1,99282E+18;;;in;;0;10;0;https://x.com/undefined/status/1992817146846642587;1,23563E+18;
1,99223E+18;Sat Nov 22 13:41:01 +0000 2025;3;[ HELP RT ] 🇯🇵 Open Handcarry Japan 🇯🇵 ️Jastip Tirtir Makeup️ catalog &gt https://t.co/oeTvGIlNIr Bersih INA [ bisa dp ] ️ Eta INA 10 Des CO 12.12 Close ASAP Jakarta kalo mau request selain yang ada di thread boleh dm aja yaah guys ️ jastip hc jp jepang https://t.co/OVKxLE7vPP;1,99223E+18;https://pbs.twimg.com/media/G6XPubabkAIywUA.jpg;;in;;0;2;11;https://x.com/undefined/status/1992226817063927810;1,88619E+18;
1,99211E+18;Sat Nov 22 06:15:01 +0000 2025;1;Akun ini bagaikan pahlawan yg menyelamatkan jutaan penduduk Jakarta dr terjangan kejahatan asap polusi udara beracun yg di sengaja di adakan. Pemilik akun ini bener2 berhati Mulia dan juga sgt cerdas. Jalan logikanya.. terima kasih kak 🇮🇩 Ri terang karena upaya mu ️;1,99211E+18;;;in;;0;0;0;https://x.com/undefined/status/1992114575060398466;1,88109E+18;
1,99182E+18;Fri Nov 21 10:30:01 +0000 2025;1;Sebanyak 13 orang dirawat karena menghirup asap setelah kebakaran melanda lokasi Konferensi Para Pihak tentang Perubahan Iklim Ke-30 (COP30) di Belém Brasil. Kejadian ini menambah serangkaian insiden yang dikeluhkan banyak peserta menyangkut kondisi keamanan ruangan yang sangat https://t.co/TTDmUEszXY;1,99182E+18;https://pbs.twimg.com/amplify_video_thumb/1991792090951581696/img/ke2pzHyTqA3YvHPN.jpg;;in;;0;0;0;https://x.com/undefined/status/1991816360414904678;255866913;
1,99175E+18;Fri Nov 21 07:17:10 +0000 2025;1;@indozonemedia Ini loh sumber polusi udara utama jakarta. Bakar sampah ilegal oleh pemulung Mdr. Apalagi kl di tambah oleh asap pabrik yg ownernya pelit gak mau beli filter asap dan dgn sengaja melakukan pencemaran udara secara masif https://t.co/2vPybwsG;1,99177E+18;https://pbs.twimg.com/media/G6QuRx7acAUJopj.jpg;indozonemedia;in;;0;1;0;https://x.com/undefined/status/1991767831646724233;1,88109E+18;
1,99174E+18;Fri Nov 21 05:20:42 +0000 2025;21;Make sure to join the relevant group chat ASAP if you will be in Jakarta next week! Updates about the Jakarta meet-up and picking up/sending off Xinxin will be shared in the groups. #iQIYIEstherYu #EstherYu #YuShuxin #虞书欣 #虞書欣 #우서흔 #ユーシューシン #NguThưHân #อวี๋ซูซิน;1,99174E+18;;;en;;0;0;7;https://x.com/undefined/status/1991738521695187157;1,8876E+18;
1,99135E+18;Thu Nov 20 03:48:33 +0000 2025;17;[️HELP RT️] 🇯🇵 Open Handcarry Japan 🇯🇵 Jastip Sanrio Sale 2025️ catalog &gt https://t.co/7v6cBKkOgt Estimate price ( tergantung berat ) Bisa fp &amp;;;;;;;;;;;
1,99097E+18;Wed Nov 19 02:44:21 +0000 2025;29;[ ️Help RT️] 🇯🇵 Open Handcarry Japan 🇯🇵 Jastip GU Sale 2025️ catalog &gt https://t.co/ZSIT1JfnBb Estimate price ( tergantung berat ) Bisa fp &amp;;;;;;;;;;;
1,99069E+18;Tue Nov 18 08:10:48 +0000 2025;65;PT SMART Tbk (Sinarmas Agribusiness and Food) is looking for Scholarship Recruitment Intern placement in Sinarmas Land Plaza Sudirman South Jakarta. Requirements: - Freshgraduate or final year students with NO CLASS TO ATTEND majoring in PSYCHOLOGY from reputable university -;1,99069E+18;;;en;;0;0;4;https://x.com/undefined/status/1990694161994166786;607941256;
1,99028E+18;Mon Nov 17 04:48:06 +0000 2025;2;Puncak peringatan HUT ke-80 Korps Marinir TNI AL digelar di Kesatrian Marinir R. Hartono Cilandak Jakarta Selatan Senin (17/11/2025). Upacara yang dihadiri para prajurit dan pejabat TNI ini menampilkan atraksi tidak biasa dari pasukan Marinir saat memasuki lapangan upacara. https://t.co/Zk40krlzqx;1,99028E+18;https://pbs.twimg.com/amplify_video_thumb/1990280373423820800/img/Z8O7hah9unCArNNO.jpg;;in;;0;0;0;https://x.com/undefined/status/1990280763573682221;231355136;
1,9901E+18;Sun Nov 16 16:40:22 +0000 2025;86;I MISS WINTER IN KOREA udah ditahap mau nangis beneran apakah universe gabisa bikin tiketnya turun ke 7 juta pp terus diantara range 23-31 desember aja beneran stress dijakarta beneran mau kabur ke korea buat jadi grace yang gak liat kerjaan selama https://t.co/8TN0J2Fl0W;1,9901E+18;https://pbs.twimg.com/media/G54_POCbgAA7PoB.jpg;;in;;0;7;0;https://x.com/undefined/status/1990097623911719191;362487225;
1,99004E+18;Sun Nov 16 12:56:18 +0000 2025;170;Bangunan rumah tinggal di Jalan Tomang Banjir Kanal Kelurahan Jatipulo Kecamatan Palmerah Jakarta Barat dilaporkan terbakar. Menindaklanjuti informasi tersebut unit dan personel segera dikerahkan menuju ke TKP. Pada pukul 16.36 WIB operasi pemadaman dimulai kemudian pukul https://t.co/LKLqwtPN1y;1,99004E+18;https://pbs.twimg.com/ext_tw_video_thumb/1990041187542306816/pu/img/LEEAmrbhfhlBwGus.jpg;;in;;5;17;35;https://x.com/undefined/status/1990041236267221444;1,25267E+18;
1,98953E+18;Sat Nov 15 02:49:57 +0000 2025;75;HAHAHHAHAHA tp sesengsara2nya hidup di ldn (rumah penuh cacing + mold di-gaslight agent nginjek paku sampe bolong saraf kejepit sampe dijemput ambulans alergi sebadan asma maag etc) masih lebih sengsara mengalami keterbatasan mobilitas dan ruang publik di jakarta kok https://t.co/ww6gLqo86A;1,98953E+18;https://pbs.twimg.com/media/G5w3lMDbkAIWhUK.jpg;;in;;3;5;2;https://x.com/undefined/status/1989526253226135936;576167158;
1,98952E+18;Sat Nov 15 02:31:46 +0000 2025;6;Di jakarta kata pagi biasa dengan suasana riuh asap dan suara... Disini kata pagi riuh dengan Udara Bersih dan Suara pelan tarikan Rokok kretek dan sruput secangkur kopi #Pagi #patlama #LoveYourW #더블유 https://t.co/c9ucjI7rR6;1,98952E+18;https://pbs.twimg.com/media/G5wzahxbAAAHsmu.jpg;;in;;0;0;3;https://x.com/undefined/status/1989521681141174304;57752243;
1,98936E+18;Fri Nov 14 15:56:06 +0000 2025;30;and BOOM! finally meet him in person. thank you for coming to jakarta! see you asap. have a good rest @greysonchance️ https://t.co/BWPMTYEKhL;1,98936E+18;https://pbs.twimg.com/media/G5uh6P4a0AA8Zp4.jpg;;en;;1;3;1;https://x.com/undefined/status/1989361710181007447;1276346540;
1,98849E+18;Wed Nov 12 06:06:14 +0000 2025;2;Satpol PP Jakarta Barat melaksanakan kegiatan pengawasan dan penegakan kepatuhan hukum Kawasan Dilarang Merokok. Langkah ini dilakukan untuk memastikan terlaksananya Pergub tentang Kawasan Dilarang Merokok serta melindungi masyarakat dari paparan asap rokok di area publik. https://t.co/Rw9pPpBlXV;1,98849E+18;https://pbs.twimg.com/media/G5iHujSbcAIFe49.jpg;;in;;0;1;1;https://x.com/undefined/status/1988488489072038264;1,35182E+18;
1,98817E+18;Tue Nov 11 08:45:14 +0000 2025;6;15.45: Terlihat kepulan asap tebal di kawasan Duri Jakarta Barat. Istimewa https://t.co/r70grCUrxM;1,98817E+18;https://pbs.twimg.com/amplify_video_thumb/1988166065017495552/img/qbg_apE_xqwcbvDP.jpg;;in;;1;0;1;https://x.com/undefined/status/1988166114954932658;121640063;
1,98799E+18;Mon Nov 10 21:08:04 +0000 2025;1;Beruntung banget ada penduduk Jakarta satu orang berbuat seperti ini untuk menyelamatkan 10 juta nyawa manusia penduduk Jakarta lainnya. Jika tidak begini maka dibantailah penduduk Jabodetabek dengan asap polusi udara beracun https://t.co/zcMCHS0bIQ;1,98799E+18;https://pbs.twimg.com/media/G5bC-BmbgAA_RY7.jpg;;in;;0;1;0;https://x.com/undefined/status/1987990665092100430;1,88109E+18;
1,98799E+18;Mon Nov 10 21:00:06 +0000 2025;25;tolong weh yang liat motor aku di jakarta barat plat no B 4069 SLN infokan ASAP;1,98799E+18;;;in;;0;1;24;https://x.com/undefined/status/1987988659895992373;8,42984E+17;
1,98789E+18;Mon Nov 10 14:30:00 +0000 2025;1;PT Transportasi Jakarta (Trans-Jakarta) memastikan seluruh penumpang selamat dalam insiden keluarnya asap dari salah satu armada di kawasan Jatinegara Jakarta Timur Senin (10/11) pagi. https://t.co/cp6XEfLBtQ;1,98789E+18;;;in;;1;1;0;https://x.com/undefined/status/1987890488981049478;68930552;
1,98785E+18;Mon Nov 10 12:00:01 +0000 2025;42;Promo Khusus Semarang Spesial di November !! *Bersih Kost Hanya Rp 25.000* Dapatkan diskon hingga 43rb jika kamu order Pinhome Service di bulan November ini. *Dengan memakai kode voucher HC25SMGNEW* Pembersihan Kost meliputi: - Sapu dan Pel Kamar - ⁠Vaccum debu untuk kasur - https://t.co/lGXQ4VpCxZ;1,98785E+18;https://pbs.twimg.com/media/G5WO230bwAAVaul.jpg;;in;;2;0;3;https://x.com/undefined/status/1987852746095992942;1,94017E+18;
1,98785E+18;Mon Nov 10 11:39:22 +0000 2025;1;PT Transportasi Jakarta (Trans-Jakarta) memastikan seluruh penumpang selamat dalam insiden keluarnya asap dari salah satu armada di kawasan Jatinegara Jakarta Timur Senin (10/11) pagi. https://t.co/cp6XEfM9jo;1,98785E+18;;;in;;0;0;0;https://x.com/undefined/status/1987847549995368646;68930552;
1,98785E+18;Mon Nov 10 11:37:34 +0000 2025;0;7 November 2025 SMA Negeri 72 Jakarta diguncang ledak*n dahsyat yang terjadi di tengah pelaksanaan sholat Jumat. Asap tebal membumbung dari arah mushola sekolah disusul kepanikan para siswa. Siswa pun berhamburan menyelamatkan diri. Lebih dari 90 siswa mengalami luka-luka dan https://t.co/G3gmaHpsXY;1,98785E+18;https://pbs.twimg.com/media/G5ZAZDkbUAAjQfZ.jpg;;in;;1;1;0;https://x.com/undefined/status/1987847094653329771;55507370;
1,98778E+18;Mon Nov 10 06:51:18 +0000 2025;362;Hi I'm an Indonesian ATINY and I'm looking for Portuguese Spain France Netherlands England and Japan ATINY that could buy me a ticket IN YOUR FANTASY in Jakarta on January 31 2026 as a pay back for colonizing my country and make my ancestors suffer. DM me ASAP. Thankyou!;1,98778E+18;;;en;;18;9;92;https://x.com/undefined/status/1987775054437122550;1,15114E+18;
1,98772E+18;Mon Nov 10 03:07:21 +0000 2025;1;Bus Transjakarta B25 yang sarat penumpang tiba-tiba memuntahkan asap tebal saat turun dari Tol Becakayu Jatinegara Jakarta Timur Senin (10/11/2025) pagi. Kepanikan pun tak terhindarkan. Para penumpang saling dorong-dorongan untuk keluar dari bus yang diselimuti asap pekat. https://t.co/nXHm7fc0Tu;1,98772E+18;https://pbs.twimg.com/amplify_video_thumb/1987718578565689345/img/kMvn342qDbu9IgR5.jpg;;in;;0;0;1;https://x.com/undefined/status/1987718693296713885;231355136;
1,98772E+18;Mon Nov 10 02:58:37 +0000 2025;4;Bus Transjakarta dengan rute B25 (Terminal Bekasi Dukuh Atas) tiba-tiba mengeluarkan asap saat tengah menurun di Tol Becakayu kawasan Jatinegara Jakarta Timur pada Senin (10/11/2025) pagi. Kejadian ini sontak memicu kepanikan penumpang yang berada di dalam bus. Menurut https://t.co/ABaev3lDXR;1,98772E+18;https://pbs.twimg.com/amplify_video_thumb/1987712794821795840/img/dGby_atOt33ueeWC.jpg;;in;;0;0;1;https://x.com/undefined/status/1987716497347916210;57261519;
1,98769E+18;Mon Nov 10 01:31:29 +0000 2025;16;BUS TRANSJAKARTA MENGELUARKAN ASAP PENUMPANG REBUTAN UNTUK KELUAR BUS‼ Bus TransJakarta B25 jurusan Terminal Bekasi - Dukuh Atas mengeluarkan asap saat turun dari Tol Becakayu di Jatinegara Jakarta Timur Senin (10/11/2025) pagi. Penumpang aman semua cuma anarkis karena https://t.co/YOrrSyYo44;1,98769E+18;https://pbs.twimg.com/amplify_video_thumb/1987694175983419392/img/liuGw_EbbXY4fEwr.jpg;;in;;2;1;9;https://x.com/undefined/status/1987694568868090300;121640063;
1,98732E+18;Sun Nov 09 03:37:53 +0000 2025;2;@txtdarikoridor4 Dari w kelas 9 SMP sampe w kelar kuliah ini bis ga keliatan ada peremajaan ampun. Udah AC ga dingin interior udah pada kusem parah asap knalpot itemm. Dulu sempet ada trial low deck buat ngisi koridor 1 Penggaron - Mangkang tapi cuma bert;1,98736E+18;;txtdarikoridor4;in;;0;0;0;https://x.com/undefined/status/1987363989060526265;448579151;
1,98713E+18;Sat Nov 08 12:10:00 +0000 2025;21;Tepat saat jumat'an kemarin terdengar sebuah suara ledakan dan kepulan asap yang membumbung tinggi SMA 72 Jakarta Utara. Apa yang terjadi? Mungkinkan ini teroris atau murni gerakan balas dendam? https://t.co/S8uVED4irt;1,98713E+18;https://pbs.twimg.com/media/G5OyXhhbIAIBdA0.jpg;;in;;0;6;1;https://x.com/undefined/status/1987130481381679544;1,49536E+18;
1,98702E+18;Sat Nov 08 04:42:43 +0000 2025;0;Kebakaran melanda sebuah rumah di Jalan Sukajaya Kelurahan Jelambar Baru Grogol Petamburan Jakarta Barat Sabtu pagi (8/11/2025). Rekaman video yang beredar di media sosial memperlihatkan asap hitam pekat mengepul dan api besar menjulang dari bangunan di kawasan padat penduduk https://t.co/E2WSBC10gh;1,98702E+18;https://pbs.twimg.com/amplify_video_thumb/1987017141237997568/img/6Rgu58qSGxv8VB-W.jpg;;in;;0;0;1;https://x.com/undefined/status/1987017919172354330;231355136;
1,987E+18;Sat Nov 08 03:41:56 +0000 2025;28;Ledakan terjadi di SMAN 72 Jakarta Utara Kelapa Gading pada Jumat siang. Seorang saksi bernama Zaki siswa kelas XI menyebut ledakan pertama berasal dari area masjid saat jemaah sedang bersiap menunaikan salat Jumat. Ia mengatakan suara ledakan muncul ketika khotbah terakhir https://t.co/wuCV3jh4hk;1,987E+18;https://pbs.twimg.com/media/G5NAWR3aIAAC5Cp.jpg;;in;;0;0;11;https://x.com/undefined/status/1987002621882999173;7,59693E+17;
1,987E+18;Sat Nov 08 03:39:27 +0000 2025;13;LAPORAN INFORMASI INTELIJEN Kepada Yth: Dankodaeral III Dari: Danyonmarhanlan III Bidang: Intelijen Keamanan Perihal: Laporan Informasi Awal Kejadian Ledakan di SMA Negeri 72 Jakarta I. FAKTA-FAKTA SEMENTARA 1. Ledakan pertama terjadi di musholla SMAN 72 Jakarta saat khotbah https://t.co/9s6hRQiGAS;1,987E+18;https://pbs.twimg.com/media/G5M_yMvbQAAxVpD.jpg;;in;;0;0;2;https://x.com/undefined/status/1987001996457746674;1,70948E+18;
1,98679E+18;Fri Nov 07 13:33:41 +0000 2025;8;Kesaksian Siswa SMA 72 Jakarta Saat Insiden Ledakan Terjadi: Langsung Ada Merah Api Dan Asap Tebal https://t.co/aNovHTlmtt;1,98679E+18;https://pbs.twimg.com/amplify_video_thumb/1986787544596684800/img/U5ILm2_HOQB6LyTX.jpg;;in;;0;0;0;https://x.com/undefined/status/1986789154882252830;31355801;
1,98678E+18;Fri Nov 07 12:38:52 +0000 2025;3;Saksi Mata Ledakan di SMAN 72 Jakarta Bau Bahan Kimia Menyeruak Sebelumnya viral video yang memperlihatkan para siswa tengah menggotong teman mereka yang terluka akibat ledakan di SMAN 72 Jakarta. Sementara asap terlihat membumbung tinggi di sekitar sekolah. #Ledakan #SMAN72 https://t.co/M23Bw1vh2K;1,98678E+18;https://pbs.twimg.com/amplify_video_thumb/1986774342198517760/img/jjISp_4drn7gj7-q.jpg;;in;;1;2;2;https://x.com/undefined/status/1986775357018763463;68930552;
1,98671E+18;Fri Nov 07 08:25:50 +0000 2025;145;#BreakingNews Terjadi sebuah ledakan di salah satu bangunan di SMAN 72 Kelapa Gading Jakarta Utara Jumat (7/11) siang. Dari video yang diambil oleh seorang siswa terlihat asap mengepul dari sebuah bangunan sesaat setelah ledakan terdengar. Terlihat sejumlah siswa terluka https://t.co/DSxzlNsQQv;1,98671E+18;https://pbs.twimg.com/ext_tw_video_thumb/1986711633524363265/pu/img/1AVQ5lZXBvgrE1Mp.jpg;;in;;2;5;34;https://x.com/undefined/status/1986711681930784914;1,25182E+18;
1,9867E+18;Fri Nov 07 07:42:16 +0000 2025;115;Terjadi sebuah ledakan di salah satu bangunan di SMAN 72 Kelapa Gading Jakarta Utara Jumat (7/11) siang. Dari video yang diambil oleh seorang siswa terlihat asap mengepul dari sebuah bangunan sesaat setelah ledakan terdengar. Terlihat sejumlah siswa terluka dan dibawa untuk https://t.co/Ja6dNUipmu;1,9867E+18;https://pbs.twimg.com/amplify_video_thumb/1986700602316103682/img/b4fuRam7W7zkSdhj.jpg;;in;;4;7;61;https://x.com/undefined/status/1986700714891256085;121640063;
1,9863E+18;Thu Nov 06 05:00:39 +0000 2025;2;Ternyata hujan di Jakarta nggak cuma bawa air tapi juga plastik! Temuan BRIN menunjukkan setiap sampel air hujan yang diteliti sejak 2022 tercemar mikroplastik dari berbagai sumber. Mulai dari limbah pembakaran plastik hingga debu kendaraan. Selain berdampak buruk ke https://t.co/W0v1f4veMV;1,9863E+18;https://pbs.twimg.com/amplify_video_thumb/1986297495782367238/img/Mxh_toR7Q7sysw0W.jpg;;in;;0;0;0;https://x.com/undefined/status/1986297655170068563;57261519;
1,98626E+18;Thu Nov 06 02:48:58 +0000 2025;3;teman-teman aku butuh info loker part time daerah jakarta timur pusat selatan hihi especially buat 1 minggu akhir di bulan desember + 1 minggu awal di bulan januari kindly text me asap ia thank u &lt3 #PartTime #Freelance #lokerjkt;1,98626E+18;;;in;;0;4;0;https://x.com/undefined/status/1986264518595662264;1,56347E+18;
1,98598E+18;Wed Nov 05 07:56:47 +0000 2025;3479;Jakarta really give a deep great memories to Jisoo because she's really post caption in Indonesian We love you so much Jisoo please comeback asap @officialBLISSOO https://t.co/97wF24PHSv;1,98598E+18;https://pbs.twimg.com/media/G4-d6KMbQAIR98P.jpg;;en;;19;9;366;https://x.com/undefined/status/1985979592386232703;1,47725E+18;
1,98594E+18;Wed Nov 05 05:05:48 +0000 2025;708;Hi I'm an Indonesian Teume and I'm looking for Portuguese Spain France Netherlands England and Japan Teume that could buy me a 2025-26 TREASURE TOUR [PULSE ON] in Jakarta as a pay back for colonizing my country and make my ancestors suffer. DM me ASAP. Thankyou!;1,98594E+18;;;en;;49;28;132;https://x.com/undefined/status/1985936564774670717;1,34217E+18;
1,98561E+18;Tue Nov 04 07:37:26 +0000 2025;6;ada yg lagi cari kerja kah? dikantorku lagi open posisi: - Host Live Streaming - Operator Livestreaming - KOL Specialist - Translator Mandarin - Content Creator Need ASAP and must have experience ya daan mogot jakarta barat;1,98561E+18;;;in;;0;3;1;https://x.com/undefined/status/1985612335307002155;1,84186E+18;
1,98558E+18;Tue Nov 04 05:25:02 +0000 2025;55;SAMPAH ENERGI DANANTARA Ada pesan bijak Jangan beri kritik di tengah gempita pesta. Amplitudo sekeras apa pun hanya mengamplifier suara cahaya asap dan confetti kembang api. Kritik sudah jd pengetahuan publik: pemerintah di negara² berkembang di mana pun selalu https://t.co/9EZatKEVWc;1,98558E+18;https://pbs.twimg.com/media/G44xl38bAAAgwCd.jpg;;in;;1;6;24;https://x.com/undefined/status/1985579015290429740;325599485;
1,98556E+18;Tue Nov 04 03:54:01 +0000 2025;76;Malam minggu itu Derick diajak oleh rekannya Devan ke suatu bar di Jakarta Selatan memang ada waktu ia mencoba berbaur dengan manusia kala dirinya tengah jengah dengan rutinitas hariannya kalau istilah jaman sekarang burnout. Derick datang bukan untuk minum alkohol atau https://t.co/e8FMACsWS4;1,98556E+18;https://pbs.twimg.com/media/G44cwVBbQAMg0Hc.jpg;;in;;3;11;3;https://x.com/undefined/status/1985556110825439585;1,18042E+18;
1,98554E+18;Tue Nov 04 02:56:56 +0000 2025;107;$GRAB After Q3 ER Take Before I go into a long detail thread I want to say $GRAB management is doing the right thing expanding incentives to accelerate MTUs and early evidence showed DTUs is outpacing MTUs with Q4 Tourism is getting hot sources said it could hit https://t.co/SkFqZwi62Y;1,98554E+18;https://pbs.twimg.com/amplify_video_thumb/1985541437077725184/img/sDjz5Z6QDfpM9nT4.jpg;;en;;1;4;10;https://x.com/undefined/status/1985541748001816612;1,28059E+18;
1,98499E+18;Sun Nov 02 14:14:27 +0000 2025;8;this gives me the chills Rosie that solo tour needs to happen asap JAKARTA CINTA ROSÉ #DEADLINE_TOUR #ROSÉ;1,98499E+18;;;en;;0;0;0;https://x.com/undefined/status/1984987474678968560;3132324113;
1,98497E+18;Sun Nov 02 12:48:19 +0000 2025;5;Hai beb Ada m/f jakarta yg mau nongkrong/bl? Clean yaa cuma mau nyari temen aja siapa tau bisa jadi sering main bareng. Cewe cowo bebas. Leave a trace i'll reach you asap. F26 here btw ;1,98497E+18;;;in;;0;9;0;https://x.com/undefined/status/1984965798813966590;1,46069E+18;
1,9846E+18;Sat Nov 01 12:50:24 +0000 2025;6;so no jenlisa ktl at jakarta? need the video asap hahahaha;1,9846E+18;;;tl;;0;1;0;https://x.com/undefined/status/1984603932128424259;1,13861E+18;
1,98419E+18;Fri Oct 31 09:11:03 +0000 2025;1;WTB BLACKPINK JAKARTA TICKET. BLINK PACKAGE. LOOKING FOR 2 TIX ASAP #DEADLINE_IN_JAKARTA #BLACKPINKinJAKARTA Wtb wts;1,98419E+18;;;en;;1;16;0;https://x.com/undefined/status/1984186344432910789;1,51972E+18;
1,98416E+18;Fri Oct 31 07:35:18 +0000 2025;5;how can i teleport to jakarta asap;1,98416E+18;;;in;;0;1;0;https://x.com/undefined/status/1984162245904101853;8,334E+17;
1,9841E+18;Fri Oct 31 03:14:36 +0000 2025;0;Kualitas udara di Jakarta pada Jumat (31/10/2025) pagi terpantau tidak sehat bagi kelompok sensitif berdasarkan data IQAir yang diperbarui pukul 05.00 WIB. Kondisi ini membuat warga terutama anak-anak lansia dan penderita penyakit pernapasan disarankan untuk memakai masker https://t.co/gcpSM3edF7;1,9841E+18;https://pbs.twimg.com/media/G4jtYIxX0AAOpWs.jpg;;in;;0;0;0;https://x.com/undefined/status/1984096639498293605;47596019;
1,98378E+18;Thu Oct 30 07:09:07 +0000 2025;1;@DKIJakarta https://t.co/TjX1wONvYT Inilah asap beracun polusi udara yg meracuni dan membuat sakit jutaan penduduk Jakarta utara bahkan sampai ke jakpus.. hentikan donk. Berikan tindakan tegas - police line !!!;1,98379E+18;;DKIJakarta;in;;0;0;0;https://x.com/undefined/status/1983793272586956954;1,88109E+18;
1,98346E+18;Wed Oct 29 09:23:48 +0000 2025;3;Halo Sobat UI! Ternyata anak-anak di wilayah Jabodetabek ternyata paling rentan terdampak polusi udara lho! Hasil studi menunjukkan bahwa selama 2020 2022 terdapat lebih dari 73 ribu kasus pneumonia dan 15 ribu kasus asma pada anak dengan rata-rata kadar PM2.5 mencapai https://t.co/R2O7KPHYAe;1,98346E+18;https://pbs.twimg.com/media/G4ausqoaQAARJic.jpg;;in;;0;2;1;https://x.com/undefined/status/1983464776937394204;74646907;
1,98338E+18;Wed Oct 29 04:04:53 +0000 2025;16;Jakarta mentioned again sweet Jo. We're waiting for you guys truly You guys are so loved here Luneina is waiting for &ampTeam to be back here asap #andTEAM https://t.co/DvzD7KoLBp;1,98338E+18;https://pbs.twimg.com/media/G4ZltTIaMAAxQPj.jpg;;en;;0;0;5;https://x.com/undefined/status/1983384520750764132;1,94572E+18;
1,98206E+18;Sat Oct 25 15:59:14 +0000 2025;3;@tanyakanrl Yakin gak yapping gaji umr 4x jakarta? Gw mah mau kecintaan jg ogah berenti kalo bener 20+ gaji. kecuali uang asap dll hampir 1M gitu dan valid bakal ngasih minimal setnegah gaji per bulan baru oke;1,98211E+18;;tanyakanrl;in;;0;1;1;https://x.com/undefined/status/1982114738755588247;2265993631;
1,98166E+18;Fri Oct 24 10:00:05 +0000 2025;229;F-15EX still on the table for Indonesia. Discussion still continues between Jakarta and DC. Neither Indonesia require US to deliver F-15EX ASAP nor ask F-15EX taken from USAF inventory. Why? Also why Indonesia doesn't ask surplus F-15 from US? Because of US strict compliance?;1,98166E+18;;;en;;21;0;34;https://x.com/undefined/status/1981661970819608958;1,09173E+18;
1,98164E+18;Fri Oct 24 08:23:34 +0000 2025;14;I need to pindah dekat ofis asap sebab tiap kali sampai rumah this month I paralyzed for 2 days and I already demam 3 kali sejak balik Jakarta pastu nanti nak gi Sabah pulak. Kalau berterusan camni gue boleh merusuh depan KLCC;1,98164E+18;;;in;;1;2;1;https://x.com/undefined/status/1981637680325865940;1,34915E+18;
1,98158E+18;Fri Oct 24 04:48:12 +0000 2025;0;Keluar Asap dari Bawah Bangku Sopir Angkot Jaklingko Terbakar di Depan Kejari Jakarta Timur https://t.co/bHyUNmIgS0;1,98158E+18;;;in;;0;0;0;https://x.com/undefined/status/1981583480489431048;456426648;
1,98157E+18;Fri Oct 24 03:59:52 +0000 2025;64;Best! M2x dom jakarta looking for new moots and friend. leave ur best trace and i ll hit u up asap! https://t.co/RKCmO20toT;1,98157E+18;https://pbs.twimg.com/media/G3_0nD9XgAAcTS1.jpg;;en;;0;85;1;https://x.com/undefined/status/1981571318366748851;1,93903E+18;
1,98118E+18;Thu Oct 23 12:11:32 +0000 2025;3;@nuicemedia Panas jadi ispa hujan jadi terkontaminasi mikro plastik udah terlalu bangsat buat ditinggali itu jakarta;1,98133E+18;;nuicemedia;in;;0;0;1;https://x.com/undefined/status/1981332662578253832;1,45784E+18;
1,98127E+18;Thu Oct 23 08:10:00 +0000 2025;10;M18 dom jakarta looking for new moots and friend. leave ur best trace and i ll hit u up asap!;1,98127E+18;;;en;;0;36;0;https://x.com/undefined/status/1981271876732408107;1,7089E+18;
1,98123E+18;Thu Oct 23 08:09:37 +0000 2025;17;@ecommurz Anginnya lagi kencang &amp arah utara (laut jawa). Kalau angin ke timur asap PLTA-nya yg bejibun di Banten ke Jakarta semua https://t.co/rskahxuP64;1,98127E+18;https://pbs.twimg.com/amplify_video_thumb/1981271716941672448/img/HwQ9YGVhoMlNd1FC.jpg;ecommurz;in;;1;1;1;https://x.com/undefined/status/1981271782834524539;57548758;
1,98055E+18;Thu Oct 23 04:47:28 +0000 2025;0;@tudoiscroire Hai Kak @tudoiscroire. Bisa ya. Kakak dapat melakukan pendaftaran pin prioritas penyakit kronis seperti penyakit jantung epilepsi asma stroke dan penyakit yang sulit disembuhkan dengan melampirkan dokumen surat diagnosis penyakit dari dokter;1,98122E+18;;tudoiscroire;in;;1;1;0;https://x.com/undefined/status/1981220906820374597;78847590;
1,98117E+18;Thu Oct 23 01:40:23 +0000 2025;193;Warga yang terkena Infeksi Saluran Pernapasan Akut (ISPA) di Jakarta tembus hampir dua juta kasus dalam 10 bulan terakhir. Antara Januari hingga Oktober 2025 tepatnya ada 1.966.308 kasus ISPA. https://t.co/0C46rvu5ky;1,98117E+18;https://pbs.twimg.com/media/G36IbCgWQAABJj-.jpg;;in;;131;7;164;https://x.com/undefined/status/1981173826542301564;4187275698;
1,98095E+18;Wed Oct 22 11:00:02 +0000 2025;0;Gubernur DKI Jakarta Pramono Anung memastikan bahwa Ibu Kota tak akan 'dihantam' pandemi COVID-19 lagi nih detikers! Hal ini dijelaskan Pramono setelah Dinkes DKI Jakarta merilis data lonjakan kasus Infeksi Saluran Pernapasan Akut (ISPA) yang mirip COVID-19. Jaga kesehatan-mu https://t.co/Do3C9H7fnC;1,98095E+18;https://pbs.twimg.com/amplify_video_thumb/1980932976381734912/img/I5QXxbTH6BRTumx2.jpg;;in;;0;0;0;https://x.com/undefined/status/1980952281655996915;104446991;
1,9809E+18;Wed Oct 22 07:37:11 +0000 2025;0;Dinas Kesehatan Jakarta mencatat hampir dua juta orang terkena penyakit ISPA. Lonjakan terdeteksi sejak Juli 2025 lalu. Kasie Pelayanan Medik RSUD Taman Sari Ngabila Salama mengimbau agar masyarakat banyak mengkonsumsi air putih serta mengurangi beraktifitas di luar rumah ;1,9809E+18;;Metro_TV;in;;0;0;0;https://x.com/undefined/status/1980901233088164157;57261519;
1,9809E+18;Wed Oct 22 07:37:11 +0000 2025;6;Cuaca panas yang tak kunjung reda mulai berdampak pada kesehatan masyarakat. Dinas Kesehatan Jakarta mencatat kasus penderita Inspeksi Saluran Pernapasan Akut atau ISPA menjangkiti hampir 2 juta orang warga Jakarta. Diketahui lonjakan ini terdeteksi sejak bulan Juli lalu. https://t.co/Mig1rOHByO;1,9809E+18;https://pbs.twimg.com/media/G32TKedWUAAnScM.jpg;;in;;0;1;2;https://x.com/undefined/status/1980901229867016368;57261519;
1,98089E+18;Wed Oct 22 07:10:55 +0000 2025;0;Di tengah lonjakan kasus Infeksi Saluran Pernapasan Akut (ISPA) dan influenza di Ibu Kota Gubernur DKI Jakarta Pramono Anung memberikan penegasan penting bahwa situasi ini bukan pandemi baru. Menurutnya saat ini COVID-19 di Jakarta telah bertransisi dan kini dianggapnya https://t.co/Vb5f02guR9;1,98089E+18;https://pbs.twimg.com/media/G32NGQtXUAAu3hH.jpg;;in;;0;0;0;https://x.com/undefined/status/1980894622118514716;231355136;
1,98089E+18;Wed Oct 22 06:57:00 +0000 2025;1;Dinkes DKI Jakarta melaporkan ada 1 9 juta kasus ISPA mirip COVID-19 dari Januari-Oktober 2025. Pramono menegaskan ini tidak akan menjadi pandemi. https://t.co/onb66Z7cWN;1,98089E+18;;;in;;0;0;1;https://x.com/undefined/status/1980891117370446310;69183155;
1,98089E+18;Wed Oct 22 06:45:00 +0000 2025;0;Dinkes DKI Jakarta melaporkan ada 1 9 juta kasus ISPA mirip COVID-19 dari Januari-Oktober 2025. Pramono menegaskan ini tidak akan menjadi pandemi. https://t.co/fxkNYzmeFc;1,98089E+18;;;in;;0;0;1;https://x.com/undefined/status/1980888097349931499;104446991;
1,98088E+18;Wed Oct 22 06:05:59 +0000 2025;2;Waktu born pink jakarta juga begini persis. Lisa sama jennie langsung tutup mata krn kelilipan percikan &amp asap panas kembang api dpn stage. Framing ga niat perform setelahnya jg sama. Disitu jd paham setiap bp perform pasti akan ada intentional framing buat defaming mereka;1,98088E+18;;;in;;0;0;0;https://x.com/undefined/status/1980878280049000718;103057048;
1,98087E+18;Wed Oct 22 05:29:50 +0000 2025;0;Wakil Ketua Komisi IX DPR RI Yahya Zaini meminta ada penguatan sistem agar penyakit Infeksi Saluran Pernapasan Akut (ISPA) tidak menjadi pandemi seperti Covid-19. | #ISPA #Jakarta https://t.co/rypz1DH30e;1,98087E+18;;;in;;2;0;1;https://x.com/undefined/status/1980869183593492855;23343960;
1,98086E+18;Wed Oct 22 05:00:01 +0000 2025;1;Hasil studi Badan Riset dan Inovasi Nasional (BRIN) mengungkap bahwa air hujan di Jakarta mengandung partikel mikroplastik berbahaya. Adapun mikroplastik ini berasal dari serat sintetis pakaian debu kendaraan dan ban sisa pembakaran sampah plastik serta degradasi plastik di https://t.co/Lodex03X6s;1,98086E+18;https://pbs.twimg.com/amplify_video_thumb/1980853175914532864/img/7ox2lixtKLUu2mXx.jpg;;in;;0;0;0;https://x.com/undefined/status/1980861677097673054;255866913;
1,98086E+18;Wed Oct 22 04:46:00 +0000 2025;0;Kasus ISPA di DKI Jakarta Capai 1 9 Juta Lebih Pramono Anung Pastikan Tak Jadi Pandemi https://t.co/QaJq1QHgD8;1,98086E+18;;;in;;0;0;0;https://x.com/undefined/status/1980858151663727090;47596019;
1,98081E+18;Wed Oct 22 01:49:12 +0000 2025;2;Jujur rak heran nek wong jakarta do keno ispa;1,98081E+18;;;in;;0;0;0;https://x.com/undefined/status/1980813658537226507;1562041770;
1,98065E+18;Tue Oct 21 14:59:14 +0000 2025;2;I will forever be the girl with the big heart and pure heart I forever always that lover girl... mau dunia ini hantam sampe jadi debu pun ga masalah -21/10/2025 Jakarta;1,98065E+18;;;en;;0;0;1;https://x.com/undefined/status/1980650087182397892;1,40226E+18;
1,98061E+18;Tue Oct 21 12:28:55 +0000 2025;2;SINI DEKETAN GUA BISIKINN 𝔧𝔞𝔨𝔞𝔯𝔱𝔞 𝔰𝔢𝔩𝔞𝔱𝔞𝔫 𝔤𝔲𝔞 𝔶𝔞𝔫𝔤 𝔟𝔦𝔨𝔦𝔫 ATAS ATAP ATAS ATAP BAWAH TANAH ATAS ATAP BANYAK ASAP ANAK BANGSAT PADA RAKAB;1,98061E+18;;;in;;0;0;1;https://x.com/undefined/status/1980612261770399896;1,7864E+18;
1,98049E+18;Tue Oct 21 04:20:50 +0000 2025;5;Meski demikian data dari Dinas Kesehatan tren ini tidak berbeda dengan tahun-tahun sebelumnya. Keluhan batuk tidak sembuh-sembuh cenderung meningkat di tengah cuaca tidak menentu dan menurunnya imunitas tubuh. Kenaikan ini memang karena keadaan alam sehingga mudah-mudahan di;1,98049E+18;;Metro_TV;in;;0;0;1;https://x.com/undefined/status/1980489431447663061;57261519;
1,98049E+18;Tue Oct 21 04:20:49 +0000 2025;161;Dalam beberapa minggu terakhir sejumlah rumah sakit dan klinik di Jakarta dan sekitarnya melaporkan peningkatan jumlah pasien dengan gejala flu. Dinas Kesehatan DKI Jakarta mencatat adanya peningkatan kasus Infeksi Saluran Pernapasan Akut (ISPA) sejak Juli hingga Oktober 2025. https://t.co/HmqDvbjxqk;1,98049E+18;https://pbs.twimg.com/media/G3wcofEXMAA9WhU.jpg;;in;;20;12;100;https://x.com/undefined/status/1980489427786035302;57261519;
1,98048E+18;Tue Oct 21 03:59:09 +0000 2025;3;GILA BADANKU REMUK ANJIR 5 hari di jakarta flu radang dan batuk https://t.co/J9e6dLUGRc;1,98048E+18;https://pbs.twimg.com/tweet_video_thumb/G3wXrB0XoAAzx5C.jpg;;in;;0;0;0;https://x.com/undefined/status/1980483974142251054;1,95737E+18;
1,98022E+18;Mon Oct 20 10:26:47 +0000 2025;13;Asap hitam pekat mengepul di area Silang Selatan Monas Jakarta Pusat Senin (20/10/2025) sore saat mahasiswa menggelar demo satu tahun pemerintahan Prabowo-Gibran. Baca selengkapnya https://t.co/qjfdT0UcvQ ~LL #Demo #Monas https://t.co/1079J0U3SQ;1,98022E+18;https://pbs.twimg.com/media/G3smxDcWEAAIRXG.jpg;;in;;1;2;2;https://x.com/undefined/status/1980219136388247791;23343960;
1,98015E+18;Mon Oct 20 06:08:46 +0000 2025;0;Partikel ini naik ke udara bareng debu dan asap lalu turun lagi lewat hujan. Riset BRIN: ada rata-rata 15 partikel mikroplastik per meter persegi per hari di Jakarta.;1,98015E+18;;brin_indonesia;in;;0;1;0;https://x.com/undefined/status/1980154203025940765;90363665;
1,97988E+18;Sun Oct 19 11:50:45 +0000 2025;0;Tengkorak Raksasa dan Asap Mistis Hiasi Mal di Jakarta Jelang Halloween https://t.co/BDdIjnJTvr;1,97988E+18;;;in;;0;0;0;https://x.com/undefined/status/1979877879136833984;240113510;
1,9795E+18;Sat Oct 18 11:08:27 +0000 2025;14;Air hujan di Jakarta terkontaminasi mikroplastik. Peneliti BRIN menemukan partikel plastik mikroskopis dalam air hujan sejak 2022. Partikel ini berasal dari serat pakaian sintetis debu kendaraan ban sisa pembakaran sampah hingga degradasi plastik di udara perkotaan. &gt&gt;;;;;;;;;;;
1,9795E+18;Sat Oct 18 10:55:07 +0000 2025;12;Asap Tebal di KRL Tanjung Barat! Penumpang Panik KAI Commuter Minta Maaf. PT KAI Commuter meminta maaf atas kejadian keluarnya asap dari salah satu rangkaian Commuter Line di Stasiun Tanjung Barat Jakarta Selatan. Pihak KAI Commuter membenarkan bahwa asap berasal dari kereta https://t.co/qwYk0xVC6V;1,9795E+18;https://pbs.twimg.com/amplify_video_thumb/1979500424806727680/img/fhSd-DqMgPTM62Nn.jpg;;in;;1;2;3;https://x.com/undefined/status/1979501492332839343;55507370;
1,97944E+18;Sat Oct 18 06:35:00 +0000 2025;0;Asap Keluar dari Gerbong Commuter Line Bogor-Jakarta Kota Ini Klarifikasi KAI | SAPA PAGI https://t.co/V8IHhVdVIT;1,97944E+18;;;in;;0;0;0;https://x.com/undefined/status/1979436030270030124;71436318;
1,97938E+18;Sat Oct 18 03:03:51 +0000 2025;1;Badan Riset dan Inovasi Nasional (BRIN) mengungkap bahwa air hujan di Jakarta mengandung partikel mikroplastik berbahaya yang berasal dari aktivitas manusia di perkotaan. Mikroplastik ini berasal dari serat sintetis pakaian debu kendaraan dan ban sisa pembakaran sampah https://t.co/2PpEuSK6kw;1,97938E+18;https://pbs.twimg.com/media/G3gs4GPXsAAxDPS.jpg;;in;;0;0;1;https://x.com/undefined/status/1979382891168829558;121640063;
1,97936E+18;Sat Oct 18 01:33:54 +0000 2025;4;Pemprov DKI Jakarta melalui Dinas Kesehatan Jakarta memastikan bahwa kasus ISPA yang sedang marak di Jakarta dapat terkendali. Jangan khawatir dan tetap jaga kesehatannya ! ---- Udayana Unud semoga bapak Jepang Pagiii QWER Rejuran Transmart asta cita https://t.co/3ovpJ6imPh;1,97936E+18;https://pbs.twimg.com/media/G3gYjqTXcAA7xT_.jpg;;in;;0;2;1;https://x.com/undefined/status/1979360254644359269;194582998;
1,97935E+18;Sat Oct 18 00:55:27 +0000 2025;73;Web3Week Asia @W3WOfficial One of the BIGGEST event crypto &amp Web3 di Indonesia - Pullman Jakarta Thamrin - 20 &amp;;;;;;;;;;;
1,97913E+18;Fri Oct 17 10:20:00 +0000 2025;4;KRL nomor perjalanan 1207 jurusan Bogor Kota mengalami kendala teknis saat berada di Stasiun Tanjung Barat Jagakarsa Jakarta Selatan Jumat (17/10) pagi. Salah satu gerbong kereta mengeluarkan asap hingga sempat menimbulkan kepanikan dan membuat penumpang berhamburan keluar https://t.co/JNJHBE35yd;1,97913E+18;https://pbs.twimg.com/amplify_video_thumb/1979111068191408128/img/rmIfCwMzvwvsxhTm.jpg;;in;;0;0;0;https://x.com/undefined/status/1979130264912826493;57261519;
1,97913E+18;Fri Oct 17 10:19:53 +0000 2025;1384;Penelitian Badan Riset dan Inovasi Nasional (BRIN) mengungkap bahwa air hujan di Jakarta mengandung partikel mikroplastik berbahaya. Temuan ini menunjukkan bahwa polusi plastik kini tak hanya mencemari tanah dan laut tetapi juga udara dan atmosfer. Peneliti BRIN Muhammad Reza https://t.co/LL50GMRSXe;1,97913E+18;https://pbs.twimg.com/media/G3dIcpfXcAAFZ5D.jpg;;in;;272;63;842;https://x.com/undefined/status/1979130236265730351;7,59693E+17;
1,97911E+18;Fri Oct 17 09:00:03 +0000 2025;4;Viral di media sosial salah satu gerbong kereta rel listrik (KRL) mengeluarkan asap saat berhenti di Stasiun Tanjung Barat Jakarta Selatan. Peristiwa ini terjadi pada Jumat (17/10) pukul 07.36 WIB. &gt&gt;;;;;;;;;;;
1,9791E+18;Fri Oct 17 08:04:16 +0000 2025;0;Pramono Akui Kasus ISPA di Jakarta Naik Minta Anak Buah Perkuat Mitigasi https://t.co/Pt6EE9MT65;1,9791E+18;;;in;;0;0;0;https://x.com/undefined/status/1979096109265097077;132078023;
1,97907E+18;Fri Oct 17 08:00:06 +0000 2025;2;Air hujan di Jakarta terbukti mengandung mikroplastik. Partikel plastik berukuran sangat kecil yang bisa masuk ke tubuh manusia tanpa disadari. Temuan ini berasal dari riset berjudul The Deposition of Atmospheric Microplastics in Jakarta-Indonesia: The Coastal Urban Area yang https://t.co/vPM4rAvPmS;1,9791E+18;https://pbs.twimg.com/media/G3codT7XMAEZW47.jpg;RadioElshinta;in;;0;0;0;https://x.com/undefined/status/1979095058239623246;121640063;
1,97909E+18;Fri Oct 17 07:30:41 +0000 2025;6;Kasus Infeksi Saluran Pernapasan Akut (ISPA) sejak Juli hingga Oktober tahun 2025 dengan keluhan mirip COVID-19 mengalami peningkatkan bahkan di Jakarta jumlahnya mencapai 2 juta kasus. Keluhan batuk tidak sembuh-sembuh cenderung meningkat di tengah cuaca tidak menentu dan https://t.co/zyhPNVeRaP;1,97909E+18;https://pbs.twimg.com/media/G3churdWAAACw8F.jpg;;in;;1;0;2;https://x.com/undefined/status/1979087656563937607;57261519;
1,97879E+18;Thu Oct 16 12:14:21 +0000 2025;3;Soal asap ini gw setuju gw udah sering ngoceh soal polusi udara jakarta di akun ini. Dan gw udah pernah bilang kalo jakarta bukan tempat yg layak utk ditinggali sampai tua karna polusinya parah. Tinggal menunggu waktu aja gw cabut dr kota ini.;1,9788E+18;;trickyinvestor;in;;0;1;0;https://x.com/undefined/status/1978796653235880164;1141870268;
1,97871E+18;Thu Oct 16 06:46:54 +0000 2025;0;Dinkes Pastikan Kasus ISPA di Jakarta Terkendali #BacadiBJ #beritajakarta #dkijakarta #JAKI #WeLoveJakarta https://t.co/0wKl3P1kzB;1,97871E+18;;;in;;0;2;0;https://x.com/undefined/status/1978714249833672975;213204035;
1,97869E+18;Thu Oct 16 04:51:52 +0000 2025;0;Dinkes DKI Jakarta melakukan monitoring dan evaluasi (monev) untuk memantau perkembangan kasus COVID dan Infeksi Saluran Pernapasan Akut (ISPA) di Jakarta. Kami pada prinsipnya punya SKDR Sistem Kewaspadaan dan Respons Dini. Itu kita melakukan monev terhadap penyakit-penyakit https://t.co/i5FiOgUmAR;1,97869E+18;https://pbs.twimg.com/media/G3WzyKKbIAEeAqI.jpg;;in;;1;0;0;https://x.com/undefined/status/1978685299447263468;18071520;
1,97867E+18;Thu Oct 16 04:03:00 +0000 2025;0;Jakarta Catat Nyaris 2 Juta Kasus ISPA hingga Pertengahan Oktober 2025 Penularan Meningkat Sejak Juli https://t.co/pd5cKtlcqW;1,97867E+18;;;in;;0;0;0;https://x.com/undefined/status/1978673003631390893;2392460208;
1,9786E+18;Wed Oct 15 23:12:39 +0000 2025;1;05.30 #LalinSonora jalanan sepanjang Cikeas hingga GT Jatikarya Utama (Bakmi Golek) menuju Jakarta dipenuhi batu split dan debu lalin padat perlahan sdh ada korban motor jatuh tergelincir di seberang Mitra 10. Mohon hati2. @apotecare;1,9786E+18;;;in;;0;0;1;https://x.com/undefined/status/1978599934397202771;180696019;
1,97842E+18;Wed Oct 15 11:24:49 +0000 2025;593;Meminta satpam @KAI121 Stasiun Cirebon utk menegur para perokok yg ngerasa dunia cuma milik dia eh tapi satpam malah nyahut saya cuma sendirian nunggu teman saya . Nih saya bantuin. Platform 1 Anjasmoro arah Jakarta dan Platform 2 depan persis gerbong Eksklusif 2 Taksaka. https://t.co/QGtpUyt9m4;1,97842E+18;https://pbs.twimg.com/media/G3TEI4KawAAUoPm.jpg;;in;;15;40;132;https://x.com/undefined/status/1978421802771571049;44556194;
1,97841E+18;Wed Oct 15 10:50:00 +0000 2025;1;Kasus ISPA meningkat di berbagai daerah termasuk Jakarta. Cuaca yang tak menentu dan sirkulasi udara yang buruk membuat penularan semakin cepat. Karena itu menjaga kesehatan pernapasan kini jadi hal penting agar tetap produktif dan nyaman beraktivitas. https://t.co/bYHUzPIFGs;1,97841E+18;https://pbs.twimg.com/media/G3SyOCLaQAAKrYk.jpg;;in;;0;0;1;https://x.com/undefined/status/1978413038995706205;121640063;
1,9784E+18;Wed Oct 15 10:08:58 +0000 2025;22;Malam ini sebelum esok kembali ke Jakarta belanja ikan tuna asap (ikan asar) di Pasar Mama-Mama di Jayapura - Papua. Harganya murah banget. Hanya Rp 40.000 - 100.000 dengan berat 1 sampai 2 5 kg. #kangmaman #jayapura https://t.co/y3Y7XIhg88;1,9784E+18;https://pbs.twimg.com/ext_tw_video_thumb/1978402361476521984/pu/img/ikNt5esok3Ql6aFE.jpg;;in;;0;4;2;https://x.com/undefined/status/1978402714812854519;405822983;
1,9784E+18;Wed Oct 15 10:08:23 +0000 2025;6;Malam ini sebelum esok kembali ke Jakarta belanja ikan tuna asap (ikan asar) di Pasar Mama-Mama di Jayapura - Papua. Harganya murah banget. Hanya Rp 40.000 - 100.000 dengan berat 1 sampai 2 5 kg. #kangmaman #jayapura https://t.co/Rwa6CirOvj;1,9784E+18;https://pbs.twimg.com/ext_tw_video_thumb/1978402036225024000/pu/img/_WbAlNu-fcHargcT.jpg;;in;;0;0;1;https://x.com/undefined/status/1978402568167456833;405822983;
1,97839E+18;Wed Oct 15 09:28:28 +0000 2025;0;Dokter Spesialis Pulmonologi dan Kedokteran Respirasi Erlina Burhan mengatakan dugaan kasus Infeksi Saluran Pernafasan (ISPA) mengalami lonjakan. Di DKI Jakarta bahkan melonjak sampai 1.900 kasus dalam satu bulan. https://t.co/qdEhYG8DFk https://t.co/3KcmBXRMVU;1,97839E+18;https://pbs.twimg.com/media/G3Spf4JbsAA9EfA.jpg;;in;;0;0;0;https://x.com/undefined/status/1978392520955510900;388190238;
1,97838E+18;Wed Oct 15 08:18:54 +0000 2025;3;di Jakarta batuk sebulan ga beres-beres ternyata obatnya 3 hari di Singapur;1,97838E+18;;;in;;0;3;0;https://x.com/undefined/status/1978375014069031231;96885642;
1,97658E+18;Fri Oct 10 09:23:49 +0000 2025;10;Asap hitam membumbung tinggi di belakang kawasan gedung Menara Hijau. Kepala Suku Dinas Gulkarmat Jakarta Selatan Syamsul Huda mengatakan asap tebal tersebut berasal dari kebakaran rumah di kawasan Pengadegan Jumat (10/10). Kami terjunkan 12 unit mobil pemadam dengan 36 https://t.co/eZJB6ySfMY;1,97658E+18;https://pbs.twimg.com/media/G243WYKagAAsmCu.jpg;;in;;2;0;2;https://x.com/undefined/status/1976579413149208673;388190238;
1,97657E+18;Fri Oct 10 09:04:16 +0000 2025;0;Kebakaran terjadi di kawasan Pancoran Jakarta Selatan sekitar pukul 15.30 WIB Jumat (10/10/2025). Asap kebakaran membubung tinggi hingga terlihat dari kejauhan. https://t.co/kpsFuuN2XV;1,97657E+18;;;in;;0;1;0;https://x.com/undefined/status/1976574492228088181;69183155;
1,97558E+18;Tue Oct 07 15:06:23 +0000 2025;5;Tadi siang Di traktir es teler depan pengadilan agama jakarta Timur langsung flu batuk njirr..;1,97558E+18;;;in;;0;1;1;https://x.com/undefined/status/1975578459054481711;1,28275E+18;
1,97547E+18;Tue Oct 07 07:52:42 +0000 2025;1;Dalam dua dekade terakhir Beijing China berhasil membalikkan citranya dari kota penuh asap menjadi contoh sukses pengendalian polusi udara di dunia. Baca di sini: https://t.co/O6b4H0UDrm ~KN #transformasi #Jakarta #udarabiru;1,97547E+18;;;in;;0;0;0;https://x.com/undefined/status/1975469315995672814;23343960;
1,97546E+18;Tue Oct 07 07:16:12 +0000 2025;81;PANGLIMA DI TENGAH PRAHARA. Pagi itu atmosfer Jakarta terasa berbeda di sebagai titik masih terasa asap mesiu dan genangan darah. 1 Oktober 1965 ibukota negara dilanda ketidakpastian situasi. Hanya segelintir orang yang mengetahui dengan pasti akan semua yang tengah terjadi https://t.co/a1wrbiQBfC;1,97546E+18;https://pbs.twimg.com/media/G2o-gVlbIAQjN_9.jpg;;in;;2;2;38;https://x.com/undefined/status/1975460133624029360;1,37646E+18;
1,9754E+18;Tue Oct 07 03:25:14 +0000 2025;112;ASAP HSR x Luckin Coffee bersih ina sisa ongkir jakarta Last DP : 12 okt Harga satuan Stand 185k dp 135k Shaker 110k dp 70k Shikishi 65k dp 40k Badge 100k dp 70k https://t.co/KLsTwVqycj;1,9754E+18;https://pbs.twimg.com/media/G2oJpnlbIAUp41w.jpg;;in;;25;1;14;https://x.com/undefined/status/1975402008925622762;1,54144E+18;
1,97538E+18;Tue Oct 07 02:04:33 +0000 2025;15;Pemandangan ibu-ibu membawa balita di lampu merah semoga segera berakhir. Terbayang betapa bahayanya asap kendaraan terhirup anak-anak itu. Bukan hanya di Jakarta. Ini juga ada di beberapa kota lainnya.;1,97538E+18;;;in;;1;1;4;https://x.com/undefined/status/1975381704249647485;86934018;
1,97521E+18;Mon Oct 06 14:43:57 +0000 2025;16;I hope @YYentertain would response and clarify this ASAP. Protect the Artist well and MAYs too! The Jakarta FM is already a disaster (till date no refund no response) we hope Jihoon is always on the right path and same to us MAYS too.;1,97521E+18;;;en;;0;0;2;https://x.com/undefined/status/1975210423516631434;1,03571E+18;
1,97511E+18;Mon Oct 06 08:08:46 +0000 2025;9;Ini aku yg lemah atau mang udara jakarta yg jahat? Tiap bukan kok batuk pilek ;1,97511E+18;;;in;;0;7;0;https://x.com/undefined/status/1975110973066514564;1,5445E+18;
1,97508E+18;Mon Oct 06 06:20:14 +0000 2025;13;25 Tahun Banten: Di Mana Letak Kesejahteraannya? Oleh: ET Hadi Saputra (Warga Banten) Provinsi Banten merayakan seperempat abad dengan gemuruh klaim keberhasilan: investasi puluhan triliun pertumbuhan ekonomi di atas rata-rata nasional dan Indeks Pembangunan Manusia (IPM) yang https://t.co/BY7g9vAlNU;1,97508E+18;https://pbs.twimg.com/media/G2jnZ0cbEAAGWUq.jpg;;in;;1;0;2;https://x.com/undefined/status/1975083659054268911;55300590;
1,97482E+18;Sun Oct 05 13:00:02 +0000 2025;186;Langit Jakarta jadi saksi kemegahan! Atraksi pesawat jet tempur mengawali defile pasukan dan alutsista TNI di langit Monas Minggu (5/10/2025). Dalam rangka HUT ke-80 TNI atraksi udara dari berbagai matra menghiasi langit ibu kota dari formasi pesawat tempur helikopter https://t.co/Ax1LCg5WzN;1,97482E+18;https://pbs.twimg.com/amplify_video_thumb/1974787529498140672/img/CXPDSy_WIZn8QTUL.jpg;;in;;2;20;23;https://x.com/undefined/status/1974821883229925521;69183155;
1,97473E+18;Sun Oct 05 07:00:37 +0000 2025;7;Pada Minggu 5 Oktober langit Monas Jakarta menjadi panggung atraksi udara menakjubkan dari Tim Jupiter Aerobatic TNI AU. Aksi ini merupakan bagian dari persiapan menjelang peringatan HUT ke-80 TNI. Enam pesawat berwarna merah-putih beraksi lincah di udara membentuk berbagai https://t.co/jEu5pKZCDY;1,97473E+18;https://pbs.twimg.com/amplify_video_thumb/1974731262033305600/img/xxDBf_64jH_nZGtT.jpg;;in;;0;1;1;https://x.com/undefined/status/1974731436130513350;46693036;
1,97428E+18;Sat Oct 04 00:47:21 +0000 2025;25;I hope you guys add Jakarta stop for we:alive need to see wendy asap @ASNDLABEL;1,97428E+18;;;en;;0;0;4;https://x.com/undefined/status/1974275111122579915;2517362778;
1,97359E+18;Thu Oct 02 03:19:22 +0000 2025;48;Whispering for jakarta whispers️ Thanks always @rabumusik for letting me join the pekat and melekat-ness of debu-debu jakarta. i was fuuking imagining grayness of langit jakartasehat2 warga jkt https://t.co/KB48eE3PKW;1,97359E+18;https://pbs.twimg.com/ext_tw_video_thumb/1973588556242456576/pu/img/g4WiRcwV-naUsEMQ.jpg;;en;;0;6;11;https://x.com/undefined/status/1973588590862147813;599315647;
1,97298E+18;Wed Oct 01 04:44:02 +0000 2025;7;@GMMTV @Hirunkit_ @tontawan_t Thank you Butter Baby for bringing Nani to Jakarta it was amazing how fans crowded the mall with just 2 days' announcement n only 1 day from gmmtv's side lol. He's so loved waiting for his next event asap! #ButterBabyxNani #h;1,97325E+18;;GMMTV;en;;0;0;0;https://x.com/undefined/status/1973247510652264676;1,54995E+18;
1,9649E+18;Mon Sep 08 03:56:56 +0000 2025;0;Kebakaran hebat melanda deretan ruko makanan atau foodcourt di Jalan RS Fatmawati Raya Cilandak Jakarta Selatan tepat di depan Stasiun MRT Cipete Raya Minggu (7/9/2025) malam. Peristiwa yang terjadi sekitar pukul 23.48 WIB itu membuat arus lalu lintas di bawah kolong MRT https://t.co/Oazx3c9KK2;1,9649E+18;https://pbs.twimg.com/amplify_video_thumb/1964899425765208064/img/J2GdgwRO3fFW5L9y.jpg;;in;;1;0;0;https://x.com/undefined/status/1964900736229371928;231355136;
1,96488E+18;Mon Sep 08 02:45:37 +0000 2025;4;safely arrived last friday only managed to check today as i just back from worktrip last night. those havent settle 2nd payment please do so asap as i ll arrange postage by this week before my trip to jakarta. thanks again for trusting me with your order #DeeWonderlandMY https://t.co/FEYhlh8pPs;1,96488E+18;https://pbs.twimg.com/media/G0SqetTbMAA7WHt.jpg;;en;;0;0;0;https://x.com/undefined/status/1964882791671447697;50172064;
1,96451E+18;Sun Sep 07 02:23:00 +0000 2025;2;Dalam dialog kebijakan di Jakarta ilmuwan aktivis pejabat dan pelaku usaha mencari solusi kabut asap Melalui kolaborasi lintas sektor &amp strategi nyata untuk lahan gambut dan kabut asap lintas negara. Selengkapnya: https://t.co/xkeUTFBSg2 #FreeHazeAsean https://t.co/oSWNv7sB0y;1,96451E+18;https://pbs.twimg.com/media/Gz5DQCvbcAAcPro.jpg;;in;;0;0;1;https://x.com/undefined/status/1964514709605912812;819038263;
1,96351E+18;Thu Sep 04 07:42:07 +0000 2025;2;#NAME?;1,96351E+18;;;in;;0;0;0;https://x.com/undefined/status/1963507855262413155;1,34792E+18;
1,9635E+18;Thu Sep 04 06:58:19 +0000 2025;4;Udah cemong aja Debu Jakarta gak cocok buat dia https://t.co/3trinlzmIC;1,9635E+18;https://pbs.twimg.com/media/Gz-99LIbIAAuPOf.jpg;;in;;0;2;0;https://x.com/undefined/status/1963496830651514958;1,39125E+18;
1,96307E+18;Wed Sep 03 02:30:38 +0000 2025;3;Aku tuh cuma pengen hidup sehari2 dgn udara yg bersih. Segini tuh udah effort menjauh dr jakarta sejak kecil anakku ternyata harus asma terus tiap malam udah hampir 3 bulan. Takut bgt kejadian aku pas kecil keulang di kk.;1,96307E+18;;;in;;0;2;0;https://x.com/undefined/status/1963067080171016540;347592468;
1,96289E+18;Tue Sep 02 15:42:21 +0000 2025;5;@yusuf_dumdum Ga ada potongan sering terpapar panas matahari dan debu jakarta. Dengan kata lain bukan pengaspal sejati;1,9629E+18;;yusuf_dumdum;in;;0;1;0;https://x.com/undefined/status/1962903933124542868;43850892;
1,9627E+18;Tue Sep 02 02:13:45 +0000 2025;53;Markas Gegana Polda Metro Jaya di kawasan Salemba Jakarta Pusat terbakar pada Minggu (31/8) sore. Polisi menduga kebakaran ini dipicu aksi sengaja sekelompok orang. Kasubbid Penmas Bidhumas Polda Metro Jaya AKBP Reonald Simanjuntak menjelaskan awalnya beberapa orang masuk ke https://t.co/je36edkPA3;1,9627E+18;https://pbs.twimg.com/media/GzzppX4a0AADPMN.jpg;;in;;11;47;17;https://x.com/undefined/status/1962700441978069218;7,59693E+17;
1,9566E+18;Mon Sep 01 13:09:56 +0000 2025;2;ㅤㅤ `Sigaret menggantung di ujung jemari dengan asap yang pudar terbawa anila. Barometer kecepatan membawa raganya pada adrenalin yang mengalir menyusuri aspal jalan raya Jakarta. Menghancurkan batas maksimal kecepatan berkendara. ㅤㅤ https://t.co/r56NGybM6s;1,9625E+18;https://pbs.twimg.com/media/Gzw2PlUaYAAJWu8.jpg;Letdaburn;in;;0;0;0;https://x.com/undefined/status/1962503187509956635;7,36765E+17;
1,96239E+18;Mon Sep 01 05:32:24 +0000 2025;3;Indonesia tengah berada di tepi jurang. Jakarta Bandung Surabaya Makassar Malang Pontianak dan masih sangat banyak kota di seluruh negeri diselimuti asap gas air mata kebakaran darah rakyat yang kembali tumpah serta nyawa anak bangsa yang melayang sia-sia.;1,96239E+18;;pekerjakampus;in;;0;1;0;https://x.com/undefined/status/1962388047892451792;1,66421E+18;
1,96231E+18;Mon Sep 01 01:04:33 +0000 2025;98;@NenkMonica Muka ojol Jakarta pada kinclong gituh. Padahal jalanan di Jakarta penuh asap dan debu.;1,96232E+18;;NenkMonica;in;;0;1;9;https://x.com/undefined/status/1962320638812790858;68353180;
1,96218E+18;Sun Aug 31 15:46:34 +0000 2025;43;Kcg! Hi i need ur help. Ada orang buang kitten tanpa induk di dpn rumah sender. Aku gatega bgt mau nelantarin tp aku gabisa urus krn kondisi kesehatanku (asma) &amp sering kerja keluar kota juga bagi yang mau adopt atau yg tau shelter kucing di Jakarta pls let me know https://t.co/qiZnOXpoff;1,96218E+18;https://pbs.twimg.com/media/GzsQgdvbkAAkSbn.jpg;;in;;0;7;28;https://x.com/undefined/status/1962180219525316999;243647729;
1,96216E+18;Sun Aug 31 14:40:00 +0000 2025;3;Kebakaran melanda bangunan kantor Gegana di Kramat Senen Jakarta Pusat. Kepulan asap putih terlihat masih membumbung ke atas. https://t.co/hDL5Cs7XjM;1,96216E+18;;;in;;0;2;1;https://x.com/undefined/status/1962163467559059733;69183155;
1,96212E+18;Sun Aug 31 11:44:56 +0000 2025;4;Malari 1974: Dari Kerusuhan Jalanan Menjadi Strategi Kekuasaan Soeharto Awal 1974 Jakarta dipenuhi keresahan. Mahasiswa di berbagai kampus menumpuk kekecewaan: korupsi merajalela ekonomi makin bergantung pada modal asing dan pejabat dekat kekuasaan menikmati privilese.;1,96212E+18;;;in;;0;0;0;https://x.com/undefined/status/1962119409771663578;1,81613E+18;
1,96211E+18;Sun Aug 31 11:21:16 +0000 2025;15;Kebakaran melanda bangunan kantor Gegana di Kramat Senen Jakarta Pusat. Kepulan asap putih terlihat masih membumbung ke atas. https://t.co/rXYdpH3GM1;1,96211E+18;;;in;;6;9;0;https://x.com/undefined/status/1962113452413215105;69183155;
1,96211E+18;Sun Aug 31 11:15:50 +0000 2025;17;Kebakaran melanda Gedung Markas Gegana di Jalan Kramat Raya Jakarta Pusat pada Minggu (31/8/2025) sore sekitar pukul 16.30 WIB. Api dilaporkan berasal dari area yang diduga merupakan gudang penyimpanan peralatan milik Gegana Polri. Sejumlah mobil pemadam dari Sudin Gulkarmat https://t.co/qQ65LSo2OF;1,96211E+18;https://pbs.twimg.com/amplify_video_thumb/1962111395845287938/img/fYRffWAaLobsvnIt.jpg;;in;;1;1;4;https://x.com/undefined/status/1962112085707608420;502140136;
1,96211E+18;Sun Aug 31 11:15:44 +0000 2025;23;Gedung markas Gegana di Jalan Kramat Raya Senen Jakarta Pusat kembali terbakar pada Minggu (31/8/2025) sore. Kepulan asap hitam membumbung tinggi update terkini sudah ada petugas Damkar di lokasi. Belum diketahui secara pasti penyebab https://t.co/qJicyKshRF;1,96211E+18;https://pbs.twimg.com/ext_tw_video_thumb/1962112015541166080/pu/img/H9h9Oh4Sft8-bjsa.jpg;;in;;1;1;11;https://x.com/undefined/status/1962112061510685052;1,35114E+18;
1,96211E+18;Sun Aug 31 11:01:46 +0000 2025;7;Kantor Gegana Korps Brimob Polri di Jalan Kramat Raya Senen Jakarta Pusat kebakaran Minggu 31 Agustus 2025 sore. Kobaran api muncul dari salah satu bagian di gedung utama. Pantauan di lokasi terlihat kepulan asap hitam yang mengepul di udara. Berdasarkan keterangan warga https://t.co/BNeNv3mOaY;1,96211E+18;https://pbs.twimg.com/media/GzrPUjTW4AAZe3R.jpg;;in;;1;2;8;https://x.com/undefined/status/1962108545949671655;47596019;
1,96209E+18;Sun Aug 31 09:48:42 +0000 2025;1399;16.48: Situasi di kawasan Matraman Jakarta Timur terlihat kepulan asap tebal para pengendara roda dua maupun roda empat diberi imbauan untuk putar balik. (P. Ali) #InfoLalinElshinta https://t.co/AKQJ7deL7m;1,96209E+18;https://pbs.twimg.com/amplify_video_thumb/1962090111384137728/img/07o6-VLhcMqlSNIt.jpg;;in;;254;120;672;https://x.com/undefined/status/1962090158486081728;121640063;
1,96187E+18;Sat Aug 30 19:17:19 +0000 2025;5;Ketika Rakyat Dianggap Musuh Kalau suara rakyat dibalas dengan gas air mata dan peluru lalu demokrasi itu tinggal nama. Malam ini Jakarta jadi saksi kegilaan negeri ini. Jalanan dipenuhi jeritan asap dan darah. Mereka yang hanya ingin didengar justru diperlukan https://t.co/PmtcgpjJxh;1,96187E+18;https://pbs.twimg.com/ext_tw_video_thumb/1961870810169364480/pu/img/eUuFwLRu-WvgZGZT.jpg;;in;;0;1;2;https://x.com/undefined/status/1961870867870470434;1,75521E+18;
1,96176E+18;Sat Aug 30 16:54:03 +0000 2025;812;@ultras_antifaa HELP!!! In Kwitang Kemayoran Senayan all hotspots in Jakarta the police has used real bullets to go against its people!! PLEASE SHARE THIS INFORMATION ASAP! @ultras_antifaa video by: @jwekwevoo https://t.co/DdS3uodnZr;1,96183E+18;https://pbs.twimg.com/amplify_video_thumb/1961834695370653696/img/k4CuyEo0IsGlb7Rz.jpg;ultras_antifaa;en;;17;8;287;https://x.com/undefined/status/1961834813436178813;1,12906E+18;
1,96183E+18;Sat Aug 30 16:21:45 +0000 2025;25;Situasi di sekitar Mako Brimob Kwitang Jakarta Pusat gelap gulita Sabtu malam setelah bentrokan antara massa aksi dan aparat polisi terus berlanjut. Hingga pukul 21.00 WIB massa melempari polisi dengan botol batu petasan dan kembang api. Aparat merespons dengan tembakan https://t.co/RqhqQRxd2t;1,96183E+18;https://pbs.twimg.com/media/GznO-KnbwAAnoTH.jpg;;in;;0;1;10;https://x.com/undefined/status/1961826686498193411;7,86549E+17;
1,96179E+18;Sat Aug 30 13:39:46 +0000 2025;110;️ APARAT GUNAKAN GAS AIR MATA KEDALUWARSA DI AKSI MAKO BRIMOB KWITANG Sabtu (30/8) Jurnalis https://t.co/PJCryzPTwc Luthfi Maulana Adhari menemukan 7 jenis tabung gas air mata bekas yang dipakai polisi dalam aksi Kamis (28/8) dan Jumat (29/9) di Kwitang Jakarta Pusat. https://t.co/LLyYfumH8d;1,96179E+18;https://pbs.twimg.com/media/Gzmp413bQAA-swH.jpg;;in;;0;2;118;https://x.com/undefined/status/1961785922485432597;1,26983E+18;
1,96178E+18;Sat Aug 30 13:21:32 +0000 2025;3;Aksi massa yang mengaku sebagai bentuk solidaritas atas tewasnya seorang pengemudi ojek online (ojol) di Jakarta berubah menjadi anarkis di Kabupaten Cirebon Sabtu siang (30/8/2025) siang. Massa yang sebelumnya melempari Mapolresta Cirebon dengan batu dan kayu kembali https://t.co/CpkhH6orYD;1,96178E+18;https://pbs.twimg.com/amplify_video_thumb/1961781175242121216/img/hL2HeyH-jLvJCzAJ.jpg;;in;;0;2;0;https://x.com/undefined/status/1961781333094777016;231355136;
1,96169E+18;Sat Aug 30 07:22:00 +0000 2025;17;Halte Polda Metro Jaya Jakarta tampak hangus terbakar dengan kondisi kaca pecah puing berserakan serta bagian atap yang menghitam usai insiden pada Jumat (29/8) malam. Petugas kebersihan bersama personel militer terlihat membersihkan lokasi pada Sabtu (30/8) pagi meski asap https://t.co/DnWyMbScUf;1,96169E+18;https://pbs.twimg.com/media/GzlTWw9b0AAgz5O.jpg;;in;;1;4;4;https://x.com/undefined/status/1961690854118260915;55507370;
1,96162E+18;Sat Aug 30 02:26:48 +0000 2025;3;situasi genting di Jakarta rasanya gue mau pulang. Tahun 98 gue cuma bs diem ketakutan depan rumah ditembak gas air mata. Emak gue hamil kami hampir mati. Rasanya sesak perih dan kami ga bs liat apapun karena asap...;1,96162E+18;;;in;;0;1;0;https://x.com/undefined/status/1961616561577627829;1,11738E+18;
1,9616E+18;Sat Aug 30 01:10:00 +0000 2025;7;#Terpopuler Aksi demo di Jakarta berujung penggunaan gas air mata. Dokter menjelaskan dampak gas ini pada pernapasan mata dan kulit serta risiko bagi penderita asma. https://t.co/kPefS9kvAO;1,9616E+18;;;in;;0;1;6;https://x.com/undefined/status/1961597235755458859;69183155;
1,96146E+18;Fri Aug 29 16:08:19 +0000 2025;164;Halte Transjakarta di kawasan Senen dan depan Polda Metro Jaya dibakar massa pada Jumat (29/8) malam. Kobaran api tampak besar dengan asap hitam membubung tinggi. Kepala Departemen CSR dan Humas Transjakarta Ayu Wardhani membenarkan peristiwa ini dan menyayangkan aksi perusakan https://t.co/JRcwpOdo8c;1,96146E+18;https://pbs.twimg.com/amplify_video_thumb/1961450492502183937/img/GSjeVrgTYjv1brXD.jpg;;in;;11;16;64;https://x.com/undefined/status/1961460918082211956;7,59693E+17;
1,96142E+18;Fri Aug 29 13:35:33 +0000 2025;114;Sebanyak 7 anggota Brimob Polda Metro Jaya ditahan setelah rantis yang mereka operasikan menewaskan Affan Kurniawan seorang pengemudi ojol di kawasan Pejompongan Jakarta Pusat Kamis (28/8/2025). Saat proses pemeriksaan salah satu anggota yang merupakan pengemudi rantis https://t.co/qakZVevohI;1,96142E+18;https://pbs.twimg.com/amplify_video_thumb/1961421929086418944/img/QU3A5g3PYlp7OQSP.jpg;;in;;43;67;36;https://x.com/undefined/status/1961422470407410084;71436318;
1,96139E+18;Fri Aug 29 11:28:03 +0000 2025;9;Gw lewat gasibu ½ jam yg lalu dan merinding bgt. Suasananya lebih gelap &amp dingin dari biasanya. Kobaran api kelihatan makin besar. Waktu berhenti dulu terusan Jakarta asap pekat kelihatan membumbung dari sekitaran kantor pemerintahan.;1,96139E+18;;;in;;0;0;1;https://x.com/undefined/status/1961390384040612303;1,20839E+18;
1,96139E+18;Fri Aug 29 11:13:36 +0000 2025;4;Personel Brimob Polda Metro Jaya membubarkan ratusan massa aksi di gerbang Mako Brimob Kwitang Jakarta Pusat Jumat dengan tembakan gas air mata. Tembakan gas air mata dilepaskan sekitar pukul 15.45 WIB dan sontak membuat ratusan peserta unjuk rasa tersebut berlari akibat https://t.co/t5mi05bGSI;1,96139E+18;https://pbs.twimg.com/media/Gzg-Xf2akAAhHK-.jpg;;in;;0;0;3;https://x.com/undefined/status/1961386747486769337;7,86549E+17;
1,96138E+18;Fri Aug 29 10:54:53 +0000 2025;2487;Kericuhan imbas aksi unjuk rasa di sekitar Markas Brimob Kwitang Jakarta Pusat terus memanas hingga berujung pada aksi penjarahan di sejumlah ruko di kawasan tersebut. Sebuah gedung perkantoran tak jauh dari Mako Brimob Kwitang mengeluarkan asap hitam di tengah berkecamuknya https://t.co/GLTYFigm2S;1,96138E+18;https://pbs.twimg.com/amplify_video_thumb/1961381651973623808/img/FGvYyQ12lijQkAs6.jpg;;in;;577;514;964;https://x.com/undefined/status/1961382040873701433;46693036;
1,96138E+18;Fri Aug 29 10:51:56 +0000 2025;962;Sebuah gedung di Jalan Kramat Kwitang Jakarta Pusat rusak dan terbakar saat demo massa Jumat (29/8). Asap hitam membubung tinggi sementara orang di dalam gedung berusaha menyelamatkan diri. Bahkan ada yang nekat turun dari lantai atas dengan kain yang dililit jadi tali. https://t.co/J4R5uHTGF0;1,96138E+18;https://pbs.twimg.com/amplify_video_thumb/1961381130529378307/img/6-u0HWeWIGTz7PZb.jpg;;in;;163;204;417;https://x.com/undefined/status/1961381297974308946;7,59693E+17;
1,96136E+18;Fri Aug 29 09:17:11 +0000 2025;2;Massa aksi demo yang semula berkumpul bersama sebagian warga di depan markas Brimob Kwitang Jakarta Pusat terpencar ke berbagai arah akibat tembakan gas air mata. Asap gas air mata yang menyebar di sekitar lokasi membuat banyak pengunjuk rasa mengalami iritasi mata dan https://t.co/TnpEbliFKt;1,96136E+18;https://pbs.twimg.com/media/Gzgj4-lbkAAq-e7.jpg;;in;;0;0;3;https://x.com/undefined/status/1961357453750407541;7,86549E+17;
1,96135E+18;Fri Aug 29 08:38:41 +0000 2025;1243;Sekitar pukul 15.00 WIB (29/8) polisi menembakkan gas air mata dari dalam Mako Brimob Kwitang Jakarta Pusat. Massa lalu berlarian panik menghindari gas air mata. BBC News Indonesia melihat banyak massa yang kemudian sesak napas dan batuk-batuk. https://t.co/XzyCZdl3Iy https://t.co/mztEw12A9U;1,96135E+18;https://pbs.twimg.com/amplify_video_thumb/1961347465774546944/img/zX3TUzlmLHw2Tq6e.jpg;;in;;29;31;551;https://x.com/undefined/status/1961347765268791787;23772644;
1,96132E+18;Fri Aug 29 06:46:54 +0000 2025;923;Kam bikin malu! @NataliusPigai2 Beda 1 hari! Di sorong Polisi tembak massa Aksi! Di Jakarta Polisi Lindas Massa Aksi. Kam diam deng ko pu cerutu itu! Kalau pu harga diri! Bgs ko mundur dari jabatan give away! Menteri HAM macam apa! Pelanggaran HAM di papua numpuk! Secara https://t.co/Yvgv2P3c6V;1,96132E+18;https://pbs.twimg.com/media/GzgA8_QbYAA24Ci.jpg;;in;;13;88;372;https://x.com/undefined/status/1961319632104821044;1,39517E+18;
1,9613E+18;Fri Aug 29 05:42:32 +0000 2025;2;Jakarta hari ini indah banget sih. Langit biru. Aslik cantik banget padahal berminggu2 bener kabut asap mendung semua. Tabebuya juga sudah mulai mekar. Affan sdh disolati dan diantar banyak orang di hari yang begitu cantik. Surga ya anak solih ️;1,9613E+18;;;in;;0;0;0;https://x.com/undefined/status/1961303433505341815;83742072;
1,96129E+18;Fri Aug 29 04:37:00 +0000 2025;12;Aksi demo di Jakarta berujung penggunaan gas air mata. Dokter menjelaskan dampak gas ini pada pernapasan mata dan kulit serta risiko bagi penderita asma. https://t.co/kPefS9kvAO;1,96129E+18;;;in;;0;0;1;https://x.com/undefined/status/1961286940923138182;69183155;
1,96129E+18;Fri Aug 29 04:35:00 +0000 2025;0;Aksi demo di Jakarta berujung penggunaan gas air mata. Dokter menjelaskan dampak gas ini pada pernapasan mata dan kulit serta risiko bagi penderita asma. https://t.co/VpTNdDkY3h;1,96129E+18;;;in;;1;1;1;https://x.com/undefined/status/1961286437933813773;104446991;
1,96128E+18;Fri Aug 29 03:51:11 +0000 2025;257;Kericuhan warga imbas demonstrasi serta tewasnya seorang pengemudi ojek online (ojol) pada Kamis (28/8/2025) semakin meluas hingga ke Jalan Raya Otto Iskandardinata (Otista) Jakarta Timur Jumat pagi (29/8/2025). Ratusan warga di Jatinegara terlibat bentrok dengan petugas https://t.co/fJOrKlEzWo;1,96128E+18;https://pbs.twimg.com/amplify_video_thumb/1961275308071686148/img/wLCVTskqMwkJSikR.jpg;;in;;3;9;83;https://x.com/undefined/status/1961275412769902893;46693036;
1,96126E+18;Fri Aug 29 02:50:13 +0000 2025;4; Jakarta Memanas Lagi! Hingga Jumat (29/8) pagi situasi ibu kota masih tegang. Dalam video amatir warga bentrokan kembali pecah di bawah flyover Senen arah Kwitang. Asap pekat terlihat mengepul di antara kerumunan massa menandakan kondisi di lapangan belum benar-benar https://t.co/kcws6yzkuC;1,96126E+18;https://pbs.twimg.com/amplify_video_thumb/1961259818054029313/img/_kEFMJV7emuWoo1H.jpg;;in;;0;0;0;https://x.com/undefined/status/1961260069729034646;3177962862;
1,96125E+18;Fri Aug 29 01:51:57 +0000 2025;492;Sejumlah massa masih bertahan di sekitar Mako Brimob Polda Metro Jaya Kwitang Jakarta Pusat Jumat (29/8) pagi. Pantauan pada pukul 06.45 WIB bekas tembakan gas air mata masih terasa pekat di udara. Arus lalu lintas di Jalan Kwitang arah Senayan Tanah Abang juga belum bisa https://t.co/HMkeNOpApv;1,96125E+18;https://pbs.twimg.com/amplify_video_thumb/1961245279702888448/img/tnVKZrSBvFddrpZf.jpg;;in;;7;20;195;https://x.com/undefined/status/1961245405376909655;7,59693E+17;
1,96121E+18;Thu Aug 28 23:17:34 +0000 2025;6;Aksi demo 28 Agustus 2025 di sekitar Gedung DPR RI Senayan Jakarta berlangsung ricuh. Bahkan ribuan massa dari pengemudi ojek online (ojol) dan warga masih bertahan di kawasan Mako Brimob Kwitang hingga Jumat (29/8) dini hari meskipun beberapa kali kali telah dihalau https://t.co/yrqMBvQHaO;1,96121E+18;https://pbs.twimg.com/media/Gzea7rAbkAAXVq_.jpg;;in;;0;0;3;https://x.com/undefined/status/1961206554579103848;79130206;
1,96113E+18;Thu Aug 28 18:28:22 +0000 2025;856;Kerusuhan yang terjadi di depan Markas Komando (Mako) Brimob Polda Metro Jaya di Jalan Usman Harun Jakarta Pusat Jumat (29/8) dini hari semakin memanas. Mobil yang terparkir tepat di seberang markas itu dibakar. Pantauan kumparan api terlihat di salah satu mobil yang diparkir https://t.co/5CNGMG57TS;1,96113E+18;https://pbs.twimg.com/amplify_video_thumb/1961133675019743232/img/_kS7aclKsZXrV2Kj.jpg;;in;;13;31;338;https://x.com/undefined/status/1961133775674642443;7,59693E+17;
1,96102E+18;Thu Aug 28 10:59:26 +0000 2025;0;Demo massa mahasiswa di Gedung DPR/MPR Senayan Jakarta Pusat ricuh. Aparat kepolisian memukul mundur dengan water canon atau meriam air dan gas air mata ke arah Senayan Park atau Stadion Utama Gelora Bung Karno (SUGBK) pada Kamis (28/8/2025) sore. Pantauan SindoNews di lokasi https://t.co/JTBZTmdtB1;1,96102E+18;https://pbs.twimg.com/amplify_video_thumb/1961020645665615872/img/9W6qsUgtgnG02u_Q.jpg;;in;;0;0;3;https://x.com/undefined/status/1961020796698235242;231355136;
1,96095E+18;Thu Aug 28 06:27:31 +0000 2025;1;Looking to gain real-world experience and contribute to Indonesia s green mobility? Join GreenSM Indonesia as a Vehicle Registration Intern and jumpstart your career with us! ️ What You'll Do: - Manage and assist with the vehicle registration process - Maintain accurate records;1,96095E+18;;;en;;0;0;0;https://x.com/undefined/status/1960952365202465128;607941256;
1,96091E+18;Thu Aug 28 03:28:16 +0000 2025;8;MOOTIES HOW TO CLEAN YOUR PLUSHIES?!! hyein udh dekil bgt kena debu jakarta dan butuh mandi https://t.co/JxIeKZLsWj;1,96091E+18;https://pbs.twimg.com/media/GzaKfgxa4AApmkp.jpg;;in;;0;5;0;https://x.com/undefined/status/1960907255509082145;1,65108E+18;
1,96071E+18;Wed Aug 27 16:28:25 +0000 2025;4;@TWICE_TOUR_ @JYPETWICE Do ur job and add 2nd date @jypnation Also add Jakarta and KL dates asap;1,96074E+18;;TWICE_TOUR_;en;;0;0;0;https://x.com/undefined/status/1960741200526545229;1,50026E+18;
1,9606E+18;Wed Aug 27 06:59:19 +0000 2025;3;Judika Terpapar Gas Air Mata Saat Main Bola di Senayan Penyanyi Judika Sihotang terpapar gas air mata saat bermain sepak bola di Lapangan C Senayan Jakarta Senin (25/8/2025). Gas air mata itu berasal dari aksi demonstrasi di sekitar Gedung DPR/MPR yang berakhir ricuh. Dalam https://t.co/9lY0OaYBSU;1,9606E+18;https://pbs.twimg.com/amplify_video_thumb/1960597567970140161/img/FA63ILlTMVkIVC5E.jpg;;in;;0;0;2;https://x.com/undefined/status/1960597981801144810;1,71432E+18;
1,9599E+18;Mon Aug 25 18:05:07 +0000 2025;1;@KompasData https://t.co/M67gHmSnLV Udara pagi hari jelas saja buruk berpolusi Tinggi karena disebabkan oleh asap bakar sampah asap pabrik yang dengan sengaja dihasilkan pada waktu tengah malam hingga pagi hari. Inilah sumber polusi udara utama di Jakarta;1,96004E+18;;KompasData;in;;0;0;0;https://x.com/undefined/status/1960040758754656523;1,88109E+18;
1,96002E+18;Mon Aug 25 16:31:30 +0000 2025;40;Malam ini 12 tahun lalu Metallica kembali membakar Jakarta. Bedanya kali ini tanpa api asap dan korban luka-luka. Hanya koor massal nyaris di sepanjang set dari +60 ribu penonton yang histeria berkumpul bersama dari berbagai belahan Nusantara. Baca: https://t.co/z2LqsropNy https://t.co/mc0NkfRTWy;1,96002E+18;https://pbs.twimg.com/media/GzNhO22asAA4FBw.jpg;;in;;3;7;16;https://x.com/undefined/status/1960017198803828781;33495669;
1,95997E+18;Mon Aug 25 13:17:03 +0000 2025;0;STAYC resmi menutup rangkaian tur Asia mereka yang bertajuk 2025 STAYC WORLD TOUR [STAY TUNED] . Selama dua bulan sejak Juni lalu grup ini telah menyapa penggemar di delapan kota besar termasuk Osaka Tokyo Jakarta Bangkok Hong Kong Singapura dan Taipei. Tur kali ini https://t.co/wOMhOpzF99;1,95997E+18;https://pbs.twimg.com/media/GzM0vsLaUAA29qO.jpg;;in;;0;1;0;https://x.com/undefined/status/1959968265209626787;430845087;
1,95991E+18;Mon Aug 25 09:14:29 +0000 2025;23;Kilas balik tentang Penjelasan Pasal 115 Ayat (1) UU Nomor 36 Tahun 2009 tentang Kesehatan yang awalnya menyatakan bahwa tempat kerja tempat umum dan tempat lain yang ditetapkan dapat menyediakan tempat khusus untuk merokok. Mahkamah Konstitusi (MK) memutuskan bahwa kata https://t.co/4ETjecxovk;1,95991E+18;https://pbs.twimg.com/media/GzL9OeYbcAA4eMU.jpg;;in;;1;2;6;https://x.com/undefined/status/1959907222554853788;455508743;
1,95988E+18;Mon Aug 25 07:40:55 +0000 2025;17;ASAP Genshin Sumeru Boys Wardrobe bersih ina sisa ongkir jakarta Last DP : 29 agustus Lagi sale cuma baju ini doang (jangan tanya yang lain) https://t.co/GxoXCTq4O7;1,95988E+18;https://pbs.twimg.com/media/GzLnz15bwAEncXG.jpg;;in;;3;0;1;https://x.com/undefined/status/1959883673337282685;1,54144E+18;
1,95964E+18;Sun Aug 24 15:37:23 +0000 2025;24;Guys terima kasih banyak atas antusiasmenya di postingan kaosku yg sebelumnya huhu terharu rame bgt NANTI AKU OPEN PO OKKKK!!!! AKU UPDATE ASAP!!! Sekarang aku lagi packing freebies SS10 Jakarta dulu dan bingung woyyy gimana ini bawanyaaaaa https://t.co/Gg1HuKVVVU;1,95964E+18;https://pbs.twimg.com/media/GzILRhVagAENJPC.jpg;;in;;1;8;12;https://x.com/undefined/status/1959641193484099585;158609310;
1,95951E+18;Sun Aug 24 06:36:30 +0000 2025;33;In the middle of everything. Literally. Lagi juggling antara training proposal dan klien. Kepala udah penuh jadwal nyaris tanpa jeda. Setiap hari 7 am sampai 7/8/9 malam And suddenly gw sadar. Gw butuh waktu. Bukan liburan ke Bali atau staycation fancy yet. Cukup jalan;1,95951E+18;;;in;;1;5;0;https://x.com/undefined/status/1959505073614311523;1,6954E+18;
1,95931E+18;Sat Aug 23 17:42:09 +0000 2025;2;Kenapa gue gk pernah tiba² liat Renjun kek begini yak?? Padahal gue amat sangat mencintai beliau rasa ingin gue bawa ke jakarta terus tinggal di cilincing eh tapi jangan deh. Cilincing banyak debu ih. Gk cocok buat Renjun yang cantik itu makasih ya btw mbak grace ;1,95931E+18;;;in;;0;0;0;https://x.com/undefined/status/1959310206006890712;1,7203E+18;
1,95924E+18;Sat Aug 23 13:12:00 +0000 2025;1;Asap Tebal Menggumpal di Proyek MRT Jakarta Apa Penyebabnya? https://t.co/PM1FeFhOuB;1,95924E+18;;;in;;0;1;0;https://x.com/undefined/status/1959242219593810323;2392460208;
1,95923E+18;Sat Aug 23 12:28:52 +0000 2025;217;Ibu hamil di Jakarta nggak cuma mikirin biaya lahiran tapi juga was-was soal nyawa anaknya di udara kotor. Polusi udara tuh nyuri hak hidup semua orang! Belum lagi asap rokok di rumah atau tempat umum nambahin racun yang bikin paru-paru bayi &amp janin makin rentan. ;1,95923E+18;;;in;;1;1;99;https://x.com/undefined/status/1959231364978671937;224971088;
1,95917E+18;Sat Aug 23 08:22:54 +0000 2025;1;ngejar whoosh jam 15.25 gue berangkat dr kemang 40 menit sblm jadwal whoosh BAYANGIN WAKAKAKAK mana pake goride trs pake skort sm vest menerjang panas dan debu jakarta;1,95917E+18;;;in;;0;1;0;https://x.com/undefined/status/1959169463380857157;1,72834E+18;
1,95891E+18;Fri Aug 22 15:09:04 +0000 2025;5; Wheat 2025/26: Bumper Harvests Ruthless Rivals ️ The new global wheat campaign opens with record supplies aggressive pricing and a tug-of-war for buyers from Cairo to Jakarta. 🇫🇷 France is back with a 32+ MMT harvest but can it win buyers? 🇷🇺 russia floods the market https://t.co/fgtkqcPdUV;1,95891E+18;https://pbs.twimg.com/media/Gy9xnWvWsAAB0Zg.jpg;;en;;0;1;1;https://x.com/undefined/status/1958909291714232580;1,77264E+18;
1,95888E+18;Fri Aug 22 13:20:27 +0000 2025;32;URGENTLY HIRING !! PT. Swakarya Insan Mandiri (SIMGROUP) sedang membutuhkan Process Safety Specialist penempatan di perusahaan Oil and Gas : Placement : Jakarta Selatan Expect Join : ASAP;1,95888E+18;;;in;;0;1;7;https://x.com/undefined/status/1958881956298727738;1,85078E+18;
1,95882E+18;Fri Aug 22 09:03:22 +0000 2025;80;Ok coba Saya ulas apa saja narasi hoax dalam vt tersebut dengan menggunakan data kredibel Per 21 Agustus 2025 dari Badan Geologi / PVMBG MAGMA Indonesia. Bapak di video memang banyak membuat vt berbau hoax dan disinformasi yang disengaja dalam akunnya salah satu video https://t.co/QfyF1g8SGo;1,95882E+18;https://pbs.twimg.com/media/Gy8d6L7awAA4IcB.jpg;;in;;4;4;58;https://x.com/undefined/status/1958817259264385413;3165540462;
1,95848E+18;Thu Aug 21 10:44:46 +0000 2025;7;Anggota Komisi VI DPR RI Nasim Khan mengusulkan PT Kereta Api Indonesia (KAI) agar kembali menyediakan gerbong khusus merokok pada perjalanan jarak jauh. Usulan ini disampaikannya dalam rapat dengar pendapat bersama Direktur Utama KAI Bobby Rasyidin di DPR Jakarta https://t.co/lY6pcY1Tcx;1,95848E+18;https://pbs.twimg.com/amplify_video_thumb/1958480001290125312/img/6wQpiGqzIu9DZitP.jpg;;in;;2;20;3;https://x.com/undefined/status/1958480391888625686;121640063;
1,95847E+18;Thu Aug 21 09:49:43 +0000 2025;28;Usulan itu disampaikan Anggota Komisi VI DPR RI Nasim Khan dalam rapat dengar pendapat dengan Direktur Utama Kereta Api Indonesia (Persero) atau KAI Bobby Rasyidin di Kompleks Parlemen Senayan Jakarta Rabu (20/8/2025). Ia bilang gerbong serupa pernah ada tapi kemudian https://t.co/sq8H3Td0cw;1,95847E+18;https://pbs.twimg.com/amplify_video_thumb/1958466419789799424/img/jDionGHN_kjngkpi.jpg;;in;;3;32;3;https://x.com/undefined/status/1958466538438365379;1,15836E+18;
1,9584E+18;Thu Aug 21 05:44:51 +0000 2025;2;open jastip pop up store boynextdoor gandaria city no fee fullpay only (will refund asap if the item sold out) packing + adm shopee visit on 25/08 (day 1) shipping from jakarta barat group dm ;1,9584E+18;;;en;;0;0;1;https://x.com/undefined/status/1958404913421300089;1,88475E+18;
1,9584E+18;Thu Aug 21 05:23:35 +0000 2025;3;Tampak asap hitam membubung tinggi di perumahan di kawasan Kampung Melayu Barat Tebet Jakarta Selatan. Belum diketahui penyebabnya #pasangmata #kebakaran #Jakarta https://t.co/Lu5F1g1g2z https://t.co/bumS0NzI62;1,9584E+18;https://pbs.twimg.com/ext_tw_video_thumb/1958399499141103616/pu/img/_9IpwPQ0DK2r4qKF.jpg;;in;;1;0;1;https://x.com/undefined/status/1958399560335974514;2232398486;
1,95833E+18;Thu Aug 21 00:45:40 +0000 2025;21;Hanya untuk membayangkannya saja sungguh sangat mengerikan bagaimana mereka terjebak dalam asap dan api benar benar sejarah kelam entahlah...masih saja kebodohan dan kemiskinan dijadikan alat untuk kepentingan mereka yang punya ambisi. Who is them ( Provokator ) Sc. https://t.co/sCn7hMhgWv;1,95833E+18;https://pbs.twimg.com/ext_tw_video_thumb/1958329531695329280/pu/img/YzrqfC5s9bkRyv7r.jpg;;in;;0;3;8;https://x.com/undefined/status/1958329623760290213;1,54172E+18;
1,95816E+18;Wed Aug 20 13:15:23 +0000 2025;19; : ෆ・┈・┈・┈・┈・⊹*:ꔫ:*⊹・┈・┈・┈・┈・ෆ : ↬⋆˚ freebies the dream show in jakarta˚⋆↫ ⠀⠀⠀ by @chilloly sept 28th day 2 (JIS) limited qty sneak peek uploaded asap rt &amp like are appreciated see you there cuties! https://t.co/2tZZszdB2f;1,95816E+18;https://pbs.twimg.com/media/GyzEYGsacAAutvW.jpg;;en;;1;4;17;https://x.com/undefined/status/1958155906920886737;1,13298E+18;
1,95808E+18;Wed Aug 20 07:58:55 +0000 2025;2;Sebuah unit apartemen di Apartemen City Park Cengkareng Jakarta Barat terbakar pada Selasa (19/8) malam. Peristiwa yang diduga dipicu oleh kebocoran tabung gas ini mengakibatkan proses evakuasi yang dramatis di mana delapan korban berhasil diselamatkan. Dalam insiden https://t.co/ux27At55QU;1,95808E+18;https://pbs.twimg.com/amplify_video_thumb/1958076085012426752/img/q-BDr-A11LbA2eEf.jpg;;in;;0;1;1;https://x.com/undefined/status/1958076264478306343;57261519;
1,958E+18;Wed Aug 20 03:00:42 +0000 2025;8;@worksfess halo aku lagi open loker untuk posisi legal staff preferably experienced 1-2 years kantor di jakarta selatan (sudirman) ya available to join ASAP kalo berminat bisa dm aku yaa;1,958E+18;;worksfess;in;;0;7;0;https://x.com/undefined/status/1958001217642418301;1,70141E+18;
1,95781E+18;Tue Aug 19 14:01:53 +0000 2025;0;kebakaran terjadi di Apartemen City Park yang berlokasi di Cengkareng Timur Cengkareng Jakarta Barat pada Selasa (19/8/2025) sekitar pukul 18.02 WIB. Dalam rekaman video amatir yang beredar tampak asap hitam tebal mengepul tinggi dari bangunan apartemen. Tak hanya itu https://t.co/MNkb6DLgaF;1,95781E+18;https://pbs.twimg.com/amplify_video_thumb/1957805018998009856/img/UBRI8IDlw4le8CRr.jpg;;in;;0;0;0;https://x.com/undefined/status/1957805218625908743;57261519;
1,9578E+18;Tue Aug 19 13:29:05 +0000 2025;1;Setelah itu pada pukul 19.36 WIB sebanyak 22 unit gabungan (16 Jakarta Barat 2 Jakarta Pusat dan 4 Dinas Gulkarmat) serta 110 melakukan pendinginan untuk mengurai material yang mudah terbakar agar tidak menyisakan api maupun asap.;1,9578E+18;;humasjakfire;in;;0;1;0;https://x.com/undefined/status/1957796967540748616;555862521;
1,95777E+18;Tue Aug 19 12:00:43 +0000 2025;4;Kebakaran terjadi di Jakarta Barat asap hitam membubung tinggi Belum ada informasi soal penyebab kebakaran. Petugas pemadam kebakaran telah tiba di lokasi. https://t.co/18Z2UwOeXp;1,95777E+18;https://pbs.twimg.com/amplify_video_thumb/1957774591302201344/img/vZ4okDygc-tZe8np.jpg;;in;;0;0;1;https://x.com/undefined/status/1957774726392345031;69183155;
1,95777E+18;Tue Aug 19 11:48:02 +0000 2025;4;Kebakaran terjadi di salah satu apartemen di Jalan Kapuk Cengkareng Jakarta Barat. Api dan asap hitam terlihat muncul dari salah satu unit apartemen. https://t.co/fWFJOWtUcf;1,95777E+18;;;in;;1;2;2;https://x.com/undefined/status/1957771534631882948;69183155;
1,95713E+18;Mon Aug 18 11:46:21 +0000 2025;6;@Yoimiyea yea lucky if you're in jakarta. if you're in semarang (and other cities in/around java) you'll know that sometimes transum sucks. mogokan asap hitam jalan deket halte bolong2 rute muter-muter as roda patah gaada jalur khusus ugal ugalan️;1,95741E+18;;Yoimiyea;en;;0;0;1;https://x.com/undefined/status/1957408724542529960;1,2768E+18;
1,95704E+18;Sun Aug 17 11:38:13 +0000 2025;299;THE DREAM SHOW 4 JAKARTA FREEBIES by @cutesydongren JIS Day 2 (Sept 28th) No trade online so sorry :( ⭐️ OTS trade is ok! First come first get ️ Exact location TBA Preview will be uploaded ASAP! See you ! https://t.co/QuB5UX1ejh;1,95704E+18;https://pbs.twimg.com/media/GyjRZ27aQAEIHW3.jpg;;en;;20;30;195;https://x.com/undefined/status/1957044288027771129;1,8639E+18;
1,95698E+18;Sun Aug 17 07:21:27 +0000 2025;6;Salah satu atraksi yang paling ditunggu yaitu merah putih pass ketika jupiter aerobatic team membubuhkan jejak asap berwarna merah dan putih di langit biru Jakarta. Formasi ini menghadirkan visual bendera kebangsaan di udara seolah menegaskan kedaulatan Indonesia dari Sabang https://t.co/3APxQFRpd0;1,95698E+18;https://pbs.twimg.com/media/GyiWo4AbIAA7Rpr.jpg;KemensetnegRI;in;;0;3;2;https://x.com/undefined/status/1956979674246177005;3522129133;
1,95679E+18;Sat Aug 16 18:43:39 +0000 2025;3;Fakta yang jarang dibicarakan: ️Emas: Indonesia produsen No. 6 dunia. ️Batu Bara: Indonesia produsen No. 3 dunia. ️Nikel (untuk baterai EV): Indonesia No. 1 dunia. Dan lawan tanding kita bukan negara kecil. Kita bersaing langsung dengan Cina Amerika Serikat Australia https://t.co/bPKl7NwYTn;1,95679E+18;https://pbs.twimg.com/ext_tw_video_thumb/1956788891010445312/pu/img/28HJqQ8Bt-tVhbwX.jpg;;in;;1;0;2;https://x.com/undefined/status/1956788965891248193;1,3833E+18;
1,95669E+18;Sat Aug 16 11:54:17 +0000 2025;4;Dear K Please keep your promise to us! we ll be waiting for you guys to come back to Jakarta ASAP #K #andTEAM https://t.co/O7XT0fLpG3;1,95669E+18;https://pbs.twimg.com/amplify_video_thumb/1956685888689475584/img/PZM0X6WH6LtvZRG2.jpg;;en;;1;0;3;https://x.com/undefined/status/1956685944893194313;1,32386E+18;
1,95633E+18;Fri Aug 15 12:39:34 +0000 2025;1;Sakit batuk/pilek bisa jadi dari AC DINGIN DINGIN (Jasa Service dan Perawatan AC) Booking WhatsApp: 0811-1660-1651 Ib: cleaningdepartment_ #serviceac #cuciac #jakarta #airconditioner #fypシviral https://t.co/8HRGcQXzMi;1,95633E+18;https://pbs.twimg.com/ext_tw_video_thumb/1956334895002984448/pu/img/K0EkXVloPGEDEBfZ.jpg;;in;;0;0;0;https://x.com/undefined/status/1956334953576157290;1,86639E+18;
1,95595E+18;Thu Aug 14 11:04:22 +0000 2025;0;Di tengah lamanya proses pembahasan Raperda KTR Jakarta kesadaran warga akan pentingnya lingkungan bebas asap rokok justru terus tumbuh. #Metropolitan #AdadiKompas https://t.co/ny8wkqqJgC;1,95595E+18;;;in;;0;0;0;https://x.com/undefined/status/1955948608445984925;255866913;
1,95528E+18;Tue Aug 12 15:04:24 +0000 2025;11;@zakiberkata Jakarta gerahhh siang feels like 42° malam 26-28°. Humidity 90% sehingga makin terasa panas kayak dikukus. Polusi juga merah sesak napas batuk gak sembuh-sembuh. Apalagi kalau gak ada angin. Barusan hujan deras tapi tetap gerah. Thus tetap ;1,95528E+18;;zakiberkata;in;;1;0;1;https://x.com/undefined/status/1955284238372049402;1,2092E+18;
1,95524E+18;Tue Aug 12 12:26:00 +0000 2025;1;Belajar dari Masa Lalu BMKG: Sains dan Teknologi Kunci Penanganan Karhutla dan Asap Lintas Batas Jakarta 12 Agustus 2025 -- Kepala Badan Meteorologi Klimatologi dan Geofisika (BMKG) Dwikorita Karnawati menegaskan penerapan sains dan teknologi dalam operasi modifikasi cuaca https://t.co/P3C1RMIEVJ;1,95524E+18;https://pbs.twimg.com/media/GyJrql6bIAAkOsg.jpg;;in;;0;1;0;https://x.com/undefined/status/1955244375434465362;3063804174;
1,95517E+18;Tue Aug 12 07:31:26 +0000 2025;3;sorry kalo gue debu sini sleding pala gue. gue tunggu di jakarta ya fan far xixi;1,95517E+18;;;in;;0;3;0;https://x.com/undefined/status/1955170246480048607;145234721;
1,95483E+18;Mon Aug 11 10:03:07 +0000 2025;3;@companysoosoo_ Jakarta is ON FIRE but i have 1 thing to ask PLEASE ANNOUNCE SOLO FANDOM NAME ASAP WE NEED THAT TO SHOUT AT HIS SOLO ACTIVITY! Thank You;1,95485E+18;;companysoosoo_;en;;0;0;0;https://x.com/undefined/status/1954846031956574266;1,41916E+18;
1,95351E+18;Thu Aug 07 17:28:43 +0000 2025;9;realita jakarta: Pas ngelewatin rel kereta api td ada ank laki2 kecil umur 2th-an berkeliaran sndirian. Dy mungut box nasi bekas celingak celinguk tanpa alas kaki. Mungkin berbicara saja masih belum jelas tp harus mengais makanan di antara debu jalanan.;1,95351E+18;;;in;;0;1;0;https://x.com/undefined/status/1953508618982105336;515109536;
1,95344E+18;Thu Aug 07 12:56:33 +0000 2025;0;Bring your Belieber squad! ️ Saturday 9 August 2025 | 7 PM till late The Pelaga Lounge South Jakarta Karaoke Drinks Event Merch Lucky Draw! ️ RSVP NOW: https://t.co/je3AcHlc2w (ALL CAPS!) Tickets &amp tables super limited secure yours ASAP!;1,95344E+18;;justinbieberID;en;;0;0;0;https://x.com/undefined/status/1953440125997949023;160936710;
1,95332E+18;Thu Aug 07 05:11:26 +0000 2025;28;Mau jajan dikit cari barengan kalau ada yang mau ‍️ bersih ina sisa ongkir jakarta ASAP last dp : 13 agustus Pre-sale 120hari tidak termasuk shipping cn-id + redline https://t.co/CP9dPAfPpf;1,95332E+18;https://pbs.twimg.com/media/GxuY-ssagAA7_a3.jpg;;in;;2;1;6;https://x.com/undefined/status/1953323075161686485;1,54144E+18;
1,95311E+18;Wed Aug 06 15:01:36 +0000 2025;4;Setelah dari pegunungan yg asri sampe Jakarta langsung batuk pilek;1,95311E+18;;;in;;0;2;0;https://x.com/undefined/status/1953109205604286486;1,51343E+18;
1,95231E+18;Mon Aug 04 10:14:27 +0000 2025;4;Sebuah kebakaran hebat melanda toko komputer yang berada di lantai 5 gedung perkantoran sekaligus ruko elektronik di Mangga Dua Square Pademangan Jakarta Utara Senin (4/8). Kepulan asap tebal membumbung tinggi hingga membuat panik karyawan di pertokoan dan berhamburan keluar https://t.co/6DklHK9v1X;1,95231E+18;https://pbs.twimg.com/amplify_video_thumb/1952270598799048704/img/yXtcZ4zMYuGtCZPf.jpg;;in;;1;0;0;https://x.com/undefined/status/1952312165492305965;57261519;
1,95182E+18;Sun Aug 03 01:37:14 +0000 2025;5;Need Chen solo concert tour in Jakarta ASAP!!!! ;1,95182E+18;;;en;;0;0;3;https://x.com/undefined/status/1951819617841860784;9,07628E+17;
1,95164E+18;Sat Aug 02 16:12:37 +0000 2025;4;@blank0429 @UGMYogyakarta @suara_com @republikaonline @antaranews @CNNIndonesia @liputan6dotcom @okezonenews @TVRINasional @OfficialRCTI @Indosiar Dia dicintai dibenci wajar. Tapi Pembenci terus bertambah sejak di jakarta smp kini. Ga ada yg berontak itu ;1,95168E+18;;blank0429;in;;0;0;0;https://x.com/undefined/status/1951677525295616268;90579123;
1,95159E+18;Sat Aug 02 10:17:45 +0000 2025;3;We need Nectar stress version in Jakarta. ASAP @WayV_official;1,95159E+18;;;en;;0;0;0;https://x.com/undefined/status/1951588222477410559;1,25335E+18;
1,95157E+18;Sat Aug 02 09:17:39 +0000 2025;12;CRAZYYY CRAZZYYY BRUH ANNOUNCE THE JAKARTA STOP ASAP @WayV_official;1,95157E+18;;;en;;0;0;5;https://x.com/undefined/status/1951573099180425283;1,46793E+18;
1,95126E+18;Fri Aug 01 12:33:55 +0000 2025;10;tolong ya buat sobat sebat di sini ruang terbuka tuh BUKAN UNDANGAN buat bebas merokok. ruang terbuka PUBLIK itu milik SEMUA ORANG termasuk orang2 yang ngga tahan asap rokok. udara jakarta udah beracun gabutuh tambahan racun yang kehirup sambil jalan. jangan GOBLOK.;1,95126E+18;;enigmaticdaisy;in;;0;0;0;https://x.com/undefined/status/1951260099961573818;1,33744E+18;
1,95088E+18;Thu Jul 31 11:25:40 +0000 2025;4;mau cobain gule asap nya kiki gudeg mercon bu prih warung taburai nya praz dadar beredar nasi goreng nagih rojo sambel mie gacoan seblak... mau ke jakarta!!! mau kulineran aja!!!!;1,95088E+18;;;in;;0;1;0;https://x.com/undefined/status/1950880535863275701;86479169;
1,95052E+18;Wed Jul 30 11:49:35 +0000 2025;0;Pasca Kebakaran Asap Tebal dan Titik Api MasihSelimuti Taman Puring Tiga hari pasca kebakaran hebat yang melanda pasar Taman Puring Jakarta Selatan asap tebal masih menyelimuti area pasar.#kebakaran #pasartamanpuring #tamanpuring https://t.co/0jZ9Sm8YID;1,95052E+18;https://pbs.twimg.com/amplify_video_thumb/1950523365057572865/img/9pPUQXhr0O6IjHSZ.jpg;;in;;0;0;0;https://x.com/undefined/status/1950524169512440319;68930552;
1,9505E+18;Wed Jul 30 09:57:24 +0000 2025;2;Kebakaran yang melanda Pasar Taman Puring di Jakarta Selatan hingga Rabu (30/7) belum sepenuhnya padam. Asap tebal masih menyelimuti area pasar yang terletak di Jalan Gandaria Tengah Kebayoran Baru tersebut. Satu unit mobil pemadam kebakaran masih disiagakan di lokasi untuk https://t.co/BxVhicYPp6;1,9505E+18;https://pbs.twimg.com/amplify_video_thumb/1950494794008104960/img/0IV0MzqJurVkAOBG.jpg;;in;;0;0;0;https://x.com/undefined/status/1950495938994470983;57261519;
1,95044E+18;Wed Jul 30 06:31:12 +0000 2025;0;Kebakaran Pasar Taman Puring di Kebayoran Baru Jakarta Selatan masih belum padam hingga hari ketiga sejak insiden pada Senin (28/7/2025). Garis polisi masih terpasang namun sejumlah pedagang tetap nekat masuk lokasi untuk mencari sisa dagangan. Asap putih tampak masih https://t.co/LpsR5b5Vqa;1,95044E+18;https://pbs.twimg.com/media/GxFefupbUAIT_Su.jpg;;in;;0;0;0;https://x.com/undefined/status/1950444043735044425;55507370;
